description_short,n_high_opportunities,total_partner_import_v,avg_market_penetration
Vehicles: compression-ignition internal combustion piston en,333,210433373.833,0.0
"Nonwovens: whether or not impregnated, coated, covered or la",299,13900172.28,0.0
"Iron or non-alloy steel: in coils, without patterns in relie",252,39697269.614,0.0
Vehicles: spark-ignition internal combustion reciprocating p,251,527709269.454,0.0
"Iron or non-alloy steel: flat-rolled, width 600mm or more, p",245,23018034.599,0.0
"Yarn, synthetic: filament, monofilament (less than 67 decite",232,9906193.024,0.0
"Trousers, bib and brace overalls, breeches and shorts: men's",218,34806914.874,0.0
Paper and paperboard: coated with kaolin or other inorganic ,209,11786171.753,0.0
"Steel, stainless: flat-rolled, width 600mm or more, hot-roll",199,13419677.645,0.0
Oil-cake and other solid residues: whether or not ground or ,196,43688843.153,0.0
"Trousers, bib and brace overalls, breeches and shorts: women",194,38338338.601,0.0
"Uncoated paper and paperboard (not 4801 or 4803): printing, ",189,11989203.681,0.0
"Electrical transformers: liquid dielectric, having a power h",189,11622278.857,0.0
"Plastics: plates, sheets, film, foil and strip (not self-adh",179,26843319.909,0.0
Electric generating sets: with compression-ignition internal,174,9886191.31,0.0
"Rubber: vulcanised (other than hard rubber), tubing, piping ",173,7765931.328,0.0
"Amino-acids, other than those containing more than one kind ",171,8345977.123,0.0
"Tools, interchangeable: (for machine or hand tools, whether ",168,14586301.218,0.0
"Textile fabrics: impregnated, coated, covered or laminated w",165,10833362.481,0.0
"Plywood: as specified in Subheading Note 2 to this Chapter, ",157,11799542.716,0.0
"Anoraks (including ski-jackets), wind-cheaters, wind-jackets",157,26445143.703,0.0
Regulating or controlling instruments and apparatus: automat,155,30121861.051999997,0.0
"Air conditioning machines: containing a motor driven fan, ot",153,12804450.765999999,0.0
"Aluminium: plates, sheets and strip, thickness exceeding 0.2",152,34687332.501,0.0
Fork-lift and other works trucks: fitted with lifting or han,151,29129915.824,0.0
"Iron or non-alloy steel: bars and rods, hot-rolled, hot-draw",149,14036228.493,0.0
"Jerseys, pullovers, cardigans, waistcoats and similar articl",140,50925551.094,0.0
"Steel, stainless: flat-rolled, width 600mm or more, cold-rol",140,15336403.506000001,0.0
Iron or non-alloy steel: semi-finished products of iron or n,138,25925889.278,0.0
Vehicles: public transport type (carries 10 or more passenge,138,19118819.588,0.0
"Catalysts, supported: reaction initiators, reaction accelera",138,22505362.403,0.0
"Iron or non-alloy steel: in coils, flat-rolled, width 600mm ",135,13509515.67,0.0
"Tools: for working in the hand, with self-contained electric",132,18709902.403,0.0
"Sacks and bags: of a kind used for the packing of goods, of ",126,3890982.766,0.0
Motorcycles (including mopeds) and cycles: fitted with an au,126,13301168.282,0.0
Machines and apparatus of a kind used solely or principally ,126,88077230.055,0.0
Meat and edible offal: of fowls of the species Gallus domest,124,25808811.357,0.0
"Transformers: n.e.c. in item no. 8504.2, having a power hand",123,3804819.11,0.0
"Machine-tools: parts and accessories, for the machines of he",121,11134815.024,0.0
"Paper and paperboard: coated, impregnated or covered with pl",120,9652085.534,0.0
"Mechanical appliances: for projecting, dispersing or sprayin",118,9704686.439,0.0
"Iron or steel (excluding cast iron): tubes, pipes and hollow",118,8158230.3610000005,0.0
"Ethylene polymers: in primary forms, polyethylene having a s",117,50144931.1,0.0
"Iron or non-alloy steel: (not in coils), flat-rolled, of a w",117,20358000.741,0.0
"Refractory bricks, blocks, tiles and similar refractory cera",117,3718180.817,0.0
"Plastics: tubes, pipes and hoses thereof, rigid, of polymers",116,3865521.408,0.0
"Fabrics, woven: containing 85% or more by weight of textured",115,8262550.356,0.0
"Ceramic sinks, wash basins, wash basin pedestals, baths, bid",112,6675426.411,0.0
"Fabrics: knitted or crocheted fabrics, other than those of h",112,9530505.408,0.0
Apparatus based on the use of x-rays: including radiography ,111,10949102.164,0.0
Soap and organic surface-active products: in the form of bar,110,4617673.578,0.0
Iron or steel (excluding cast iron): line pipe of a kind use,110,6544733.291,0.0
Aeroplanes and other aircraft: of an unladen weight exceedin,109,135082264.13,0.0
Colouring matter: pigments and preparations based on titaniu,108,9851599.261,0.0
"Paints and varnishes: based on acrylic or vinyl polymers, di",108,7693074.013,0.0
"Iron or non-alloy steel: bars and rods, hot-rolled, in irreg",108,8049363.4,0.0
"Vegetable preparations: potatoes, prepared or preserved othe",107,14756164.07,0.0
"Food preparations: of flour, meal, starch, malt extract or m",106,16340198.487,0.0
"Elevators and conveyors: continuous-action, for goods or mat",105,10284557.513,0.0
"Washing and cleaning preparations: surface-active, whether o",105,20442821.9,0.0
Iron or steel (excluding cast iron or stainless steel): seam,104,13545344.316,0.0
"Plastics: plates, sheets, film, foil and strip, of polymers ",104,3770451.177,0.0
"Glass: float glass and surface ground or polished glass, in ",103,4302211.806,0.0
Vegetable oils: sunflower seed or safflower oil and their fr,101,16917175.838,0.0
Vehicles: bodies (including cabs) for the motor vehicles of ,101,11001211.341,0.0
Motorcycles (including mopeds) and cycles: fitted with auxil,101,10917816.207,0.0
"Copper: wire, of refined copper, of which the maximum cross-",101,23150095.192,0.0
"Iron or non-alloy steel: flat-rolled, hot-rolled, of a width",101,3105363.3479999998,0.0
"Boards, panels, consoles, desks and other bases: for electri",100,53257024.014,0.0
"Poultry: live, fowls of the species Gallus domesticus, weigh",99,3322783.359,0.0
Turbines: gas-turbines (excluding turbo-jets and turbo-prope,99,8819873.23,0.0
"Reception apparatus for television, whether or not incorpora",98,38917209.805999994,0.0
"Leather: further prepared after tanning or crusting, includi",98,4327609.757,0.0
"Printing, copying, and facsimile machines: single-function p",97,11672977.280000001,0.0
"Plastics: tubes, pipes and hoses thereof, other than those o",95,6344402.743,0.0
"Electric motors: AC motors, multi-phase, of an output exceed",94,17218411.406,0.0
"Paper & paperboard: uncoated, testliner (recycled linerboard",94,6642231.923,0.0
"Plastics: plates, sheets, film, foil, tape, strip, other fla",94,19274150.928,0.0
Communication apparatus (excluding telephone sets or base st,94,165820834.479,0.0
"Electric generators: AC generators, (alternators), of an out",93,5206375.407,0.0
Chocolate and other food preparations containing cocoa: in b,93,9702821.629,0.0
"Fabrics, woven: containing 85% or more by weight of cotton, ",93,2974171.399,0.0
"Carbon electrodes: with or without metal, of a kind used for",93,5214036.788,0.0
Perfumes and deodorizers: perfuming or deodorizing preparati,92,5788187.5540000005,0.0
"Vehicles: spark-ignition internal combustion piston engine, ",92,49929131.997,0.0
"Steel, alloy: flat-rolled, width 600mm or more, hot-rolled, ",92,10747242.434,0.0
"Wood pulp: chemical wood pulp, soda or sulphate, (other than",89,36507605.201,0.0
"Tea, black: (fermented) and partly fermented tea, in immedia",88,4696168.384000001,0.0
"Sports footwear: (other than ski-boots, snowboard boots or c",88,4742226.235,0.0
"Heterocyclic compounds: with nitrogen hetero-atom(s) only, c",86,8798104.935,0.0
"Frames and mountings: for spectacles, goggles or the like, o",85,6193339.1450000005,0.0
"Hydrometers and similar floating instruments, barometers, hy",85,3067613.508,0.0
Insulated electric conductors: for a voltage not exceeding 1,85,57905081.247,0.0
Aluminium: structures (excluding prefabricated buildings of ,85,13809547.327,0.0
Instruments and apparatus: for measuring or checking voltage,83,4872148.105,0.0
"Cases and containers: n.e.c. in heading 4202, with outer sur",82,20624133.389,0.0
"Garments: overcoats, raincoats, car-coats, capes, cloaks and",81,3395270.42,0.0
Engines: compression-ignition internal combustion piston eng,81,46091030.683,0.0
"Steel, alloy: flat-rolled, width 600mm or more, of silicon-e",81,6786147.426,0.0
Cases and containers: of a kind normally carried in the pock,81,6552211.892,0.0
"Cereals: rice, semi-milled or wholly milled, whether or not ",79,24850823.916,0.0
"Transmission apparatus for radio-broadcasting or television,",79,4751879.763,0.0
"Steel, alloy: flat-rolled, width 600mm or more, n.e.c. in he",79,11219001.206,0.0
Rubber: new pneumatic tyres having other than a herring-bone,79,10166208.888,0.0
"Dairy produce: milk and cream, not concentrated, not contain",79,9812895.549,0.0
Magnets: permanent magnets and articles intended to become p,78,7485775.076,0.0
"Blouses, shirts and shirt-blouses: women's or girls', of cot",78,5797031.725,0.0
"Heterocyclic compounds: with oxygen hetero-atom(s) only, con",78,5419348.937,0.0
Machinery: parts and accessories of the machines of heading ,77,108071547.471,0.0
"Crustacean preparations: shrimps and prawns, prepared or pre",76,5168934.329,0.0
"Blouses, shirts and shirt-blouses: women's or girls', of man",76,7058140.686,0.0
Petroleum gases and other gaseous hydrocarbons: in gaseous s,74,184436120.409,0.0
"Dairy produce: milk and cream, concentrated, not containing ",74,11418412.799,0.0
"Meat: of bovine animals, cuts with bone in (excluding carcas",74,8444628.603,0.0
"Fertilizers, mineral or chemical: nitrogenous, ammonium nitr",74,3654945.099,0.0
"Track suits and other garments n.e.c.: women's or girls', of",73,5260151.497,0.0
"Fertilizers, mineral or chemical: n.e.c. in heading no. 3105",73,2392063.982,0.0
Vaccines: for human medicine,73,61595945.408,0.0
"Iron or non-alloy steel: U sections, hot-rolled, hot-drawn o",72,1568213.365,0.0
Cases and containers: handbags (whether or not with shoulder,72,25813967.173,0.0
"Vinyl chloride, other halogenated olefin polymers: poly(viny",72,11465854.837,0.0
"Cements, mortars or concretes: their prepared additives",72,1718299.409,0.0
Vehicles: for transport of persons (other than those of head,71,313416691.652,0.0
"Herbicides, anti-sprouting products and plant-growth regulat",70,14971233.703,0.0
"Iron or steel, railway or tramway track construction materia",70,3095136.451,0.0
Wrist-watches: whether or not incorporating a stop-watch fac,70,18004897.005,0.0
"Wrist-watches: electrically operated, with or without a stop",70,8428888.792,0.0
"Meters: electricity supply or production meters, including c",70,4396678.878,0.0
"Iron or non-alloy steel: H sections, hot-rolled, hot-drawn o",69,5328460.719,0.0
Radio-broadcast receivers not capable of operating without a,69,6733065.949,0.0
"Mechanical shovels, excavators and shovel loaders: n.e.c. in",69,4985705.839,0.0
"Preparations with a basis of extracts, essences or concentra",68,2634083.164,0.0
"Electrical apparatus: transistors, (other than photosensitiv",68,34099145.267,0.0
Vegetable oils: low erucic acid rape or colza oil and its fr,67,13172793.596,0.0
Organo-sulphur compounds: methionine,67,2071879.7519999999,0.0
"Machinery: for filling, closing, sealing, capsuling or label",67,8813115.21,0.0
"Fertilizers, mineral or chemical: containing the three ferti",67,7940563.993,0.0
Rodenticides and other similar products n.e.c. in heading no,67,2238753.766,0.0
Vegetable preparations: vegetables and mixtures of vegetable,66,4918908.593,0.0
Finishing agents and dye carriers: to accelerate dyeing or f,66,3060661.59,0.0
Electrical energy,66,75744009.267,0.0
"Cereals: wheat and meslin, other than durum wheat, other tha",65,48551424.68,0.0
Anti-oxidising preparations and other compound stabilisers: ,65,3539353.697,0.0
"Fabrics, woven: of synthetic staple fibres, containing 85% o",65,1938329.202,0.0
"Machinery: industrial, for bakery and for the manufacture of",65,2673551.66,0.0
"Cranes: self-propelled derricks and cranes, on tyres, n.e.c.",65,3822244.943,0.0
"Cast iron: tubes, pipes and hollow profiles",64,1770145.5389999999,0.0
"Vinyl chloride, other halogenated olefin polymers: plasticis",64,1890039.161,0.0
Tableware and kitchenware: of porcelain or china,64,4279915.44,0.0
"Machines: for agglomerating, shaping or moulding solid miner",64,2221703.611,0.0
"Machines: for crushing or grinding earth, stone, ores or oth",64,4130588.356,0.0
Mastics: n.e.c. in heading no. 3214,64,2268764.276,0.0
"Boring or sinking machinery: self-propelled, n.e.c. in headi",64,3989055.427,0.0
Tanker trailers and tanker semi-trailers,64,1460902.537,0.0
"Iron or non-alloy steel (excluding cast iron): seamless, (ex",63,3861799.209,0.0
"Pumps: centrifugal, n.e.c. in heading no. 8413, for liquids",63,15260901.058,0.0
"Footwear: n.e.c. in heading no. 6403, (not covering the ankl",63,19425056.297,0.0
Fungicides: other than containing goods specified in Subhead,63,9647226.175999999,0.0
"Engines: reciprocating piston engines, of a kind used for th",63,41711756.762,0.0
Base stations,63,4066598.458,0.0
"Iron or non-alloy steel: wire, plated or coated with zinc",63,2098180.4329999997,0.0
"Chassis: fitted with engines, for the motor vehicles of head",63,3312886.9790000003,0.0
Distilling or rectifying plant: not used for domestic purpos,62,1546846.825,0.0
Malt: not roasted,62,4922899.381,0.0
"Machines, for sorting, screening, separating, washing, crush",62,8702168.331,0.0
"Machine-tools: bending, folding, straightening or flattening",62,2627842.201,0.0
Yeasts: active,62,1700358.0,0.0
"Ink: for printing, other than black, whether or not concentr",62,4983588.656,0.0
Asphalt or similar material: articles (e.g. petroleum bitume,62,1402876.678,0.0
Anti-freezing preparations and prepared de-icing fluids,62,1364256.549,0.0
Sewing machines: not household or automatic unit type,61,1448071.717,0.0
"Perfumery, cosmetic or toilet preparations: personal deodora",61,3843451.986,0.0
Vaccines: for veterinary medicine,61,4883058.914,0.0
"Iron or non-alloy steel: flat-rolled, width less than 600mm,",61,2489321.068,0.0
"Fertilizers, mineral or chemical: potassic, n.e.c. in headin",61,1483075.245,0.0
Fibres: artificial filament tow,61,3197172.377,0.0
"Iron or steel: structures and parts thereof, towers and latt",61,4251215.565,0.0
Fabrics: warp knit (including those made on galloon knitting,61,1589853.239,0.0
"Particle board of wood, whether or not agglomerated with res",61,5826255.591,0.0
"Freezers: of the chest type, not exceeding 800l capacity",61,1558593.302,0.0
"Adhesives: prepared, based on polymers of heading 3901 to 39",61,7667955.78,0.0
"Electrical apparatus: isolating and make-and-break switches,",61,2369142.031,0.0
Oral or dental hygiene preparations: dentifrices,61,4176578.635,0.0
Glassware of a kind used for table or kitchen purposes (not ,61,2027342.685,0.0
"Nitrogen-function compounds: n.e.c. in chapter 29, isocyanat",61,5480340.317,0.0
"Wadding: other articles thereof, of man-made fibres",61,1524161.988,0.0
Medicaments: containing insulin (but not containing antibiot,61,8468989.934,0.0
"Paper and paperboard: multi-ply, coated with kaolin or other",61,9171220.827,0.0
Phenolic resins: in primary forms,61,2150198.444,0.0
"Organic surface-active agents: anionic (other than soap), wh",60,2935610.846,0.0
"Coal: (other than anthracite and bituminous), whether or not",60,63732562.056,0.0
"Aluminium: casks, drums, cans, boxes and the like for any ma",60,5729404.468,0.0
"Propylene, other olefin polymers: propylene copolymers in pr",60,13594703.958,0.0
"Meters: liquid supply or production meters, including calibr",60,1517253.1909999999,0.0
"Styrene polymers: expansible polystyrene, in primary forms",60,4064996.5,0.0
"Cement: portland, other than white, whether or not artificia",60,5257067.681,0.0
Disinfectants: other than containing goods specified in Subh,60,3095430.944,0.0
"Iron or steel: structures and parts thereof, bridges and bri",60,1601637.348,0.0
Razors,60,2330546.37,0.0
Lifts and skip hoists,60,6150567.507,0.0
"Plastics: polymers of vinyl chloride, containing by weight n",60,2443319.901,0.0
"Aluminium: alloys, hollow profiles",60,5925101.511,0.0
Cellulose ethers: (other than carboxymethylcellulose and its,60,2905383.45,0.0
"Rubber: new pneumatic tyres, of a kind used on motorcycles",60,1911167.901,0.0
"Petroleum gases and other gaseous hydrocarbons: liquefied, n",60,45663353.805,0.0
"Machine-tools: presses for working metal or metal carbides, ",60,3783253.418,0.0
Boilers: parts of steam or other vapour generating boilers,60,2448925.778,0.0
Paints and varnishes: based on polymers n.e.c. in heading no,60,7911571.75,0.0
"Fuses and detonators: safety or detonating fuses, percussion",60,1992235.597,0.0
"Vessels: light, fire-floats, floating cranes and other vesse",60,10270249.474,0.0
"Unused postage, revenue or similar stamps of current or new ",60,2390214.824,0.0
"Iron or non-alloy steel: I sections, hot-rolled, hot-drawn o",60,2877086.968,0.0
"Sanitary towels (pads) and tampons, napkins and napkin liner",60,14485951.964,0.0
Boring and sinking machinery: not self-propelled,59,2451135.666,0.0
"Blood, human or animal, antisera, other blood fractions and ",59,212151614.065,0.0
"Kraft paper and paperboard: kraftliner, uncoated, bleached, ",59,1856798.676,0.0
"Electric accumulators: lead-acid, of a kind used for startin",59,10906979.331,0.0
Fish preparations: fish minced or in forms n.e.c. in heading,59,2384175.054,0.0
Spray guns and similar appliances,59,1988835.124,0.0
Office machines: not elsewhere classified,59,4042273.571,0.0
"Tractors: road, for semi-trailers",59,49655252.708,0.0
Margarine: excluding liquid margarine,59,1612786.5389999999,0.0
"Paper and paperboard: self-adhesive, in rolls or sheets, oth",59,4681111.042,0.0
"Medicaments: containing vitamins or their derivatives, for t",59,4060960.12,0.0
Machinery: used in the industrial preparation or manufacture,59,2691831.024,0.0
Tobacco: other than homogenised or reconstituted or smoking,59,1982810.372,0.0
"Polyesters: n.e.c. in heading no. 3907, unsaturated, in prim",59,2836552.734,0.0
Poly(vinyl alcohol): whether or not containing unhydrolysed ,59,1517898.084,0.0
"Sailboats: with or without auxiliary motor, for pleasure or ",59,2730924.9159999997,0.0
"Rubber: new pneumatic tyres, of a kind used on buses or lorr",58,25886038.732,0.0
Ferro-alloys: ferro-silico-manganese,58,3346221.316,0.0
Solvents and thinners: organic composite solvents and thinne,58,1996973.661,0.0
"Plastics: polymers of vinyl chloride, containing by weight, ",58,3216190.861,0.0
"Paints and varnishes: based on polyesters, dispersed or diss",58,2584256.334,0.0
"Paper and paperboard: uncoated, weight 150g/m2 or less, in r",58,1538434.42,0.0
"Furnaces and ovens: including incinerators, non-electric, fo",58,1750572.405,0.0
"Steel: sinks and wash basins, of stainless steel",58,1382442.484,0.0
"Motorboats: (other than outboard motorboats), for pleasure o",58,14661694.14,0.0
Electric generating sets: (excluding those with spark-igniti,58,4150479.897,0.0
Insecticides: other than containing goods specified in Subhe,58,10069392.586000001,0.0
"Plastics: of polymers of propylene, plates, sheets, film, fo",58,8919343.877,0.0
Plastics: artificial guts (sausage casings) of hardened prot,58,2023543.454,0.0
"Photographic plates and film: in the flat, sensitised, unexp",58,2427592.7800000003,0.0
"Harrows: (excluding disc), scarifiers, cultivators, weeders ",58,1667441.286,0.0
"Machine-tools: for working wood, cork, bone, hard rubber, ha",58,1992860.882,0.0
Reagents: diagnostic or laboratory reagents on a backing and,58,39426455.577,0.0
"Plastics: plates, sheets, film, foil and strip, of polyureth",58,4600059.218,0.0
Whiskies,58,13415183.543,0.0
"Refractory cements, mortars, concretes and similar compositi",58,2609548.92,0.0
Refrigerating or freezing equipment: n.e.c. in heading no. 8,58,11714129.744,0.0
"Medicaments: containing penicillins, streptomycins or their ",58,4100705.635,0.0
"Alcohols: saturated monohydric, propan-1-ol (propyl alcohol)",58,1492216.442,0.0
"Amino-resins: n.e.c. in heading no. 3909, in primary forms",57,7879931.075,0.0
"Plastics: bidets, lavatory pans, flushing cisterns and simil",57,1848026.276,0.0
"Vinyl chloride polymers: monofilament, of which any cross-se",57,3684709.241,0.0
"Fabrics, woven: containing 85% or more by weight of filament",57,1573102.068,0.0
"Electric accumulators: other than lead-acid, nickel-cadmium,",57,1664300.432,0.0
"Fabrics, woven: of polyester staple fibres n.e.c. in chapter",57,1674217.3460000001,0.0
"Machinery: injection-moulding machines, for working rubber o",57,6045792.047,0.0
"Iron or steel: structures and parts thereof, props and simil",57,5337322.979,0.0
Heterocyclic compounds: containing an unfused triazine ring ,57,2512680.339,0.0
"Dryers: for products n.e.c. in heading no. 8419, not used fo",57,2453943.774,0.0
"Vegetable oils: coconut (copra) oil and its fractions, other",57,1734578.573,0.0
"Tools: knives and cutting blades, for machines or mechanical",57,1494340.912,0.0
"Machinery: industrial, for the preparation of meat or poultr",57,2500437.117,0.0
"Vehicles: dumpers, designed for off-highway use, for transpo",57,12716303.219999999,0.0
"Tools, interchangeable: rock drilling or earth boring tools,",57,2205826.5409999997,0.0
Ceramic flags and paving: unglazed,57,13380083.518,0.0
Furnaces and ovens: parts of non-electric furnaces and ovens,57,2336822.678,0.0
"Dairy produce: cheese, processed (not grated or powdered)",57,3607589.7630000003,0.0
"Medium density fibreboard (MDF), of a thickness exceeding 5 ",57,1495341.359,0.0
Soap: in forms n.e.c. in item no. 3401.11,57,1617812.946,0.0
Electro-mechanical domestic appliances: food grinders and mi,57,4936757.029,0.0
"Dog or cat food: put up for retail sale, used in animal feed",56,21273962.431,0.0
"Polyesters: n.e.c. in heading no. 3907, saturated, in primar",56,9660600.839,0.0
Insulated electric conductors: optical fibre cables,56,8484725.057,0.0
"Vessels: n.e.c. in heading no. 8901, for the transport of go",56,46260901.608,0.0
"Electrical apparatus: photosensitive, including photovoltaic",56,88994141.093,0.0
Electric generating sets: with spark-ignition internal combu,56,4586061.862,0.0
"Sulphur of all kinds: other than sublimed, precipitated and ",56,6277991.362,0.0
"Cereals: maize (corn), seed",56,3960478.35,0.0
"Stoppers: caps and lids, of base metal",56,7718569.084,0.0
Gasket sets or assortments of gaskets and similar joints: di,56,1939345.91,0.0
"Tobacco: smoking, other than water pipe tobacco, whether or ",56,4471811.526,0.0
"Machines: cutting, of all kinds, for making up paper pulp, p",56,1601554.072,0.0
"Rubber: vulcanised, conveyor belts or belting, reinforced on",56,1631594.514,0.0
"Machines: for sorting, screening, separating or washing eart",56,2752372.458,0.0
"Chain: articulated link, roller, of iron or steel",56,2012001.781,0.0
"Iron or steel: tube or pipe fittings, flanges, other than st",56,2405071.8619999997,0.0
Cigarettes: containing tobacco,56,18583341.976,0.0
"Iron or steel: tube or pipe fittings, butt welding fittings,",56,1647487.002,0.0
"Medicaments: containing corticosteroid hormones, their deriv",56,10518827.439,0.0
Vodka,56,2239043.807,0.0
Vehicles: crane lorries,56,4894017.877,0.0
"Wood: sawn or chipped lengthwise, sliced or peeled, whether ",56,2778254.494,0.0
"Semiconductor media: smart cards, whether or not recorded, e",56,5699462.789,0.0
Fabrics: knitted or crocheted fabrics of a width exceeding 3,56,6676197.041,0.0
Pharmaceutical goods: dental cements and other dental fillin,56,3017019.075,0.0
"Wood, coniferous: sawn or chipped lengthwise, sliced or peel",56,26325721.684,0.0
"Machinery: extruders, for working rubber or plastics or for ",55,3581814.915,0.0
"Iron or steel: structures and parts thereof, n.e.c. in headi",55,37968753.795,0.0
"Printing machinery: used for printing by means of plates, cy",55,1504991.429,0.0
"Hoods: ventilating or recycling hoods incorporating a fan, w",55,1945329.275,0.0
"Acids: carboxylic acids, (with alcohol function but without ",55,2248224.259,0.0
"Lamps and light fittings: electric, n.e.c. in heading no. 94",55,15729799.842,0.0
Iron or non-alloy steel (excluding cast iron): tubes and pip,55,7182005.291999999,0.0
Graders and levellers,55,2656490.994,0.0
"Plastics: of acrylic polymers, polymethyl methacrylate, plat",55,2071804.711,0.0
"Machinery: for agricultural, horticultural or forestry use a",55,3590284.6489999997,0.0
Gin and geneva,55,1624891.105,0.0
"Machinery: n.e.c. in heading no. 8441, for making up paper p",55,1633638.766,0.0
Furniture incorporating refrigerating or freezing equipment:,55,5459771.619,0.0
"Freezers: of the upright type, not exceeding 900l capacity",55,1934464.269,0.0
Welding machines and apparatus: for arc (including plasma ar,55,1765420.598,0.0
"Oxidation and gum inhibitors, viscosity improvers, anti-corr",55,2710304.723,0.0
"Fertilizers, mineral or chemical: ammonium nitrate with calc",55,2721826.832,0.0
"Fans: table, floor, wall, window, ceiling or roof fans, with",55,4881431.683,0.0
Esters: other than thiophosphoric esters (phosphorothioates),55,1607198.615,0.0
Video recording or reproducing apparatus: other than magneti,55,2842951.937,0.0
Balls: inflatable,55,1421135.754,0.0
"Aluminium: (not alloyed), bars, rods and profiles",55,1407093.228,0.0
"Refrigerators: for household use, compression-type, electric",55,3563833.454,0.0
Vegetable fats and oils and their fractions: partly or wholl,55,3914185.067,0.0
Sulphuric acid: oleum,55,2172845.218,0.0
Sauces: tomato ketchup and other tomato sauces,55,2094708.928,0.0
Tugs and pusher craft,55,3951611.1819999996,0.0
"Slag wool, rock wool and similar mineral wools (including in",55,2956956.209,0.0
"Steel, stainless: tubes, pipes and hollow profiles, welded, ",55,4108276.041,0.0
"Sugars: sucrose, chemically pure, in solid form, not contain",55,11988071.323,0.0
"Vehicles: break-down lorries, road-sweepers, spraying lorrie",55,7695429.835,0.0
"Steel, alloy: bars and rods, hot-rolled, hot-drawn or extrud",55,7470425.811,0.0
"Rubber: vulcanised, conveyor or transmission belts or beltin",55,1670459.472,0.0
"Seats: swivel with variable height adjustment, excluding med",54,4898048.423,0.0
Trailers and semi-trailers: n.e.c. in item no. 8716.3,54,1840632.2249999999,0.0
"Copper: tube or pipe fittings (e.g. couplings, elbows, sleev",54,4690160.084,0.0
"Alcohols: polyhydric, glycerol",54,1889954.794,0.0
"Reservoirs, tanks, vats and similar containers: for any mate",54,4045397.032,0.0
Glass fibres: n.e.c. in heading no. 7019,54,4394892.513,0.0
"Magnesia, fused or dead-burned (sintered): whether or not co",54,2266564.774,0.0
"Granite: articles thereof, (other than simply cut or sawn, w",54,2971203.5640000002,0.0
"Plastics: monofilament, of plastics n.e.c. in heading no. 39",54,2548365.292,0.0
Medicaments: containing alkaloids or their derivatives (but ,54,4739259.085,0.0
Buildings: prefabricated,54,9733667.519,0.0
Cash registers,54,4566317.058,0.0
"Fertilizers, mineral or chemical: nitrogenous, ammonium sulp",54,3618323.069,0.0
Smoothing irons: electric,54,1847818.239,0.0
"Furniture: for medical, surgical, veterinary use (e.g. opera",54,4309281.567,0.0
"Aluminium: (not alloyed), wire, maximum cross-sectional dime",54,3891498.427,0.0
"Vehicles: for transport of goods, n.e.c. in heading no. 8704",54,7685864.529,0.0
"Cosmetic and toilet preparations: powders, whether or not co",54,2473171.147,0.0
Iron: articles of non-malleable cast iron,54,2349375.287,0.0
"Styrene polymers: (other than expansible polystyrene), in pr",54,4225275.467,0.0
"Iron or non-alloy steel (excluding cast iron): seamless, col",54,1852188.698,0.0
Cranes and derricks: designed for mounting on road vehicles,54,2797265.892,0.0
"Fabrics, woven: from high tenacity yarn, of nylon, other pol",54,1460811.285,0.0
"Millstones, grindstones, grinding wheels and the like: of ot",54,2667226.319,0.0
"Vacuum cleaners, with self-contained electric motor, n.e.c. ",54,1545309.824,0.0
"Seats: with metal frames, upholstered, (excluding medical, s",54,7101175.925,0.0
"Fabrics, woven: containing 85% or more by weight of non-text",54,3317066.082,0.0
"Cereals: rice, broken",54,2759398.213,0.0
"Cereals: maize (corn), other than seed",54,49090763.142,0.0
Polyurethanes: in primary forms,54,6924305.844,0.0
Tobacco: homogenised or reconstituted,54,5728877.543,0.0
Tobacco: partly or wholly stemmed or stripped,54,9753142.194,0.0
"Iron or steel: stranded wire, ropes and cables, not electric",54,6925423.496,0.0
"Polyethers: in primary forms, excluding polyacetals",54,12236519.42,0.0
"Fabrics: pile fabrics (excluding long pile and loop pile), o",54,3407774.525,0.0
"Games: operated by coins, banknotes, bank cards, tokens or b",54,3995878.005,0.0
Combine harvester-threshers,54,6170311.748,0.0
"Cycles: parts thereof, brakes, including coaster braking hub",54,1550844.5860000001,0.0
Machinery: for packing or wrapping,53,8258427.193,0.0
Cosmetic and toilet preparations: manicure or pedicure prepa,53,1337223.739,0.0
Pharmaceutical goods: chemical contraceptive preparations ba,53,3245359.228,0.0
"Paper and paperboard: uncoated, fluting paper other than sem",53,4404729.7700000005,0.0
"Cells and batteries: primary, manganese dioxide",53,3520199.7690000003,0.0
"Tools: for working in the hand, (other than chain saws), hyd",53,1995869.536,0.0
Telephones for cellular networks or for other wireless netwo,53,281962811.76100004,0.0
"Cement, concrete or artificial stone: tiles, flagstones and ",53,1469932.218,0.0
"Furnaces and ovens: electric, for industrial or laboratory u",53,2053237.702,0.0
Mastics: painters' fillings,53,7002494.865,0.0
"Petroleum coke: (not calcined), obtained from bituminous min",53,10130872.359,0.0
"Medical, surgical instruments and appliances: magnetic reson",53,5866660.086,0.0
"Fertilizers, mineral or chemical: potassic, potassium chlori",53,22356280.004,0.0
"Zinc: unwrought, (not alloyed), containing by weight 99.99% ",53,9893728.059,0.0
"Printing, copying, and facsimile machines: machines which pe",53,17191104.996,0.0
"Iron or non-alloy steel: flat-rolled, width 600mm or more, e",53,2786480.895,0.0
"Acrylic polymers: (other than polymethyl methacrylate), in p",53,14977594.573,0.0
"Bituminous mixtures based on natural asphalt, on natural bit",53,1725405.513,0.0
"Dog or cat food: (not put up for retail sale), used in anima",53,15357471.82,0.0
Fire extinguishers: whether or not charged,53,1575531.528,0.0
"Fibres: artificial staple fibres, of viscose, not carded, co",53,2420464.693,0.0
Brushes: toothbrushes,53,2623685.838,0.0
"Glassware: drinking glasses (not stemware), other than of le",53,1854500.13,0.0
"Plastics: tubes, pipes and hoses thereof, rigid, of plastics",53,2121249.088,0.0
"Semiconductor media: other than smart cards, whether or not ",53,1492892.383,0.0
"Kraft paper and paperboard: uncoated, bleached, weight 150g/",53,1726241.297,0.0
"Dairy produce: buttermilk, curdled milk or cream, kephir, fe",53,2090392.067,0.0
"Lamps: portable, electric, designed to function by their own",53,2695880.144,0.0
Wood: coniferous (including unassembled strips and friezes f,53,2546554.4220000003,0.0
"Mechanical shovels, excavators and shovel loaders: with a 36",53,33440430.026,0.0
"Loudspeakers: single, mounted in their enclosures",53,4236680.769,0.0
"Vegetable preparations: tomatoes, (other than whole or in pi",52,4200493.8100000005,0.0
"Medium density fibreboard (MDF), of a thickness exceeding 9 ",52,4465593.155,0.0
"Mountings, fittings and similar articles: suitable for furni",52,7506704.178,0.0
"Marble, travertine and alabaster: articles thereof, (other t",52,2611219.722,0.0
Odoriferous substances and mixtures: used as raw materials i,52,7073972.029,0.0
"Swine: live, other than pure-bred breeding animals, weighing",52,4810010.706,0.0
"Meat: of swine, n.e.c. in item no. 0203.2, frozen",52,14286146.854,0.0
"Alcohols: acyclic, diols: propylene glycol (propane-1, 2-dio",52,1477211.175,0.0
Paints and varnishes: (based on polymers other than acrylic ,52,2737903.764,0.0
"Fibreboard (other than MDF) of a density exceeding 0.8g/cm3,",52,2184708.812,0.0
"Tanks, casks, drums, boxes and similar containers for any ma",52,2153817.0439999998,0.0
"Machines: parts, of those for assembling electric or electro",52,2627935.692,0.0
"Vitamins: n.e.c. in item no. 2936.2, and their derivatives, ",52,1596304.815,0.0
Lubricating preparations: (other than for the treatment of t,52,4101357.937,0.0
Electrical insulators: other than of glass and ceramics,52,1445884.433,0.0
"Machinery and mechanical appliances: for public works, build",52,2903175.867,0.0
"Vehicles: specially designed for travelling on snow, golf ca",52,3147641.7970000003,0.0
"Iron or non-alloy steel: flat-rolled, width 600mm or more, (",52,23686589.317,0.0
"Birds' eggs, in shell: fresh, fertilised eggs for incubation",52,1992713.512,0.0
"Electrical apparatus: n.e.c. in heading no. 8535, for switch",52,3702508.613,0.0
Iron or steel: threaded self-tapping screws,52,3617816.921,0.0
"Briefs and panties: women's or girls', of cotton, knitted or",52,2625264.949,0.0
Poly(ethylene terephthalate): in primary forms,52,11321504.303000001,0.0
"Wood: n.e.c. in heading no. 4408, sheets for veneer or plywo",52,2887861.874,0.0
"Vessels: other, including lifeboats other than rowing boats,",52,4866269.996,0.0
"Dairy produce: natural milk constituents (excluding whey), w",52,1706976.7349999999,0.0
Liqueurs and cordials,52,3954765.355,0.0
Carbon: activated,52,2286941.209,0.0
"Machine-tools: sawing machines, for working wood, cork, bone",52,2004734.633,0.0
"Natural calcium phosphates, natural aluminium calcium phosph",52,1838731.807,0.0
"Machinery: parts of machinery for making up paper pulp, pape",52,1963248.909,0.0
Machinery: for making paper or paperboard,52,1477727.743,0.0
"Glass fibres: (including glass wool), rovings",52,1560961.362,0.0
"Plaster, or plaster compositions: boards, sheets, panels, ti",52,1460458.619,0.0
Turbines: parts of steam and other vapour turbines,51,2276273.745,0.0
"Medicaments: containing antibiotics (other than penicillins,",51,13120843.287,0.0
"Centrifuges: n.e.c. in heading no. 8421, including centrifug",51,2117086.213,0.0
Brassieres: whether or not knitted or crocheted,51,8277781.564,0.0
"Footwear: parts, uppers and parts thereof, other than stiffe",51,3583576.127,0.0
"Tools, hand: pliers (including cutting pliers), pincers, twe",51,1739314.954,0.0
"Iron or steel: sanitary ware and parts thereof, excluding si",51,1551047.027,0.0
"Meat preparations: of swine, meat or meat offal (including m",51,2613693.38,0.0
"Vegetable oils: palm oil and its fractions, other than crude",51,32003491.847,0.0
"Beverages, fermented: (e.g. cider, perry, mead)",51,1669218.6469999999,0.0
Machinery: parts of those machines used in the industrial pr,51,3752961.517,0.0
"Meters: parts and accessories of gas, liquid, electricity su",51,3062875.923,0.0
"Vacuum cleaners, with self-contained electric motor, of a po",51,13840997.168,0.0
"Vegetable oils: soya-bean oil and its fractions, other than ",51,2781334.976,0.0
"Floor, wall or ceiling coverings: of plastics (excluding pol",51,1332591.434,0.0
"Waxes: artificial and prepared, other than of polyethylene g",51,2915321.976,0.0
"Coke and semi-coke: of coal, lignite or peat, whether or not",51,11601748.374,0.0
"Fruit, edible: apples, fresh",51,6199052.934,0.0
"Glues or adhesives: prepared, products suitable for use as g",51,3144391.884,0.0
Helicopters: of an unladen weight not exceeding 2000kg,51,1924075.49,0.0
"Medical, surgical instruments and appliances: ultrasonic sca",51,5295167.482,0.0
Artificial parts of the body: excluding artificial joints,51,13764991.89,0.0
"Kraft paper and paperboard: kraftliner, uncoated, unbleached",51,4619685.012,0.0
Mechano-therapy appliances: massage apparatus and psychologi,51,6696042.824999999,0.0
"Kraft paper and paperboard: sack kraft paper, uncoated, unbl",51,2229793.764,0.0
"Tools, hand: hand-operated spanners and wrenches (including ",51,1545264.829,0.0
Harvesting machinery: n.e.c. in heading no. 8433,51,2633453.085,0.0
"Locks: (other than those for motor vehicles or furniture), (",51,4273773.07,0.0
Wheat or meslin flour,51,5564294.603,0.0
"Machinery, plant and laboratory equipment: parts of equipmen",51,7613948.98,0.0
"Loudspeakers: multiple, mounted in the same enclosure",51,8028037.321,0.0
"Tanks, casks, drums, cans, boxes and similar containers, for",51,1685027.841,0.0
"Machines: for making cartons, boxes, cases, tubes, drums or ",51,1805284.878,0.0
"Electric accumulators: lithium-ion, including separators, wh",51,124284814.025,0.0
"Surveying equipment: articles n.e.c. in heading no. 9015, in",51,4834363.914,0.0
"Electrical apparatus: parts (e.g. boards, panels, consoles, ",51,4073542.119,0.0
"Seats: with metal frames, not upholstered, (excluding medica",51,6020945.025,0.0
Starch: maize (corn) starch,51,1293246.681,0.0
Pens: felt tipped and other porous-tipped pens and markers,51,1890902.076,0.0
"Ovens, cookers, cooking plates, boiling rings, grillers and ",51,12962245.843,0.0
Enzymes and prepared enzymes: other than rennet and concentr,51,6478942.868,0.0
Rubber: tyres n.e.c. in heading no. 4012,51,1541725.816,0.0
"Dairy produce: cheese of all kinds, grated or powdered",51,3358691.676,0.0
"Aluminium: alloys, bars, rods and profiles, other than hollo",51,12141451.804,0.0
"Organic surface-active agents: non-ionic (other than soap), ",51,4786300.704,0.0
Oral or dental hygiene preparations: other than dentifrices,51,1734737.604,0.0
"Dairy produce: fresh cheese (including whey cheese), not fer",51,9202685.727,0.0
Silicon dioxide,51,3302718.883,0.0
"Aluminium: foil, (not backed), rolled (but not further worke",51,6384459.131,0.0
"Refrigerators and freezers: combined refrigerator-freezers, ",51,17203195.098,0.0
"Plastics: sacks and bags (including cones), for the conveyan",51,4424379.344,0.0
Ammunition: cartridges and parts thereof n.e.c. in heading n,51,2782166.973,0.0
"Electric accumulators: lead-acid, (other than for starting p",51,7133310.87,0.0
Protein: concentrates and textured protein substances,51,2350454.185,0.0
Edible mixtures or preparations of animal or vegetable fats ,51,4704070.689,0.0
"Nuts: ground-nuts, whether or not containing added sugar, ot",51,1562154.9679999999,0.0
"Amino-alcohol-phenols, amino-acid-phenols and other amino-co",51,3301586.614,0.0
"Valves: pressure reducing, for pipes, boiler shells, tanks, ",50,3239894.599,0.0
"Tobacco, (not stemmed or stripped)",50,1854223.385,0.0
"Fabrics, narrow woven fabrics, n.e.c. in heading no. 5806, o",50,1878059.367,0.0
"Tissue, towel, napkin stock or similar: for household or san",50,3626141.682,0.0
"Extracts, essences and concentrates: of coffee, and preparat",50,5716957.166,0.0
Prepared culture media for the development or maintenance of,50,3134093.246,0.0
Pens: ball point,50,2347290.634,0.0
Chandeliers and other electric ceiling or wall light fitting,50,14664908.929,0.0
"Machinery: parts of that machinery for agricultural, horticu",50,1825336.2719999999,0.0
Machinery: intake air filters for internal combustion engine,50,3731511.437,0.0
"Vinyl acetate, vinyl ester polymers, vinyl polymers: n.e.c. ",50,1543498.253,0.0
Units of automatic data processing machines: processing unit,50,90322205.167,0.0
Tractors: n.e.c. in heading no 8701 (other than tractors of ,50,28954559.745,0.0
Tractors: track-laying,50,2255312.857,0.0
Baby carriages and parts thereof,50,1929791.1379999998,0.0
Boring or sinking machinery: parts of the machinery of item ,50,9288460.029,0.0
Dextrins and other modified starches,50,4311725.582,0.0
Automatic data processing machines: presented in the form of,50,11849904.485,0.0
Ice cream and other edible ice: whether or not containing co,50,5161572.301,0.0
Helicopters: of an unladen weight exceeding 2000kg,50,6004743.477,0.0
"Plywood, veneered panels and similar laminated wood (other t",50,2211976.236,0.0
"Heaters: electric, instantaneous or storage water and immers",50,3464526.5439999998,0.0
"Plastics: tubes, pipes and hoses thereof, n.e.c. in item no.",50,4779629.804,0.0
"Hat-racks, hat-pegs, brackets and similar fixtures, of base ",50,2495377.5640000002,0.0
Acids: saturated acyclic monocarboxylic acids: vinyl acetate,50,2080010.243,0.0
"Electric motors: AC motors, single-phase",50,5305041.414,0.0
Turbo-jets: of a thrust exceeding 25kN,50,84783287.339,0.0
"Bicycles and other cycles: including delivery tricycles, not",50,8111891.761,0.0
"Cans: which are to be closed by soldering or crimping, for a",50,2618933.406,0.0
Acids: unsaturated acyclic monocarboxylic acids: esters of a,50,3194629.475,0.0
"Electrical transformers, static converters and inductors: pa",50,14150001.189,0.0
Carbonates: disodium carbonate,50,5611826.518,0.0
"Non-alcoholic beverages: n.e.c. in item no. 2202.10, not inc",50,9269092.47,0.0
"Footwear: n.e.c. in heading no. 6402, (other than just cover",50,19639603.075,0.0
"Copper: tubes and pipes, of refined copper",50,7080021.383,0.0
"Connectors for optical fibres, optical fibre bundles or cabl",50,2093229.564,0.0
"Oriented strand board (OSB) of wood, whether or not agglomer",50,3378339.873,0.0
Metal-rolling mills: parts thereof,50,2279897.9560000002,0.0
"Fruit, edible: bananas, other than plantains, fresh or dried",50,14418353.613,0.0
Organo-sulphur compounds: n.e.c. in heading no. 2930,50,5818999.873,0.0
"Spirits, liqueurs and other spirituous beverages: n.e.c. in ",50,9487157.672,0.0
"Vitamins: vitamin E and its derivatives, unmixed",50,2097624.933,0.0
Air conditioning machines: comprising a motor-driven fan and,50,15741520.292,0.0
"Vegetables: potatoes (other than seed), fresh or chilled",50,4888464.096,0.0
"Tanks and other armoured fighting vehicles: motorised, wheth",50,14465598.646000002,0.0
"Nuts, edible: walnuts, fresh or dried, shelled",50,1403812.043,0.0
"Footwear: parts, outer soles and heels, of rubber or plastic",50,1716453.909,0.0
"Vegetables, alliaceous: onions and shallots, fresh or chille",50,4311191.856,0.0
"Cloths: floor cloths, dish-cloths, dusters and similar clean",50,2155045.93,0.0
"Wood: oak (Quercus spp.), sawn or chipped lengthwise, sliced",49,2015050.017,0.0
Metal-rolling mills: rolls thereof,49,2029045.935,0.0
"Engines: for marine propulsion, compression-ignition interna",49,3835382.431,0.0
"Vegetables, leguminous: kidney beans, including white pea be",49,2126994.504,0.0
Hair preparations: shampoos,49,5071371.007,0.0
"Bran, sharps and other residues: of wheat, whether or not in",49,1982652.436,0.0
"Iron or steel: table, kitchen and other household articles a",49,3294213.4450000003,0.0
Machinery: for filtering or purifying water,49,8657118.755,0.0
Breathing appliances and gas masks: excluding protective mas,49,1812558.801,0.0
Acids: aromatic polycarboxylic acids: n.e.c. in item no. 291,49,2339318.774,0.0
"Machinery, plant and laboratory equipment: for treating mate",49,9807247.584,0.0
"Steel, stainless: flat-rolled, width less than 600mm, cold-r",49,4348494.077,0.0
"Polyamides: polyamide-6, -11, -12, -6,6, -6,9, -6,10 or -6,1",49,10899527.655,0.0
Oils and other products of the distillation of high temperat,49,11472452.674,0.0
"Balers: straw or fodder balers, including pick-up balers",49,1495746.989,0.0
Front-end shovel loaders,49,16443028.602,0.0
Rubber: new pneumatic tyres having a herring-bone or similar,49,3548727.59,0.0
"Dairy produce: cheese (not grated, powdered or processed), n",49,21503941.305999998,0.0
Tamping machines and road rollers: self-propelled,49,2828818.815,0.0
"Propylene, other olefin polymers: polypropylene in primary f",49,19967166.699,0.0
"Valves: safety or relief valves, for pipes, boiler shells, t",49,3913872.029,0.0
"Iron or steel: structures and parts thereof, doors, windows ",49,3544010.972,0.0
"Dressings, adhesive: and other articles having an adhesive l",49,4945601.797,0.0
"Fertilizers, mineral or chemical: diammonium hydrogenorthoph",49,8983106.847000001,0.0
"Floor, wall or ceiling coverings: of polymers of vinyl chlor",49,9823283.160999998,0.0
"Paraffin wax: containing by weight 0.75% or more of oil, obt",49,1820774.708,0.0
"Paraffin wax: containing by weight less than 0.75% of oil, o",49,1694152.432,0.0
"Therapeutic respiration apparatus: ozone, oxygen, aerosol th",49,11000298.956,0.0
"Furnaces, ovens and heating equipment: parts of the industri",49,1630107.533,0.0
"Seeds: vegetable seeds, of a kind used for sowing",49,3885558.6629999997,0.0
"Machines: parts of converters, ladles, ingot moulds and cast",49,1527730.611,0.0
"Acids: carboxylic acids, with additional oxygen function (no",49,1686294.7740000002,0.0
"Leather articles: n.e.c. in chapter 42, of leather or compos",49,2261211.1119999997,0.0
"Reaction initiators, reaction accelerators and catalytic pre",49,4511504.087,0.0
"Polysulphides, polysulphones and similar products of chemica",49,5157517.691,0.0
"Cocoa: powder, not containing added sugar or other sweetenin",49,3020631.885,0.0
"Polypeptide hormones, protein hormones and glycoprotein horm",49,24710870.233,0.0
Imines and their derivatives: salts thereof: other than chlo,49,1585940.703,0.0
"Acrylic polymers: poly(methyl methacrylate), in primary form",49,1549805.345,0.0
"Ether-alcohols and their halogenated, sulphonated, nitrated ",49,1865118.06,0.0
"Mixed alkylbenzenes and mixed alkylnaphthalenes, other than ",49,2747457.061,0.0
"Plastics: plates, sheets, film, foil and strip, other than c",48,14067422.124,0.0
"Valves: check (nonreturn) valves, for pipes, boiler shells, ",48,3204917.687,0.0
"Lamps and light fittings: parts thereof, of materials other ",48,3284562.833,0.0
"Vacuum flasks and other vacuum vessels, complete with cases:",48,4051407.1319999998,0.0
Pumps and liquid elevators: n.e.c. in heading no. 8413,48,3975151.7060000002,0.0
"Medicaments: containing hormones (but not insulin), adrenal ",48,37170662.085999995,0.0
Heat exchange units: not used for domestic purposes,48,12673308.331,0.0
Dish washing machines: of the household type,48,5088569.467,0.0
"Moulds: for rubber or plastics, other than injection or comp",48,2253094.994,0.0
"Mountings, fittings and similar articles: of base metal, sui",48,7074369.264,0.0
"Amino-alcohols, other than those containing more than one ki",48,2438753.787,0.0
"Iron or non-alloy steel: wire, (not plated or coated), wheth",48,2554833.374,0.0
"Flowers, foliage and fruit, artificial, and parts thereof: a",48,1844673.5,0.0
"Tubing: flexible, with or without fittings, of iron or steel",48,2197521.461,0.0
"Briefs and panties: women's or girls', of man-made fibres, k",48,3170864.406,0.0
Turbo-propellers: of a power exceeding 1100kW,48,2062729.0559999999,0.0
Polycarbonates: in primary forms,48,10032552.967,0.0
Heterocyclic compounds: containing an unfused thiazole ring ,48,2407591.957,0.0
Beer: made from malt,48,15413494.627999999,0.0
"Iron or steel: cast fittings, other than of non-malleable ca",48,2389285.393,0.0
Athletics and gymnastics equipment,48,8508156.637,0.0
"Rubber: synthetic, butadiene rubber (BR), in primary forms o",48,3351316.746,0.0
"Meat preparations: sausages and similar products, of meat, m",48,6550760.628,0.0
"Medical, surgical or dental instruments and appliances: n.e.",48,58113554.419,0.0
Rum and other spirits obtained by distilling fermented sugar,48,1667278.168,0.0
"Containers for compressed or liquefied gas, of iron or steel",48,3733906.478,0.0
"Steel, stainless: bars and rods, cold-formed or cold-finishe",48,4016645.514,0.0
"Ethylene polymers: in primary forms, n.e.c. in heading no. 3",48,23624439.724,0.0
Hair-dressing apparatus: electro-thermic hair dryers,48,2375370.023,0.0
"Cruise ships, excursion boats and similar vessels, principal",48,13192971.21,0.0
"Pigments: of a kind used in the manufacture of paints, other",48,1301421.787,0.0
Machines and appliances: instruments or apparatus of chapter,48,3103285.593,0.0
"Cases and containers: trunks, suit-cases, vanity-cases, exec",48,9755818.432,0.0
"Cranes: transporter, gantry and bridge cranes",48,2073666.2280000001,0.0
Trailers and semi-trailers: (other than tanker type),48,14106054.688000001,0.0
Compressors: of a kind used in refrigerating equipment,48,15081707.326,0.0
"Rubber: technically specified natural rubber (TSNR), in prim",48,9707494.227,0.0
Glass: multiple-walled insulating units of glass,48,2255897.909,0.0
"Seeders, planters and transplanters",48,2318362.699,0.0
Textile products and articles for technical uses: n.e.c. in ,48,2752956.718,0.0
"Paper, paperboard, cellulose wadding and webs of soft cellul",48,4325488.639,0.0
"Locks: parts of padlocks, locks, clasps and frames with clas",48,3173614.0549999997,0.0
Machining centres: for working metal,48,9121065.127,0.0
"Plastics: of polymers of styrene, plates, sheets, film, foil",48,2087096.839,0.0
Carbon: carbon blacks and other forms of carbon n.e.c.,48,6553237.504,0.0
"Chemical products, preparations and residual products of the",48,38807495.145,0.0
Petroleum bitumen: obtained from bituminous minerals,48,13511102.491,0.0
"Glues and other adhesives: prepared, n.e.c. in heading no. 3",48,1651921.663,0.0
"Trailers, semi-trailers and other vehicles not mechanically ",48,11577412.231,0.0
"Electro-thermic appliances: n.e.c. in heading no. 8516, used",48,7415251.966,0.0
"Signalling apparatus: parts of the electric, sound or visual",47,3772771.26,0.0
"Mechanical appliances: parts of machines projecting, dispers",47,5943771.801,0.0
"Machines and mechanical appliances: for treating metal, incl",47,2275747.612,0.0
"Steel, stainless: wire",47,2548492.897,0.0
"Washing machines: household or laundry-type, fully-automatic",47,6921559.908,0.0
"Mountings, fittings and similar articles: suitable for other",47,3962935.425,0.0
Machinery: parts for filtering or purifying liquids or gases,47,14650288.226,0.0
Mowers: n.e.c. in item no. 8433.1 (including cutter bars for,47,1647660.236,0.0
Pumps: parts thereof,47,12446861.444,0.0
Peptones and their derivatives: other protein substances and,47,4446685.706,0.0
"Razors: safety razor blades, including razor blade blanks in",47,1640891.521,0.0
Pharmaceutical goods: appliances identifiable for ostomy use,47,2187761.177,0.0
Seals: mechanical,47,2802919.757,0.0
"Wrist-watches: (not electrically operated), automatic windin",47,11222651.318,0.0
"Lifting, handling, loading or unloading machinery: n.e.c. in",47,14372649.3,0.0
"Rubber: synthetic, styrene-butadiene rubber (SBR) and carbox",47,5808063.742,0.0
Plastics: office or school supplies,47,1907709.432,0.0
Surveying equipment: parts and accessories for articles of h,47,2473364.136,0.0
"Optical fibres, optical fibre bundles and cables: excluding ",47,2435734.106,0.0
Sulphates: n.e.c. in item no. 2833.2,47,2014621.352,0.0
"Trailers and semi-trailers: of the caravan type, for housing",47,2495698.199,0.0
"Jackets and blazers: women's or girls', of cotton (not knitt",47,1360267.687,0.0
"Plastics: builders' ware, n.e.c. or included in heading no. ",47,6484840.486,0.0
"Machinery, plant and equipment: for making hot drinks, for c",47,4864854.225,0.0
"Plastics n.e.c. in heading no. 3915: waste, parings and scra",47,1210019.083,0.0
"Wadding, gauze, bandages and similar articles: (excluding ad",47,4258115.64,0.0
"Rubber: vulcanised (other than hard rubber), gloves, mittens",47,3239736.503,0.0
"Rubber: vulcanised (other than hard rubber), in plates, shee",47,1837742.108,0.0
"Styrene polymers: in primary forms, n.e.c. in heading no. 39",47,3947464.921,0.0
Machinery: for working rubber or plastics or for the manufac,47,6342090.765000001,0.0
"Steel, stainless: table, kitchen and other household article",47,6591573.325,0.0
Odoriferous substances and mixtures: of a kind used in the f,47,14858773.833,0.0
"Washing machines: household or laundry-type, of a dry linen ",47,5061074.212,0.0
"Polymers, natural and modified natural: in primary forms (ex",47,3221706.5409999997,0.0
"Iron or steel: nails, tacks, drawing pins, corrugated nails,",47,2576083.796,0.0
Telephone sets n.e.c. in item no. 8517.1,47,2449407.759,0.0
"Abrasive powder or grain: natural or artificial, on a base o",47,1967067.6860000002,0.0
"Brooms, brushes, mops, feather dusters, squeegees, hand oper",47,3162151.497,0.0
Air conditioning machines: with motor driven fan and element,47,26378365.307,0.0
Antibiotics: n.e.c. in heading no. 2941,47,5722458.967,0.0
"Fruit, edible: pears, fresh",47,2496849.198,0.0
"Electrical machines and apparatus: for electroplating, elect",47,1745015.965,0.0
"Alcohols: acyclic, diols, other than ethylene glycol (ethand",47,2339699.388,0.0
"Ferro-alloys: ferro-silicon, containing by weight more than ",47,3785432.9529999997,0.0
"Footwear: parts, n.e.c. in heading 6406",47,3143295.034,0.0
Acids: saturated acyclic monocarboxylic acids: esters of ace,47,1928166.124,0.0
"Glass: safety glass, laminated, (not of a size and shape sui",47,1301995.071,0.0
Cranes: tower cranes,47,1716420.422,0.0
"Clothing: worn, and other worn articles",47,3920687.319,0.0
"Ceramic tableware, kitchenware, other household articles and",47,1596363.092,0.0
"Apparatus based on the use of x-rays, including radiography ",47,3570498.991,0.0
Hair clippers: with a self-contained electric motor,47,1929194.0929999999,0.0
"Aluminium: foil, backed with paper, paperboard, plastics or ",47,3649389.279,0.0
"Domestic appliances: non-electric, parts thereof, of iron or",47,1515160.761,0.0
Insulated electric conductors: for a voltage exceeding 1000 ,47,8461318.834,0.0
Aluminium oxide: other than artificial corundum,47,14017563.483,0.0
"Copper: bars, rods and profiles, of refined copper",47,2505117.734,0.0
"Gelatin (including gelatin in rectangular sheets, whether or",47,2574754.829,0.0
Clutches and shaft couplings (including universal joints),46,3508040.3,0.0
"Minerals: mixtures and articles of heat-insulating, sound-in",46,1793934.162,0.0
Clothing accessories: other than those of heading no. 6212 (,46,1116770.253,0.0
"Organo-inorganic compounds: other than tetramethyl lead, tet",46,7511672.972,0.0
"Dairy produce: derived from milk, butter",46,7682735.258,0.0
"Steel, stainless: cold-drawn or cold-rolled (cold-reduced), ",46,2916084.717,0.0
Plastics: statuettes and other ornamental articles,46,3112111.991,0.0
Colouring matter: other preparations n.e.c. in item no. 3206,46,2538553.7229999998,0.0
"Jacks and hoists: hydraulic, of a kind used for raising vehi",46,1612337.49,0.0
Welding machines and apparatus: for resistance welding of me,46,1545944.9070000001,0.0
Monophenols: phenol (hydroxybenzene) and its salts,46,2118375.375,0.0
"Nuts, edible: cashew nuts, fresh or dried, shelled",46,4171187.082,0.0
"Machinery: parts of machines handling earth, minerals or ore",46,26919406.369999997,0.0
"Albumins: milk albumin, including concentrates of two or mor",46,2287801.8880000003,0.0
"Engines: for aircraft, spark-ignition reciprocating or rotar",46,4366150.093,0.0
"Steel, alloy: wire, of materials other than silico-manganese",46,1900315.969,0.0
"Aluminium: foil, (not backed), of a thickness not exceeding ",46,3480580.847,0.0
"Refrigerating or freezing equipment: parts thereof, other th",46,6978789.223,0.0
"Medical, surgical instruments and appliances: catheters, can",46,33380939.025,0.0
"Aluminium: unwrought, (not alloyed)",46,36688783.937,0.0
Hair preparations: n.e.c. in heading no. 3305,46,6933557.765,0.0
Machine-tools: for working any material by removal of materi,46,5832431.522,0.0
"Tin: unwrought, not alloyed",46,5519405.381999999,0.0
"Steel, stainless: (excluding cold-drawn or cold-rolled), tub",46,1780567.359,0.0
"Resistors: electric heating, other than those of heading no.",46,4980721.071,0.0
"Signalling apparatus: electric, sound or visual, burglar or ",46,4223717.512,0.0
Newsprint: made of fibres by a chemi-mechanical process or o,46,3731179.341,0.0
"Lathes: for removing metal, horizontal, numerically controll",46,5669993.713,0.0
"Iron or steel: tube or pipe fittings, n.e.c. in item no. 730",46,4399783.718,0.0
Lamps: parts of the lamps of heading no. 8539,46,2144726.838,0.0
"Lamps, electric: floor-standing or for table, desk or bedsid",46,2768478.118,0.0
Telephone sets and other apparatus for the transmission or r,46,60459508.761,0.0
"Fertilizers, mineral or chemical: phosphatic, superphosphate",46,2209012.367,0.0
"Automatic data processing machines: portable, weighing not m",46,126781700.966,0.0
"Fertilizers, mineral or chemical: ammonium dihydrogenorthoph",46,6878310.589,0.0
Pharmaceutical goods: opacifying preparations for x-ray exam,46,3677318.244,0.0
"Polyamides: n.e.c. in heading no. 3908, in primary forms",46,3969288.463,0.0
"Furniture: metal, for office use",46,3013927.44,0.0
"Vegetable oils: soya-bean oil and its fractions, crude, whet",46,10354880.603,0.0
"Birds' eggs, in shell: fresh, not for incubation, of fowls o",46,3094520.807,0.0
Dyes: pigments and preparations based thereon,46,4236019.808,0.0
Undenatured ethyl alcohol: of an alcoholic strength by volum,46,9696779.741,0.0
Antibiotics: penicillins and their derivatives with a penici,46,2367168.8310000002,0.0
"Cocoa: paste, not defatted",46,3536492.658,0.0
"Pumps: for liquids, fitted or designed to be fitted with a m",46,1368276.599,0.0
"Printing machinery: offset, n.e.c. in item no. 8443.1",46,2478465.671,0.0
"Petroleum resins, coumarone, indene or coumarone-indene resi",46,1880859.68,0.0
Units of automatic data processing machines: storage units,46,48908403.323,0.0
"Paper and paperboard: registers, account books, note books, ",46,2267821.303,0.0
Soups and broths and preparations therefor,46,3092906.415,0.0
"Fruit, edible: mandarins (including tangerines and satsumas)",46,5384736.13,0.0
"Machines: for mixing, kneading, crushing, grinding, screenin",46,5673938.646,0.0
"Engines: rotary internal combustion piston engines, for othe",46,2982592.187,0.0
Drying machines: of a dry linen capacity not exceeding 10kg,46,3098465.148,0.0
Insulated electric conductors: co-axial cable and other co-a,46,5222521.996,0.0
"Pumps and compressors: for air, vacuum or gas, n.e.c. in hea",46,22535351.712,0.0
"Hosiery and footwear: without applied soles, of cotton, knit",46,5190013.465,0.0
"Cranes: self-propelled derricks and cranes, not on tyres, n.",46,3024966.461,0.0
Artificial parts of the body,46,13066056.754999999,0.0
"Fruit, edible: grapes, dried",46,1142365.734,0.0
"Hinges: suitable for furniture, doors, staircases, windows, ",46,4973015.323,0.0
"Furniture: wooden, for office use",46,2812901.402,0.0
"Electrical apparatus: relays, for a voltage exceeding 60 vol",46,4915824.898,0.0
"Seats: convertible into beds, other than garden seats or cam",46,1671253.7680000002,0.0
Iron or steel: threaded nuts,46,7208267.157,0.0
"Food preparations: pasta (excluding stuffed), cooked or othe",46,3960438.91,0.0
Electric motors and generators: parts suitable for use solel,45,22760651.362,0.0
"Footwear: with metal toe-cap, outer soles of rubber, plastic",45,2381214.366,0.0
Mechanical appliances: steam or sand blasting machines and s,45,2701510.231,0.0
Lubricating oil additives: containing petroleum oils or oils,45,10091298.248,0.0
"Meat: of bovine animals, boneless cuts, frozen",45,28312728.456,0.0
"Soya beans: other than seed, whether or not broken",45,94211161.311,0.0
"Meat: of sheep (including lamb), cuts with bone in (excludin",45,3118925.645,0.0
"Bearings: n.e.c. in heading no. 8482, including combined bal",45,1265893.679,0.0
"Shirts: men's or boys', of textile materials n.e.c. in headi",45,1302682.784,0.0
"Dresses: women's or girls', of cotton, knitted or crocheted",45,2290548.626,0.0
"Electrical apparatus: switches n.e.c. in heading no. 8536, f",45,19305325.614,0.0
Vehicles: n.e.c. in heading no. 8716,45,3295510.934,0.0
"Machinery and mechanical appliances: industrial robots, n.e.",45,6237075.484,0.0
"Tools: plates, sticks, tips and the like for tools, unmounte",45,6092687.071,0.0
"Dyes: n.e.c., including mixtures of colouring matter of two ",45,1557460.139,0.0
"Millstones, grindstones, grinding wheels and the like: of ag",45,1845642.375,0.0
Radar apparatus,45,7055410.563,0.0
"Furniture: wooden, for bedroom use",45,9797532.370000001,0.0
Blankets (other than electric blankets) and travelling rugs:,45,3028871.374,0.0
"Insulated electric conductors: winding wire, of copper",45,5763787.93,0.0
"Bulldozers and angledozers: self-propelled, track laying",45,4841315.63,0.0
Motorcycles (including mopeds) and cycles: n.e.c. in heading,45,11323005.493999999,0.0
Motorcycles (including mopeds): parts and accessories,45,9877192.264,0.0
"Fluorinated, brominated or iodinated derivatives of acyclic ",45,3841923.79,0.0
"Plastics: plates, sheets, film, foil and strip, of plastics ",45,5321033.865,0.0
"Glass: carboys, bottles, flasks, jars, pots, phials and othe",45,9835541.687,0.0
Projectors: other than of a kind solely or principally used ,45,4661495.663,0.0
"Electrical apparatus: fuses, for a voltage not exceeding 100",45,3101982.165,0.0
"Electrical apparatus: for protecting electrical circuits, n.",45,4771685.019,0.0
"Aluminium: tubes and pipes, alloys",45,2150103.58,0.0
"Vegetables, alliaceous: garlic, fresh or chilled",45,2956448.052,0.0
"Aluminium: table, kitchen or other household articles and pa",45,4450824.363,0.0
Plastics: articles of apparel and clothing accessories (incl,45,3547117.767,0.0
"Welding machines and apparatus: n.e.c. in heading no. 8515, ",45,2963733.112,0.0
Heating apparatus: electric soil heating apparatus and space,45,3383234.134,0.0
"Jackets and blazers: men's or boys', of synthetic fibres (no",45,2219878.677,0.0
"Rubber: synthetic, n.e.c. in heading 4002, (other than latex",45,1614618.903,0.0
Iron or steel: wire articles,45,3078082.3219999997,0.0
Cyclic hydrocarbons: styrene,45,8979768.196,0.0
"Rubber: vulcanised (other than hard rubber), articles n.e.c.",45,13344905.731,0.0
Dredgers,45,1574564.18,0.0
"Ovens: microwave, of a kind used for domestic purposes",45,4467199.401000001,0.0
"Engines: outboard motors for marine propulsion, spark-igniti",45,3573869.893,0.0
Pacemakers: for stimulating heart muscles (excluding parts a,45,6820359.902000001,0.0
"Coal: bituminous, whether or not pulverised, but not agglome",45,145857688.487,0.0
"Hosiery and footwear: without applied soles, of synthetic fi",45,3788052.495,0.0
Iron or steel: springs n.e.c. in heading no. 7320,45,1748204.821,0.0
"Iron or steel: non-threaded washers, excluding spring and lo",45,2460880.846,0.0
"Rubber: vulcanised (other than hard rubber), surgical gloves",45,4146291.906,0.0
Acyclic hydrocarbons: saturated,45,7246338.858,0.0
"Steel, stainless: tube or pipe fittings, flanges, of stainle",45,1754796.7280000001,0.0
"Engines: pneumatic power engines and motors, linear acting (",45,2326311.277,0.0
Styrene polymers: acrylonitrile-butadiene-styrene (ABS) copo,45,6227225.971,0.0
"Instruments, apparatus and models: designed for demonstratio",45,2813472.922,0.0
"Stones: precious or semi-precious, synthetic or reconstructe",45,5180390.551,0.0
"Insulating fittings: of plastics, for electrical machines, o",45,4966088.257999999,0.0
Kaolin and other kaolinic clays: whether or not calcined,45,1536757.481,0.0
"Iron or steel: threaded screws, bolts and nuts n.e.c. in ite",45,2853121.199,0.0
"Lecithins and other phosphoaminolipids, whether or not chemi",45,1553586.071,0.0
"Water sport equipment: water-skis, surf-boards and other wat",45,1503515.027,0.0
"Nuts, edible: pistachios, fresh or dried, in shell",45,2505791.6999999997,0.0
"Television cameras, digital cameras and video camera recorde",45,38492578.882,0.0
Ophthalmic instruments and appliances,45,5331967.245,0.0
Aluminium hydroxide,45,1751321.799,0.0
"Lifts, skip hoists or escalators: parts thereof",45,5371306.346,0.0
Electrical machines and apparatus: signal generators,44,1609131.358,0.0
"Paper and paperboard: cartons, boxes and cases, of corrugate",44,6562526.964,0.0
"Metals: gold, non-monetary, powder",44,1632881.51,0.0
"Metals: gold, non-monetary, unwrought (but not powder)",44,454636375.009,0.0
"Underpants and briefs: men's or boys', of cotton, knitted or",44,3754101.056,0.0
Biodiesel and mixtures thereof: not containing or containing,44,27864954.65,0.0
"Iron or steel: cast articles, excluding grinding balls and s",44,3759557.227,0.0
"Sugars: lactose and lactose syrup, containing by weight 99% ",44,1534430.107,0.0
Iron or steel: helical springs and leaves for springs,44,3491550.6,0.0
Turbines: parts of gas turbines (excluding turbo-jets and tu,44,20270263.98,0.0
"Fruit, edible: oranges, fresh or dried",44,4382947.352,0.0
"Paper pulp, paper, paperboard, cellulose wadding or webs of ",44,4106108.768,0.0
"Gloves, mittens and mitts: knitted or crocheted, impregnated",44,2930722.77,0.0
Paper articles: toilet paper,44,3644851.147,0.0
Wood: non-coniferous other than bamboo (including unassemble,44,2385880.69,0.0
Seats: of a kind used for motor vehicles,44,3116961.669,0.0
Medicaments: consisting of mixed or unmixed products n.e.c. ,44,233747362.766,0.0
"Fish: frozen, mackerel (Scomber scombrus, Scomber australasi",44,2268201.351,0.0
"Yachts and other vessels: for pleasure or sports, rowing boa",44,2831370.493,0.0
Bearings: spherical roller bearings,44,1909124.111,0.0
"Acids: saturated acyclic monocarboxylic acids: anhydrides, h",44,3533617.235,0.0
Spirits obtained by distilling grape wine or grape marc,44,7290714.203,0.0
Zinc: oxide and peroxide,44,1439370.162,0.0
"Nuts and other seeds: whether or not containing added sugar,",44,4311569.08,0.0
Automatic data processing machines: comprising in the same h,44,9175613.828,0.0
"Electro-thermic appliances: coffee or tea makers, of a kind ",44,7457342.584,0.0
Vehicle parts: clutches and parts thereof,44,10727995.243,0.0
Heterocyclic compounds: n.e.c. in headings no. 2933,44,20347055.045,0.0
"Diamonds: non-industrial, (other than unworked or simply saw",44,65522691.839,0.0
"Copper: bars, rods and profiles, of copper-zinc base alloys ",44,2394804.432,0.0
Wine: sparkling,44,9260058.2,0.0
"Fibres: synthetic staple fibres, of polyesters, not carded, ",44,3642582.545,0.0
"Headgear: safety, whether or not lined or trimmed",44,3099997.342,0.0
Electrical static converters,44,72780306.718,0.0
Machinery: parts of machinery of heading no. 8422,44,6604372.93,0.0
"Mucilages and thickeners: whether or not modified, derived f",44,1402308.599,0.0
Cosmetic and toilet preparations: lip make-up,44,3580333.646,0.0
"Molluscs: n.e.c. in heading 0307, whether in shell or not, o",44,6744814.973,0.0
"Colouring matter of vegetable or animal origin, including dy",44,1715028.575,0.0
"Machinery: filtering or purifying machinery, oil or petrol f",44,6361454.166999999,0.0
"Fish preparations: fish prepared or preserved, whole or in p",44,2565985.032,0.0
"Shirts: men's or boys', of cotton, knitted or crocheted",44,5327573.305,0.0
Machines and mechanical appliances: having individual functi,44,40593403.215,0.0
Furniture: plastic,44,2415527.756,0.0
"Clasps, frames with clasps, buckles, buckle clasps: of base ",44,2136372.043,0.0
"Moulds: for rubber or plastics, injection or compression typ",44,10874103.625,0.0
Reception and transmission apparatus: aerials and aerial ref,44,4848316.983,0.0
"Plastics: tube, pipe and hose fittings (e.g. joints, elbows,",43,5942801.307,0.0
"Engines: hydraulic power engines and motors, other than line",43,5066420.495,0.0
Tankers,43,17200287.439,0.0
Food preparations: cereal or cereal products (excluding maiz,43,1254321.96,0.0
Perfumes and toilet waters,43,17865166.157,0.0
"Nickel: plates, sheets, strip and foil, of nickel alloys",43,2118965.029,0.0
"Steel, stainless: tube or pipe fittings, n.e.c. in item no. ",43,3309365.53,0.0
"Bed linen: of cotton (not printed, knitted or crocheted)",43,3316455.633,0.0
Epoxide resins: in primary forms,43,5878072.581,0.0
"Paper and paperboard: packing containers, including record s",43,2367870.285,0.0
"Electro-thermic appliances: parts, of heating resistors, of ",43,4104460.075,0.0
Ferrous waste and scrap: n.e.c. in heading no. 7204,43,30245235.72,0.0
"Plastics: baths, shower-baths, sinks and wash-basins",43,1885156.229,0.0
Ferrous waste and scrap: of alloy steel (excluding stainless,43,2678484.192,0.0
Brewing or distilling dregs and waste: whether or not in the,43,4204135.012,0.0
"Steel, alloy: bars and rods, cold-formed or cold-finished",43,2413789.029,0.0
"Coats: men's or boys' overcoats, car-coats, capes, anoraks, ",43,1716838.836,0.0
Copper: articles n.e.c. in heading no. 7419,43,3562639.628,0.0
"Engines: parts, for engines and motors of heading no. 8412",43,8621768.275,0.0
"Optical elements: lenses n.e.c. in heading no. 9001, prisms,",43,8254199.9629999995,0.0
"Titanium: other than unwrought, n.e.c. in heading no. 8108",43,5977345.34,0.0
"Flowers, cut: roses, flowers and buds of a kind suitable for",43,3028967.8959999997,0.0
"Seats: n.e.c. in heading no. 9401, (excluding medical, surgi",43,3898719.885,0.0
Residues of starch manufacture and similar residues: whether,43,2102206.479,0.0
Silicones: in primary forms,43,7408771.034,0.0
"Iron or steel: tube or pipe fittings, threaded elbows, bends",43,1391156.1,0.0
"Wood: assembled flooring panels, multilayer, other than mosa",43,2045759.872,0.0
Instruments and apparatus: for measuring or detecting ionisi,43,1719193.885,0.0
"Machinery: parts of the machinery of heading no. 8428, (othe",43,9695224.234,0.0
"Manganese: articles thereof, including waste and scrap",43,1558667.961,0.0
Cyclic amides (including cyclic carbamates) and their deriva,43,6069816.009,0.0
"Hair-dressing apparatus: electro-thermic, other than hair dr",43,3126645.181,0.0
Acyclic amides (including acyclic carbamates) and their deri,43,2442020.675,0.0
Vegetables: mixtures of vegetables n.e.c. in heading no. 071,43,1756384.5189999999,0.0
"Lenses, spectacle: unmounted, of materials other than glass",43,6889663.791999999,0.0
"Furniture: metal, other than for office use",43,17094301.668,0.0
Wood: charcoal of wood other than bamboo (including shell or,43,1598897.543,0.0
Garments: of felt or non-wovens (not knitted or crocheted),43,2141320.101,0.0
"Lighting or signalling equipment: electrical, (excluding art",43,8647846.124,0.0
Aluminium: articles n.e.c. in heading 7616,43,16984854.379,0.0
"Signalling apparatus: electric, sound or visual, indicator p",43,5262874.04,0.0
"Cycles: parts thereof, n.e.c. in item no. 8714.9",43,4274316.132,0.0
Wheat gluten: whether or not dried,43,2325992.7060000002,0.0
"Glass of heading no. 7003, 7004 or 7005: bent, edge-worked, ",43,2837254.616,0.0
"Rubber: synthetic, ethylene-propylene-non-conjugated diene r",43,2316480.519,0.0
"Cycles: frames and forks, and parts thereof",43,3496450.941,0.0
"Printed matter: in single sheets, whether or not folded",43,1165124.097,0.0
Heterocyclic compounds: containing a quinoline or isoquinoli,43,1621131.655,0.0
Ion-exchangers: based on polymers of heading no. 3901 to 391,43,2381809.249,0.0
"Dairy produce: whey, whether or not concentrated or containi",43,3395513.785,0.0
"Pumps and compressors: parts, of air or vacuum pumps, air or",43,14449494.154,0.0
Instruments and apparatus: for measuring or checking the flo,43,5031618.363,0.0
Dental fittings: other than artificial teeth,43,3694412.6799999997,0.0
"Juice: orange, frozen, unfermented, (not containing added sp",43,1885836.127,0.0
"Printing machinery used for printing by means of plates, cyl",43,1611362.22,0.0
"Rubber: natural rubber latex, whether or not pre-vulcanised,",43,1663028.99,0.0
"Machine-tools: parts and accessories, tool holders and self-",43,3041193.762,0.0
"Juices: mixtures of fruits or vegetables, unfermented, not c",43,1056353.88,0.0
"Electrical transformers: n.e.c. in item no. 8504.2, having a",42,5069629.519,0.0
Electro-mechanical domestic appliances: with self-contained ,42,7393462.007,0.0
"Ethers: acyclic, and their halogenated, sulphonated, nitrate",42,11285842.547,0.0
Iron or steel: leaf-springs and leaves therefor,42,1912860.725,0.0
"Signalling apparatus: electric, sound or visual, apparatus n",42,4738788.782,0.0
"Machinery parts: buckets, shovels, grabs and grips, for the ",42,2457583.807,0.0
"Nickel: bars, rods and profiles, of nickel alloys",42,3073158.473,0.0
Ceramic articles n.e.c. in chapter 69: other than of porcela,42,1335507.321,0.0
"Cattle: live, other than pure-bred breeding animals",42,9184938.443,0.0
"Railway or tramway coaches, vans and trucks: self-propelled,",42,5534480.114,0.0
"Ignition or starting equipment: spark plugs, of a kind used ",42,3410538.056,0.0
"Cement, concrete or artificial stone: prefabricated structur",42,3019826.898,0.0
"Lenses: objective, for cameras, projectors or photographic e",42,6423033.390000001,0.0
"Glassware: n.e.c. in heading no. 7013, other than of lead cr",42,1215937.513,0.0
"Oil seeds: sunflower seeds, whether or not broken",42,4802746.2809999995,0.0
"T-shirts, singlets and other vests: of textile materials (ot",42,11484078.893,0.0
Dairy produce: fats and oils derived from milk (other than b,42,2392685.397,0.0
"Dairy produce: yoghurt, whether or not concentrated or conta",42,2880455.401,0.0
Shavers: with self-contained electric motor,42,2039204.079,0.0
Sheep: live,42,2407824.11,0.0
Cooking appliances and plate warmers: for gas fuel or for bo,42,4190155.34,0.0
"Taps, cocks, valves and similar appliances: for pipes, boile",42,38240380.206,0.0
"Taps, cocks, valves and similar appliances: parts thereof",42,15801735.081,0.0
"Plastics: boxes, cases, crates and similar articles for the ",42,11180562.076,0.0
"Coal: anthracite, whether or not pulverised, but not agglome",42,9138194.407,0.0
Tents: of synthetic fibres,42,2248849.3109999998,0.0
"Lenses, contact: unmounted, of any material, excluding eleme",42,6543226.881,0.0
"Plastics: carboys, bottles, flasks and similar articles, for",42,6082679.3,0.0
"Shirts: men's or boys', of man-made fibres (not knitted or c",42,2474603.839,0.0
"Cases and containers: n.e.c. in heading 4202, of vulcanised ",42,1106034.8,0.0
"Dresses: women's or girls', of artificial fibres (not knitte",42,3533663.643,0.0
"Nuts, edible: almonds, fresh or dried, shelled",42,3751776.213,0.0
Lubricating preparations: other than for the treatment of te,42,3917923.659,0.0
Navigational instruments and appliances: for aeronautical or,42,3692357.701,0.0
"Carpets and other textile floor coverings: woven, (not tufte",42,2218692.827,0.0
"Musical instruments: (other than keyboard), the sound of whi",42,1502810.822,0.0
"Food preparations: pasta, uncooked (excluding that containin",42,4476236.778,0.0
"Furniture: of cane, osier, or similar materials (other than ",42,2846900.678,0.0
"Glass mirrors: framed, excluding rear-view mirrors for vehic",42,1588771.031,0.0
"Magnetic or optical readers, machines for transcribing data ",42,6560562.439,0.0
"Electrical apparatus: relays, (for a voltage not exceeding 6",42,4610474.336,0.0
"Vegetables, root: carrots and turnips, fresh or chilled",42,1247815.6870000002,0.0
"Metals: palladium, semi-manufactured",42,1616451.639,0.0
"Electric accumulators: nickel-metal hydride, including separ",42,1883970.1269999999,0.0
"Marble, travertine and alabaster: simply cut or sawn, with a",42,1583810.554,0.0
"Steel, alloy (not stainless steel): (excluding cold-drawn or",42,2129164.087,0.0
"Food preparations: waffles and wafers, whether or not contai",42,4421468.884,0.0
Footwear: n.e.c. in chapter 64,42,1577089.303,0.0
"Copper: stranded wire, cables, plaited bands and the like, n",42,2593551.443,0.0
"Electrical apparatus: automatic circuit breakers, for a volt",42,8771138.765,0.0
Equipment for outdoor games and recreation n.e.c. in heading,42,6033480.738,0.0
"Meat: of bovine animals, boneless cuts, fresh or chilled",42,19873768.338,0.0
"Bearings: tapered roller bearings, including cone and tapere",42,4730009.684,0.0
"Fruit, edible: kiwifruit, fresh",42,3447259.307,0.0
"Copper: refined, unwrought, cathodes and sections of cathode",42,84824731.474,0.0
Bearings: cylindrical roller bearings n.e.c. in heading no. ,42,3547036.598,0.0
"Bearing housings, not incorporating ball or roller bearings ",42,5148047.147,0.0
"Ethylene polymers: in primary forms, ethylene-vinyl acetate ",42,5629552.468,0.0
Boilers: central heating boilers (excluding those of heading,42,4816346.939,0.0
"Copper: strip, of a thickness exceeding 0.15mm, of copper-zi",42,1681591.117,0.0
Organic surface-active products and preparations for washing,42,5437888.552,0.0
Microphones and stands therefor,42,3507099.275,0.0
Salt (including table salt and denatured salt): pure sodium ,42,4076911.699,0.0
Wood: table and kitchenware,42,1862456.048,0.0
"Paper and paperboard: folding cartons, boxes and cases, of n",42,6342504.388,0.0
Coffee: not roasted or decaffeinated,42,17742322.023000002,0.0
"Carpets and other textile floor coverings: tufted, of nylon ",42,2173185.243,0.0
Machinery: parts of machinery for soil preparation or cultiv,42,3436029.708,0.0
"Garments: men's or boys', n.e.c. in item no. 6210.2, of the ",42,2180229.426,0.0
"Garments: of man-made fibres, knitted or crocheted, n.e.c. i",42,3828816.479,0.0
Gaskets and similar joints: of metal sheeting combined with ,42,2224656.279,0.0
"Vehicles: bumpers and parts thereof, for the vehicles of hea",42,7789358.472,0.0
"Stone articles and other mineral substances, non-electrical ",41,1981672.3560000001,0.0
Acids: unsaturated acyclic monocarboxylic acids: esters of m,41,2368280.693,0.0
"Ethylene polymers: sacks and bags (including cones), for the",41,10285913.388999999,0.0
Industrial fatty alcohols,41,3713177.451,0.0
"Paper and paperboard: labels or all kinds, printed",41,2744351.348,0.0
"Acyclic hydrocarbons: unsaturated, propene (propylene)",41,5447253.7190000005,0.0
"Instruments and apparatus: using optical radiations (UV, vis",41,9224785.373,0.0
Cobalt: mattes and other intermediate products of cobalt met,41,4498998.240999999,0.0
"Paper and paperboard: sacks and bags, including cones, of pa",41,3159755.186,0.0
Paper pulp: moulded or pressed articles or paper pulp,41,1704344.369,0.0
"Curtains (including drapes) and interior blinds, curtain or ",41,3231291.5609999998,0.0
Orthopaedic or fracture appliances,41,11629648.578,0.0
"Fats and oils and their fractions: of fish, (excluding liver",41,4056596.998,0.0
"Iron or steel: non-threaded articles, n.e.c. in item no. 731",41,3717673.516,0.0
"Inorganic or organic compounds of precious metals, n.e.c.: a",41,6002194.6899999995,0.0
X-ray tubes,41,2418907.566,0.0
"Iron or steel: sheet piling, whether or not drilled, punched",41,1616491.354,0.0
"Seats: with wooden frames, not upholstered, (excluding medic",41,2527840.23,0.0
Wood: builders' joinery and carpentry of wood n.e.c. in head,41,6327106.916999999,0.0
"Crustaceans: frozen, cold-water shrimps and prawns (Pandalus",41,1514887.1439999999,0.0
Fans: n.e.c. in item no. 8414.51,41,11139796.287,0.0
"Media n.e.c. in heading 8523, whether or not recorded, exclu",41,1637206.724,0.0
Photographic goods: chemical preparations other than sensiti,41,5670715.859,0.0
"Animal products: guts, bladders and stomachs of animals (oth",41,4775319.638,0.0
Amplifiers: audio-frequency electric,41,4376033.57,0.0
Electrical machines and apparatus: parts of the electrical g,41,8325034.26,0.0
Heat pumps: other than air conditioning machines of heading ,41,5581834.749,0.0
"Plastics: stoppers, lids, caps and other closures, for the c",41,7141278.505,0.0
Machinery: parts of machinery for making or finishing paper ,41,2123024.913,0.0
"Electrical capacitors: fixed, tantalum",41,1570844.183,0.0
Vehicle parts: radiators and parts thereof,41,7568488.4399999995,0.0
"Flours, meals and pellets: of meat or meat offal, greaves",41,3501156.5039999997,0.0
"Machines and mechanical appliances: parts, of those having i",41,19607521.166,0.0
"Propylene, other olefin polymers: n.e.c. in heading no. 3902",41,3036230.088,0.0
"Sports footwear: tennis shoes, basketball shoes, gym shoes, ",41,15354639.501,0.0
"Footwear: (other than sportswear), with outer soles of rubbe",41,18246192.186,0.0
"Meat preparations: of bovine animals, meat or meat offal, pr",41,2554124.051,0.0
Ball bearings,41,8960467.212,0.0
"Crustaceans: frozen, crabs, in shell or not, smoked, cooked ",41,2390227.7350000003,0.0
"Garments: of cotton, knitted or crocheted, n.e.c. in chapter",41,2023943.531,0.0
"Machinery: for filtering or purifying liquids, n.e.c. in ite",41,10213128.945,0.0
"Fruit, edible: grapes, fresh",41,9143375.099,0.0
Aircraft and spacecraft: parts thereof n.e.c. in chapter 88,41,4069399.123,0.0
"Alcohols: saturated monohydric, n.e.c. in item no. 2905.1",41,1960814.929,0.0
"Fish: fresh or chilled, Atlantic salmon (Salmo salar) and Da",41,14209512.822,0.0
Plastics: household articles and hygienic or toilet articles,41,8588815.547,0.0
"Cereals: barley, other than seed",41,11200016.274,0.0
"Machine-tools: grinding machines (other than flat-surface), ",41,1607439.344,0.0
"Tools, hand: other hand tools (including glaziers diamonds),",41,2837528.7120000003,0.0
"Nightdresses and pyjamas: women's or girls', of cotton, knit",41,1551668.571,0.0
Navigational instruments and appliances: for navigation othe,41,2079106.004,0.0
"Machine-tools: parts and accessories, work holders",41,1600218.295,0.0
"Cells and batteries: primary, lithium",41,4058974.084,0.0
"Shirts: men's or boys', of cotton (not knitted or crocheted)",40,7285562.759,0.0
Sauces and preparations therefor: mixed condiments and mixed,40,7493042.107,0.0
Phosphoric acid and polyphosphoric acids,40,5794633.78,0.0
"Electric motors: AC motors, multi-phase, of an output not ex",40,4239959.325,0.0
"Spectacles, goggles and the like: (other than sunglasses) co",40,3035590.825,0.0
Sodium hydroxide (caustic soda): in aqueous solution (soda l,40,6444998.117,0.0
Radio remote control apparatus,40,4190690.136,0.0
"Railway or tramway locomotives or rolling stock: parts, axle",40,4070992.102,0.0
"Pumps: rotary positive displacement pumps, n.e.c. in heading",40,5911610.266,0.0
"Copper: strip, of a thickness exceeding 0.15mm, of refined c",40,3481365.222,0.0
"Skirts and divided skirts: women's or girls', of cotton (not",40,1233533.932,0.0
"Petroleum coke: calcined, obtained from bituminous minerals",40,4728619.617,0.0
"Saddlery and harness: for any animal (including traces, lead",40,1879481.56,0.0
"Skirts and divided skirts: women's or girls', of synthetic f",40,2055700.463,0.0
Electrical machines and apparatus: having individual functio,40,40358919.253,0.0
"methadone (INN) intermediate (4-cyano-2-dimethylamino-4,4-di",40,2657610.6489999997,0.0
"Iron or steel: articles n.e.c. in item no. 7326.11, forged o",40,3870597.714,0.0
Chocolate and other food preparations containing cocoa: n.e.,40,7544561.192,0.0
"Instruments and apparatus: n.e.c. in heading no. 9030, witho",40,1992362.1030000001,0.0
"Instruments and apparatus: gas or smoke analysis apparatus, ",40,7089259.923,0.0
Instruments and apparatus: for physical or chemical analysis,40,9556042.895,0.0
"Headphones and earphones, whether or not combined with a mic",40,13451874.759,0.0
"Ink: writing, drawing and other inks, n.e.c. in heading no. ",40,4712763.049,0.0
Casein,40,1689053.074,0.0
Food preparations: mixes and doughs for the preparation of b,40,3584934.716,0.0
Carpets and other textile floor coverings: n.e.c. in chapter,40,1392514.6979999999,0.0
Bedding and similar furnishing articles: n.e.c. in heading n,40,8958655.406,0.0
Units of automatic data processing machines: n.e.c. in item ,40,31062701.798,0.0
"Footwear: n.e.c. in heading no. 6402, covering the ankle, wi",40,5515371.102,0.0
"Footwear: n.e.c. in heading no. 6403, covering the ankle, ou",40,12749797.691,0.0
"Glycosides: natural or reproduced by synthesis, other than r",40,1561505.893,0.0
"Bearings: parts, (other than balls, needles and rollers)",40,4754333.078,0.0
"Glass: safety glass, toughened (tempered), (not of a size an",40,4060050.077,0.0
"Glass: safety glass, laminated, of size and shape suitable f",40,3456147.5130000003,0.0
"Meat preparations: of the poultry of heading no. 0105, (i.e.",40,9657203.913999999,0.0
"Meat preparations: of swine, hams and cuts thereof, prepared",40,1516969.269,0.0
"Mattresses: of other materials, not cellular rubber or plast",40,2435493.623,0.0
Wood: doors and their frames and thresholds,40,2509075.1950000003,0.0
"Fruit, edible: peaches, including nectarines, fresh",40,2433789.668,0.0
"Machinery parts: not containing electrical connectors, insul",40,5227228.202,0.0
"Vegetables, leguminous: peas (pisum sativum), shelled, wheth",40,2805695.233,0.0
"Magnets: electro-magnets, holding devices and parts n.e.c. i",40,3252198.249,0.0
Furniture: parts,40,13019634.418,0.0
"Furniture: wooden, for kitchen use",40,5016449.585,0.0
"Aluminium: unwrought, alloys",40,34219852.358,0.0
Vehicle parts: road wheels and parts and accessories thereof,40,19192558.77,0.0
Machinery: parts of the machinery of heading no. 8425,40,1750157.48,0.0
Kitchen and toilet linen: of terry towelling or similar terr,40,5857848.047,0.0
Ammunition: n.e.c. in chapter 93,40,7100264.4969999995,0.0
"Jewellery: imitation, (excluding cuff links and studs), of b",40,4637370.576,0.0
Chromatographs and electrophoresis instruments,40,2729775.626,0.0
"Fertilizers, mineral or chemical: containing the two fertili",40,4548481.175,0.0
"Sunglasses: corrective, protective or other",40,6724923.562999999,0.0
"Paper articles: articles of paper, cellulose wadding or fibr",40,1565932.486,0.0
Instruments and apparatus: specially designed for telecommun,40,3965221.6399999997,0.0
"Optical devices, appliances and instruments: n.e.c. in headi",40,5556348.3719999995,0.0
"Optical media: recorded, excluding products of Chapter 37",40,7788462.527,0.0
Pumps: vacuum,39,5518814.339000001,0.0
"Electric motors and generators: DC, of an output exceeding 7",39,2597703.648,0.0
Wood: articles of wood n.e.c. in heading no. 4414 to 4420 (e,39,5709183.632999999,0.0
"Copper: foil, not backed, of a thickness not exceeding 0.15m",39,3843700.005,0.0
"Dairy produce: milk and cream, concentrated or containing ad",39,8073556.7190000005,0.0
"Medical, surgical instruments and appliances: electro-cardio",39,1389068.099,0.0
"Meat: salted in brine, dried or smoked, of swine, n.e.c. in ",39,2791150.0530000003,0.0
"Glass: safety glass, toughened (tempered), of size and shape",39,2288618.38,0.0
"Jackets and blazers: women's or girls', of synthetic fibres ",39,2994275.468,0.0
"Spectrometers, spectrophotometers and spectrographs: using o",39,4088948.604,0.0
"Peat: (including peat litter), whether or not agglomerated",39,1714754.092,0.0
"Dresses: women's or girls', of cotton (not knitted or croche",39,3768151.664,0.0
"Pharmaceutical goods: sterile surgical catgut, suture materi",39,4718761.363,0.0
"Gears and gearing: (not toothed wheels, chain sprockets and ",39,16534101.869,0.0
Engines: parts for internal combustion piston engines (exclu,39,30643751.748,0.0
Garments made up of knitted or crocheted fabrics of heading ,39,1483766.791,0.0
"Zinc: unwrought, alloys",39,2320010.304,0.0
"Sugars, chemically pure, other than sucrose, lactose, maltos",39,1339226.746,0.0
Electric accumulators: parts n.e.c. in heading no. 8507,39,6335884.324,0.0
"Coffee: roasted, not decaffeinated",39,7913847.722,0.0
"Wood, tropical: as specified in Subheading Note 2 to this Ch",39,2838412.439,0.0
Loudspeakers: not mounted in their enclosures,39,5316639.124,0.0
"Railway or tramway coaches: passenger coaches, luggage vans,",39,1674648.042,0.0
Stone articles and articles of other mineral substances: n.e,39,5651775.03,0.0
Cyclic hydrocarbons: toluene,39,3046664.736,0.0
Heterocyclic compounds: containing an unfused pyridine ring ,39,13966902.237,0.0
Games: playing cards,39,2038939.567,0.0
"Vehicles: parts and accessories, of bodies, other than safet",39,72839674.073,0.0
"Games: video game consoles and machines, other than those of",39,30127007.847999997,0.0
Cosmetic and toilet preparations: eye make-up,39,3655542.376,0.0
Machinery: parts of the machinery of heading no. 8427,39,7379823.735,0.0
"Pumps: reciprocating positive displacement pumps, n.e.c. in ",39,7265129.972,0.0
"Wood: coniferous, in the rough, whether or not stripped of b",39,7307074.6559999995,0.0
"Air heaters and hot air distributors, (not electrically heat",39,1873279.439,0.0
Instruments and apparatus: parts and accessories for those m,39,4403827.564,0.0
"Jewellery: imitation, of other than base metal, whether or n",39,1704238.332,0.0
Optical instruments and appliances: for measuring or checkin,39,10950851.709,0.0
Electrical inductors: n.e.c. in heading no. 8504,39,12655838.279000001,0.0
Monitors other than cathode-ray tube: other than of a kind s,39,29720098.746,0.0
Circuits: printed,39,43339728.562,0.0
"Harvesting machinery: parts, including parts of threshing ma",39,6990920.317,0.0
"Cigars, cheroots and cigarillos: containing tobacco includin",39,3548614.5,0.0
"Steel, alloy: bars and rods, hot-rolled, in irregularly woun",39,3520862.906,0.0
Plastics: articles for the conveyance or packing of goods n.,39,7356205.064,0.0
"Waters: mineral and aerated, including natural or artificial",39,2448653.395,0.0
Nickel: powders and flakes,39,1834608.773,0.0
"Nickel: wire, of nickel alloys",39,1601488.873,0.0
"Fish: frozen, n.e.c. in heading 0303, excluding fillets, liv",39,4448748.685,0.0
Electronic integrated circuits: memories,39,159431590.565,0.0
"Offal, edible: of bovine animals, (other than tongues and li",39,2723075.258,0.0
"Plastics: builders' ware, shutters, blinds (including veneti",39,1797245.708,0.0
"Iron or steel wire: grill, netting and fencing, welded at in",39,1694400.952,0.0
Food preparations: n.e.c. in item no. 2106.10,39,22023154.545,0.0
"Wood: pallets, box pallets and other load boards: pallet col",39,3690684.199,0.0
Statuettes and other ornaments: of base metal other than pla,39,1784089.873,0.0
Food preparations: obtained by the swelling or roasting of c,39,3492120.3219999997,0.0
"Alcohols: saturated monohydric, octanol (octyl alcohol) and ",39,1538985.519,0.0
Microtomes and parts and accessories thereof,39,11815173.95,0.0
Lithium oxide and hydroxide,39,8436290.947,0.0
"Microphones, headphones, earphones, amplifier equipment: par",39,3250488.266,0.0
Polyacetals: in primary forms,39,2428545.55,0.0
"Metals: palladium, unwrought or in powder form",39,17572560.482,0.0
"Metals: silver, semi-manufactured",39,6419816.911,0.0
Jewellery: of precious metal (excluding silver) whether or n,38,66538043.876,0.0
Ground flying trainers and parts thereof: other than air com,38,1887003.63,0.0
Aircraft and spacecraft: parts of aeroplanes or helicopters ,38,55191812.497,0.0
"Jams, fruit jellies, marmalades, purees and pastes: of fruit",38,2051953.509,0.0
Glass: articles n.e.c. in chapter 70,38,3591648.4020000002,0.0
"Welding, brazing or soldering machines: parts of the machine",38,2794148.4450000003,0.0
"Isotopes (excluding those of heading no. 2844): compounds, i",38,2269395.521,0.0
"Ground-nuts: other than seed, not roasted or otherwise cooke",38,3691092.946,0.0
"Lenses: objective, (other than for cameras, projectors or ph",38,4262780.775,0.0
"Rubber: synthetic, halo-isobutene-isoprene rubber (CIIR or B",38,1810788.216,0.0
"Ethyl alcohol and other spirits: denatured, of any strength",38,4378510.716,0.0
Ignition or starting equipment: generators n.e.c. in heading,38,5662376.33,0.0
Radio navigational aid apparatus,38,9913835.902999999,0.0
"Radiators and parts thereof: for central heating, (not elect",38,1668289.868,0.0
Cereals: husked (brown) rice,38,2132534.181,0.0
"Textiles: made up articles (including dress patterns), n.e.c",38,12598285.005,0.0
"Plastics: builders' ware, doors, windows and their frames an",38,3857371.148,0.0
Optical appliances and instruments: parts and accessories fo,38,2566762.374,0.0
Pitch: obtained from coal tar or from other mineral tars,38,1839506.602,0.0
"Zinc: unwrought, (not alloyed), containing by weight less th",38,3362178.9220000003,0.0
"Fish fillets: frozen, salmon, Pacific (Oncorhynchus nerka, O",38,4270752.915,0.0
"Clothing accessories: belts and bandoliers, of leather or of",38,2103998.591,0.0
"Festive, carnival or other entertainment articles including ",38,3491877.652,0.0
"Swimwear: women's or girls', of synthetic fibres, knitted or",38,2968205.721,0.0
"Coats: women's or girls' overcoats, car-coats, capes, anorak",38,2610109.523,0.0
Sulphonamides,38,7835356.575,0.0
"Sugars: glucose and glucose syrup, not containing fructose o",38,2953704.197,0.0
"Paper articles: handkerchiefs, cleansing or facial tissues a",38,4369357.085,0.0
"Sugars: cane sugar, raw, in solid form, other than as specif",38,19877433.787,0.0
"Tools: for working in the hand, parts thereof for other than",38,1932355.557,0.0
Instruments and apparatus: for measuring or checking variabl,38,3298224.493,0.0
"Carpets and other textile floor coverings: tufted, of man-ma",38,2648117.398,0.0
"Printed matter: children's picture, drawing or colouring boo",38,1586682.94,0.0
"Garments and clothing accessories: babies', of cotton, knitt",38,4776882.056,0.0
"Furniture: wooden, other than for office, kitchen or bedroom",38,14249193.105,0.0
"Vegetables, leguminous: chickpeas (garbanzos), shelled, whet",38,1875998.6940000001,0.0
"Fruit, edible: lemons (Citrus limon, Citrus limonum), limes ",38,3626194.59,0.0
Vegetable saps and extracts: n.e.c. in item no. 1302.1,38,2968851.713,0.0
"Appliances: worn, carried or implanted in the body, to compe",38,11369184.629,0.0
"Medicaments: (not containing antibiotics, hormones, alkaloid",38,9876228.532,0.0
"Electrical apparatus: diodes, other than photosensitive or l",38,11141155.627,0.0
Units of automatic data processing machines: input or output,38,14030889.665,0.0
"Electrical apparatus: thyristors, diacs and triacs, other th",38,1494200.618,0.0
"Electrical capacitors: fixed, aluminium electrolytic",38,5602786.153,0.0
"Electrical capacitors: fixed, dielectric of paper or plastic",38,1859310.6490000002,0.0
"Electrical capacitors: fixed, n.e.c. in heading no. 8532",38,1821996.039,0.0
Semiconductor media: solid-state non-volatile storage device,38,30185800.259,0.0
Cotton: not carded or combed,37,16193560.254999999,0.0
Apparatus based on use of x-rays and similar: parts and acce,37,7239017.82,0.0
"Alcohols: saturated monohydric, methanol (methyl alcohol)",37,10182350.5,0.0
"Toxins, cultures of micro-organisms (excluding yeasts) and s",37,8318557.597999999,0.0
"Sugars: n.e.c. in heading no. 1702, including invert sugar a",37,2664171.708,0.0
"Steel, stainless: seamless, casing and tubing, of a kind use",37,2114105.8140000002,0.0
"Steel, stainless: bars and rods, hot-rolled, in irregularly ",37,1864980.423,0.0
Christmas festivity articles,37,5675366.178,0.0
"Cement, concrete or artificial stone: articles (other than p",37,4769950.706,0.0
Cement clinkers (whether or not coloured),37,2591764.254,0.0
Caseinates and other casein derivatives: casein glues,37,1652025.193,0.0
Vehicle parts: gear boxes and parts thereof,37,62609278.005,0.0
"Steel, alloy: flat-rolled, width 600mm or more, cold-rolled",37,3774401.524,0.0
"Transmission components: toothed wheels, chain sprockets and",37,10318504.34,0.0
Transmission shafts (including cam shafts and crank shafts) ,37,11596614.671,0.0
Boilers: parts of central heating boilers (excluding those o,37,2351687.415,0.0
"Bed linen: of cotton, printed, not knitted or crocheted",37,1603825.5,0.0
"Vegetables, brassica: edible, n.e.c. in heading no. 0704, fr",37,1401345.438,0.0
Seat: parts,37,32284819.612999998,0.0
Insulated electric conductors: ignition wiring sets and othe,37,50929855.654,0.0
Plastics: tableware and kitchenware,37,9774428.112,0.0
Nickel: articles thereof n.e.c. in item no. 7508.1,37,2996748.649,0.0
"Electrical resistors: variable, including rheostats and pote",37,3261017.014,0.0
Electronic integrated circuits: amplifiers,37,15534719.193,0.0
Electric motors: of an output not exceeding 37.5W,37,14100260.265,0.0
"Printed matter: books, brochures, leaflets and similar print",37,6239894.331,0.0
Hearing aids (excluding parts and accessories),37,6675458.904,0.0
"Printing machinery: parts and accessories, n.e.c. in item no",37,29949063.838,0.0
"Machinery: for filtering or purifying gases, other than inta",37,24174912.868,0.0
Ignition or starting equipment: distributors and ignition co,37,1879932.104,0.0
"Dresses: women's or girls', of artificial fibres, knitted or",37,1625803.581,0.0
Ignition or starting equipment: starter motors and dual purp,37,4845836.737,0.0
Dental instruments and appliances: other than dental drill e,37,5468336.103,0.0
Railway or tramway rolling stock: parts n.e.c. in heading no,37,4744323.573,0.0
"Electrical resistors: fixed, for a power handling capacity n",37,4497241.247,0.0
"Food preparations: sweet biscuits, whether or not containing",37,4158133.636,0.0
"Metals: platinum, semi-manufactured",37,4511384.603,0.0
"Flowers, cut: flowers and buds of a kind suitable for bouque",37,3426191.344,0.0
"Instruments, appliances and machines: parts and accessories ",37,8697410.129,0.0
"Metal: precious or metal clad with precious metal, other tha",36,7666347.015000001,0.0
Electronic integrated circuits: n.e.c. in heading no. 8542,36,254150968.90399998,0.0
"Metals: gold, semi-manufactured",36,114560687.79699999,0.0
"Engines: hydraulic power engines and motors, linear acting (",36,6746530.563999999,0.0
"Bearings: parts, balls, needles and rollers",36,1515745.456,0.0
Washing machines: parts for household or laundry-type,36,1662455.682,0.0
"Paper and paperboard: corrugated, whether or not perforated,",36,1473918.257,0.0
Uncoated paper and paperboard (not 4801 or 4803): over 10% b,36,2803240.321,0.0
Halogenated olefin polymers: fluoro-polymers (other than pol,36,3654199.205,0.0
"Pebbles, gravel, broken or crushed stone: of a kind commonly",36,2315797.543,0.0
"Stones: rubies, sapphires and emeralds, worked (other than s",36,6967895.462,0.0
"Lighting or visual signalling equipment: electrical, of a ki",36,19649984.704,0.0
"Sugar confectionery: (excluding chewing gum, including white",36,6785640.447,0.0
"Paper and paperboard: trays, dishes, plates, cups and the li",36,2932462.816,0.0
"Steroidal hormones, their derivatives and structural analogu",36,2337873.974,0.0
"Mowers: lawn, parks or sports-grounds, powered, with the cut",36,5309218.093,0.0
Aluminium: waste and scrap,36,19146473.498,0.0
"Medical, surgical instruments and appliances: tubular metal ",36,3534093.769,0.0
"Nickel: unwrought, not alloyed",36,14734949.08,0.0
"Vegetable preparations: tomatoes, whole or in pieces, prepar",36,2011897.8830000001,0.0
"Meat: of swine, n.e.c. in item no. 0203.1, fresh or chilled",36,11503535.827,0.0
"Ceramic wares: for laboratory, chemical or other technical u",36,4545247.549,0.0
"Nucleic acids and their salts, other heterocyclic compounds,",36,19235422.457,0.0
"Cereals: wheat and meslin, durum wheat, other than seed",36,13566223.886,0.0
"Vehicle parts: drive-axles with differential, whether or not",36,30144982.796,0.0
Glands and other organs: heparin and its salts: other human ,36,3265789.969,0.0
"Fruit, edible: cranberries, bilberries and other fruits of t",36,5428350.7129999995,0.0
"Games: articles for funfair, table or parlour games, includi",36,3722419.269,0.0
"Electrical apparatus: plugs and sockets, for a voltage not e",36,14159061.201000001,0.0
Chocolate & other food preparations containing cocoa: in blo,36,4868888.232,0.0
Chromium ores and concentrates,36,5476633.847999999,0.0
Optical elements: n.e.c. in heading no. 9002 (e.g. prisms an,36,3312504.17,0.0
"Ferrous waste and scrap: turnings, shavings, chips, milling ",36,3560536.736,0.0
Ferro-alloys: ferro-molybdenum,36,3768432.704,0.0
"Pulleys and flywheels, including pulley blocks",36,4786023.356,0.0
"Electric generating sets: wind-powered, (excluding those wit",36,6893395.445,0.0
"Rubber: new pneumatic tyres, of a kind used on motor cars (i",36,21356183.559,0.0
Acids: saturated acyclic monocarboxylic acids: acetic acid,36,1932522.297,0.0
"Electric motors and generators: DC, of an output not exceedi",36,13325274.297,0.0
Crystals: mounted piezo-electric,36,6751555.807,0.0
"Seats: with wooden frames, upholstered, (excluding medical, ",36,16617341.703,0.0
"Heterocyclic compounds: with oxygen hetero-atom(s) only, no ",36,4205275.773,0.0
Air conditioning machines: comprising a motor driven fan and,36,2313828.002,0.0
"Medical, surgical instruments and appliances: syringes, with",35,5854014.647,0.0
Silicon: containing by weight less than 99.99% of silicon,35,3819149.935,0.0
"Radioactive elements, isotopes, compounds, n.e.c. in heading",35,2292831.723,0.0
"Lead: unwrought, refined",35,4793287.817,0.0
Turbines: parts of turbo-jets and turbo-propellers,35,71591469.639,0.0
Aeroplanes and other aircraft: of an unladen weight not exce,35,1672887.4379999998,0.0
Glass: rear-view mirrors for vehicles,35,4076250.014,0.0
Iron ores and concentrates: agglomerated (excluding roasted ,35,19854133.713,0.0
Organic derivatives of hydrazine or of hydroxylamine,35,1792489.888,0.0
"Cotton yarn: (not sewing thread), single, of combed fibres, ",35,1644683.7859999998,0.0
"Fish fillets: frozen, tunas (of the genus Thunnus), skipjack",35,1881819.847,0.0
"Vehicles: parts of bodies, safety seat belts",35,3128727.661,0.0
"Locks: of a kind used for motor vehicles (key, combination o",35,3261783.7199999997,0.0
"Vegetables: tomatoes, fresh or chilled",35,9927964.078,0.0
Animal products: n.e.c. in chapter 5,35,2369959.491,0.0
"Food preparations: pasta, stuffed (with meat or other substa",35,2052842.287,0.0
Meters and counters: parts and accessories for revolution an,35,1394932.327,0.0
"Rubber: unvulcanised, compounded with carbon black or silica",35,3870188.167,0.0
"Fish meat, excluding fillets, whether or not minced: frozen,",35,1722243.315,0.0
"Plants, live: n.e.c. in heading no. 0602",35,8191612.704,0.0
"Electrical capacitors: fixed, ceramic dielectric, multilayer",35,18889110.148,0.0
"Vehicle parts: brakes, servo-brakes and parts thereof",35,28794605.979,0.0
"Cereals: grain sorghum, other than seed",35,2272579.8649999998,0.0
"Copper: foil, backed with paper, paperboard, plastics or sim",35,2512757.143,0.0
"Jackets and blazers: men's or boys', of wool or fine animal ",35,1512111.71,0.0
Reception and transmission apparatus: for use with the appar,35,39885189.972,0.0
Acids: aromatic polycarboxylic acids: terephthalic acid and ,35,7645722.586,0.0
"Dresses: women's or girls', of synthetic fibres, knitted or ",35,4534003.76,0.0
"Electrical apparatus: n.e.c. in heading no. 8536, for switch",35,31055400.742,0.0
"Wood: in the rough, whether or not stripped of bark or sapwo",35,2758967.106,0.0
Containers: (including containers for transport of fluids) s,35,4355655.71,0.0
Weaving machines (looms): for weaving fabrics of a width exc,35,1728290.604,0.0
"Nightdresses and pyjamas: women's or girls', of man-made fib",35,1884761.8360000001,0.0
"Heaters: instantaneous or storage water heaters, non-electri",35,2534412.652,0.0
"Bed linen: of man-made fibres (not printed, knitted or croch",35,1608578.196,0.0
"Offal, edible: of swine, (other than livers), frozen",34,3867126.428,0.0
"Oil seeds: sesamum seeds, whether or not broken",34,4045149.943,0.0
"Vegetables, brassica: cauliflowers and headed broccoli, fres",34,1348672.867,0.0
Electrical apparatus: parts suitable for use solely or princ,34,31792843.974999998,0.0
"Machinery: parts of the machines of heading no. 8477, n.e.c.",34,5896581.85,0.0
"Track suits and other garments n.e.c.: men's or boys', of ma",34,2550832.908,0.0
"Vegetables, leguminous: lentils, shelled, whether or not ski",34,4454064.659,0.0
"Mattresses: of cellular rubber or plastics, whether or not c",34,2784814.259,0.0
Vehicle parts: safety airbags with inflater system: parts th,34,10650555.728,0.0
"Electrical apparatus: parts for diodes, transistors and simi",34,7157977.796,0.0
"Printed matter: trade advertising material, commercial catal",34,2112534.701,0.0
"Alcohols: acyclic, diols: ethylene glycol (ethanediol)",34,7810780.704,0.0
Electrical parts of machinery or apparatus: n.e.c. in chapte,34,3453699.25,0.0
Copper: copper-zinc base alloys (brass) unwrought,34,584788.926,0.0
Heterocyclic compounds: containing a pyrimidine ring (whethe,34,19997031.196000002,0.0
"Plastics: fittings for furniture, coachwork or the like",34,4502517.665,0.0
"Instruments, appliances and machines: for measuring or check",34,18939353.656,0.0
"Wine: still, in containers holding 2 litres or less",34,21847610.85,0.0
Printed matter: n.e.c. in heading no. 4911,34,3097582.082,0.0
"Hats and other headgear: knitted or crocheted, or made up fr",34,6101209.285,0.0
"Instruments, apparatus for measuring, checking electrical qu",34,8862646.422,0.0
Aircraft and spacecraft: under-carriages and parts thereof,34,6677026.668,0.0
"Fruit, edible: strawberries, fresh",34,3609021.908,0.0
"Sound recording or reproducing apparatus: using magnetic, op",34,2171401.614,0.0
"Medical, surgical instruments and appliances: electro-diagno",34,12535889.925999999,0.0
"Medicaments: containing hormones (excluding insulin), (but n",34,3624300.2709999997,0.0
"Paper or paperboard: waste and scrap, of paper or paperboard",34,1070211.846,0.0
Ferro-alloys: ferro-niobium,34,3330870.868,0.0
"Tricycles, scooters, pedal cars and similar wheeled toys: do",34,36416323.81,0.0
"Coats: women's or girls', overcoats, raincoats, car-coats, c",34,2240527.168,0.0
Drying machines: of a dry linen capacity exceeding 10kg,34,2195119.428,0.0
"Dresses: women's or girls', of textile materials n.e.c. in i",34,1997285.04,0.0
"Vegetable preparations: vegetables, fruit, nuts and other ed",33,1543958.946,0.0
"Iron or non-alloy steel: bars and rods, forged, hot-rolled, ",33,1920596.721,0.0
Navigational instruments and appliances: parts and accessori,33,1581467.06,0.0
Salts of oxometallic or peroxometallic acids: n.e.c. in head,33,9332173.553000001,0.0
Nitrile-function compounds: acrylonitrile,33,1967508.789,0.0
"Domestic appliances: non-electric, (other than cookers and p",33,1911311.401,0.0
Molybdenum ores and concentrates: roasted,33,5095654.38,0.0
"Fruit, edible: avocados, fresh or dried",33,7110275.908,0.0
Vegetables: uncooked or cooked by steaming or boiling in wat,33,3830839.26,0.0
Graphite: artificial,33,2414644.091,0.0
Aircraft and spacecraft: propellers and rotors and parts the,33,1573766.162,0.0
"T-shirts, singlets and other vests: of cotton, knitted or cr",33,21666911.332000002,0.0
"Electronic integrated circuits: processors and controllers, ",33,223998997.894,0.0
Vehicle parts: silencers (mufflers) and exhaust pipes: parts,33,9077786.964,0.0
"Oil seeds: low erucic acid rape or colza seeds, whether or n",33,14682995.377999999,0.0
"Oils, essential: n.e.c. in heading no. 3301 (terpeneless or ",33,1600974.774,0.0
"Fish preparations: tunas, skipjack and Atlantic bonito (sard",33,5832123.434,0.0
"Ferro-alloys: ferro-chromium, containing by weight more than",33,10035262.929000001,0.0
"Cocoa: butter, fat and oil",33,4264111.467,0.0
"Jewellery: of silver, whether or not plated or clad with oth",33,7440687.462,0.0
"Leather: further prepared after tanning or crusting, incl. p",33,995570.388,0.0
Ignition or starting equipment: parts of the equipment of he,33,2859442.878,0.0
Golf equipment: other than clubs and balls,32,2376588.26,0.0
"Glass: cast glass and rolled glass, non-wired sheets, (exclu",32,3455642.8510000003,0.0
Microscopes (excluding optical microscopes): diffraction app,32,3568917.635,0.0
Golf clubs: complete,32,2098382.428,0.0
"Fruit, edible: guavas, mangoes and mangosteens, fresh or dri",32,3424588.705,0.0
"Aromatic hydrocarbon mixtures: n.e.c. in heading no. 2707, o",32,9452924.992,0.0
"Stones: precious or semi-precious stones (natural, synthetic",32,1462639.956,0.0
Instruments and apparatus: for measuring or checking semicon,32,6205624.228,0.0
Industrial monocarboxylic fatty acids: acid oils from refini,32,6309022.507999999,0.0
"Acyclic hydrocarbons: unsaturated, n.e.c. in heading no. 290",32,3169318.722,0.0
"Mountings, fittings and similar articles: for motor vehicles",32,7099482.135,0.0
"Garments: women's or girls', n.e.c. in item no. 6210.3, of t",32,2247075.688,0.0
"Fish fillets: frozen, of fish n.e.c. in heading 0304.8",32,2428458.733,0.0
"Vehicle parts: steering wheels, steering columns and steerin",32,19348000.232,0.0
Iron: non-alloy pig iron containing by weight 0.5% or less o,32,4470681.076,0.0
"Wrist-watches: (not electrically operated), (not automatic w",32,3333403.009,0.0
"Fish: fresh or chilled, n.e.c. in heading 0302, excluding fi",32,1698740.94,0.0
"Fish: smoked, whether or not cooked before or during smoking",32,2189468.196,0.0
Iron or steel: articles n.e.c.in heading 7326,32,36491879.826000005,0.0
"Fruit, nuts and other edible parts of plants: prepared or pr",32,1955809.119,0.0
"Petroleum gases and other gaseous hydrocarbons: liquefied, p",32,38904091.291,0.0
"Waste and scrap of primary cells, primary batteries and elec",31,1883187.194,0.0
"Juice: apple, of a Brix value exceeding 20, unfermented, not",31,1826828.203,0.0
"Wine: still, in containers holding more than 2 litres",31,3147857.7199999997,0.0
"Meat: of swine, carcasses and half-carcasses, fresh or chill",31,2929636.788,0.0
"Fruit, edible: fruits n.e.c. in heading no. 0801 to 0810, fr",31,2919260.989,0.0
Gold compounds,31,1923121.87,0.0
Vegetable products: n.e.c. in chapter 14,31,830445.7,0.0
"Meat: of bovine animals, carcasses and half-carcasses, fresh",31,2488585.234,0.0
"Fruit, edible: pineapples, fresh or dried",31,2502043.949,0.0
"Fruit, edible: raspberries, blackberries, mulberries, and lo",31,2679788.385,0.0
"Wood: for fuel, sawdust and wood waste and scrap, whether or",31,6151868.11,0.0
"Sculptures and statuary: original, in any material",31,4513483.272,0.0
"Ferrous products: obtained by direct reduction of iron ore, ",31,4534874.431,0.0
"Newspapers, journals and periodicals: whether or not illustr",31,1818784.455,0.0
"Fertilizers, mineral or chemical: nitrogenous, mixtures of u",31,968981.5279999999,0.0
"Footwear: n.e.c. in heading no. 6403, with outer soles and u",31,1601983.1400000001,0.0
"Sands: natural, silica and quartz sands, whether or not colo",31,1133622.431,0.0
Starch: manioc (cassava),31,2884867.157,0.0
"Chemical elements: doped for use in electronics, in the form",31,21230654.262,0.0
"Shirts: men's or boys', of man-made fibres, knitted or croch",31,2757619.484,0.0
"Diamonds: non-industrial, unworked or simply sawn, cleaved o",31,31904459.69,0.0
Cereals: rice in the husk (paddy or rough),31,1985463.439,0.0
"Nuts, edible: hazelnuts or filberts (corylus spp.), fresh or",30,1611340.017,0.0
"Vegetables, leguminous: beans of the species vigna mungo (l.",30,1970351.347,0.0
"Fish: frozen, skipjack or stripe-bellied bonito, excluding f",30,1793088.19,0.0
"Vegetables: cucumbers and gherkins, fresh or chilled",30,3618836.007,0.0
Vegetables: fruits of the genus capsicum or of the genus pim,30,5728615.188,0.0
"Fruit, edible: watermelons, fresh",30,1821488.972,0.0
Titanium ores and concentrates,30,3601575.338,0.0
Juice: of any single fruit or vegetable n.e.c. in heading no,30,2669818.1859999998,0.0
Honey: natural,30,1735578.627,0.0
"Fish: frozen, cod (Gadus morhua, Gadus ogac, Gadus macroceph",30,1764213.899,0.0
"Thermometers and pyrometers: (other than liquid filled, for ",30,2582861.2139999997,0.0
Fuel elements (cartridges): non-irradiated,30,3385936.944,0.0
Vehicle parts: suspension systems and parts thereof (includi,30,18275733.793,0.0
"Engines: parts, suitable for use solely or principally with ",30,22207998.544999998,0.0
Lasers: other than laser diodes,30,6282046.575,0.0
"Petroleum gases and other gaseous hydrocarbons: liquefied, b",30,8194126.39,0.0
Stones: precious (other than diamonds) and semi-precious sto,30,3399490.191,0.0
"Fish fillets: fresh or chilled, salmon, Pacific (Oncorhynchu",30,6167444.584000001,0.0
"Flours, meals and pellets: of fish or of crustaceans, mollus",30,6084364.408,0.0
Cobalt oxides and hydroxides: commercial cobalt oxides,30,4646361.461999999,0.0
"Copper: refined, unwrought, n.e.c. in item no. 7403.1",30,1443038.303,0.0
"Rubber: vulcanised (other than hard rubber), gaskets, washer",30,5643175.181,0.0
"Vegetable fats and oils and their fractions: fixed, n.e.c. i",30,2192083.255,0.0
"Apparel: articles of apparel, of leather or of composition l",30,1859070.845,0.0
"Vegetable preparations: olives, prepared or preserved otherw",30,1934633.599,0.0
"Candles, tapers and the like",30,3002990.014,0.0
Copper: waste and scrap,30,15096420.594,0.0
Meters: speed indicators and tachometers: stroboscopes,29,5059148.924000001,0.0
"Fertilizers, mineral or chemical: nitrogenous, urea, whether",29,7478666.048,0.0
"Petroleum gases and other gaseous hydrocarbons: liquefied, e",29,2052421.308,0.0
"Waters: including mineral and aerated, containing added suga",29,5315404.561,0.0
"Diamonds: industrial, unworked or simply sawn, cleaved or br",29,2099563.438,0.0
"Vegetables: lettuce (lactuca sativa), (other than cabbage le",29,1595372.568,0.0
"Wood: for fuel, in chips or particles, non-coniferous, wheth",29,5170721.617,0.0
"Fruit, edible: fruit and nuts n.e.c. in heading no. 0811, un",29,3926956.061,0.0
"Printed matter: pictures, designs and photographs, n.e.c. in",29,1624679.112,0.0
Silicon: containing by weight not less than 99.99% of silico,29,4518760.02,0.0
"Wigs, false beards, eyebrows and eyelashes, switches and the",28,1718474.63,0.0
Plastics: other articles n.e.c. in chapter 39,28,37472016.435,0.0
Optical instruments and appliances: for inspecting semicondu,28,7766466.845,0.0
Metals: silver powder,28,1923621.6330000001,0.0
"Optical elements: polarising material, sheets and plates the",28,4590028.657,0.0
Iron ores and concentrates: non-agglomerated,28,32931852.77,0.0
"Vegetables: edible, n.e.c. in chapter 07, fresh or chilled",28,2354146.228,0.0
"Metals: platinum, unwrought or in powder form",28,13096531.415000001,0.0
"Fruit, edible: cherries, other than sour cherries (Prunus ce",28,4366798.51,0.0
Tallow: other than those of heading 1503,28,2284212.151,0.0
"Metals: rhodium, unwrought or in powder form",28,10226769.565,0.0
"Crustaceans: frozen, shrimps and prawns, excluding cold-wate",28,17957874.505,0.0
"Wood: windows, French-windows and their frames",28,2310598.689,0.0
"Cocoa beans: whole or broken, raw or roasted",28,9576975.101,0.0
Iron or steel: threaded screws and bolts n.e.c. in item no. ,28,11774384.923,0.0
Zirconium ores and concentrates,28,1726791.975,0.0
Vegetable oils: palm kernel or babassu oil and their fractio,28,2406630.072,0.0
Heterocyclic compounds: lactams: other than 6-hexanelactam (,27,39118728.535,0.0
Iodine,27,2187209.192,0.0
"Acyclic hydrocarbons: unsaturated, buta-1,3-diene and isopre",27,1952209.344,0.0
"Waste and scrap of precious metals: of gold, including metal",27,14371728.166000001,0.0
Plants and parts (including seeds and fruits) n.e.c. in head,27,2718246.179,0.0
"Cotton yarn: (not sewing thread), single, of uncombed fibres",27,3233702.738,0.0
Instruments and apparatus: for measuring or checking pressur,27,7120342.182,0.0
"Wood pulp: chemical wood pulp, dissolving grades",27,6488623.402,0.0
Copper ores and concentrates,27,98125583.236,0.0
"Acyclic hydrocarbons: unsaturated, ethylene",27,6379876.484,0.0
Wood pulp: obtained by a combination of mechanical and chemi,27,1982927.0890000002,0.0
"Metals: silver, unwrought, (but not powder)",27,21082622.378,0.0
Oils: petroleum oils and oils obtained from bituminous miner,27,236628448.979,0.0
Valves: for oleohydraulic or pneumatic transmissions,27,8367033.905,0.0
"Vegetable oils: palm oil and its fractions, crude, not chemi",27,12522798.962,0.0
Magnetic media: other than cards incorporating a magnetic st,27,2264434.683,0.0
"Manganese ores and concentrates, including ferruginous manga",27,6850906.706,0.0
"Fruit, edible: melons, other than watermelons, fresh",26,1396229.441,0.0
Vehicle parts and accessories: n.e.c. in heading no. 8708,26,50685427.991,0.0
"Compounds, inorganic or organic (excluding cerium), of rare-",26,3455565.9810000006,0.0
Precious metal ores and concentrates: (excluding silver),26,11397629.495000001,0.0
"Lead: unwrought, unrefined, not containing by weight antimon",26,1638890.742,0.0
Carbonates: lithium carbonate,26,8461530.729,0.0
"Meat: of swine, hams, shoulders and cuts thereof, with bone ",26,5685580.334,0.0
"Dresses: women's or girls', of synthetic fibres (not knitted",26,5039727.211,0.0
Iron or steel (excluding cast iron): casing and tubing of a ,26,2247496.214,0.0
Floating or submersible drilling or production platforms,25,10503260.647,0.0
"Steel, stainless: semi-finished products, other than of rect",25,2043519.5520000001,0.0
"Food preparations: bakers' wares n.e.c. in heading no. 1605,",25,20462384.645999998,0.0
Antiques: of an age exceeding one hundred years,25,2135371.156,0.0
"Vegetables: pumpkins, squash and gourds (Cucurbita spp.), fr",25,1257902.926,0.0
"Vegetable oils: olive oil and its fractions, other than virg",25,831927.959,0.0
"Juice: orange, not frozen, of a Brix value not exceeding 20,",25,1760928.608,0.0
Ferrous waste and scrap: of stainless steel,25,8433402.502,0.0
Unsaturated chlorinated derivatives of acyclic hydrocarbons:,25,3060288.038,0.0
"Forage products including swedes, mangolds, fodder roots, ha",25,2983239.811,0.0
Aluminium ores and concentrates,25,10190661.006000001,0.0
Parts of electronic integrated circuits,25,19253714.015,0.0
Ammonia: anhydrous,25,5476089.762,0.0
Waste and scrap of precious metals: waste and scrap of preci,24,8031176.824,0.0
Animal or vegetable fats and oils and their fractions: oxidi,24,9589564.375,0.0
Cosmetic and toilet preparations: n.e.c. in heading no. 3304,24,31581738.064,0.0
"Fruit, edible: durians, fresh",24,7319166.15,0.0
"Paper or paperboard: waste and scrap, of unbleached kraft pa",24,3157059.159,0.0
"Lignite: whether or not pulverised, but not agglomerated, ex",24,11190708.809999999,0.0
Amine-function compounds: aromatic monoamines and their deri,24,1512859.464,0.0
"Hides and skins: raw, whole, of bovine or equine animals, of",24,2398415.466,0.0
"Fish fillets: frozen, Alaska pollack (Theraga chalcogramma)",24,1750893.146,0.0
Silver ores and concentrates,24,2757564.415,0.0
"Fish fillets: frozen, cod (Gadus morhua, Gadus ogac, Gadus m",24,2073064.8229999999,0.0
Oils and products of the distillation of high temperature co,24,3005156.188,0.0
"Spices: fruits of the genus Capsicum or Pimenta, dried, neit",23,1848381.8390000002,0.0
"Epoxides, epoxyalcohols, epoxyphenols and epoxyethers: with ",23,1974667.281,0.0
Machines and apparatus of heading 8486: parts and accessorie,23,27712187.425,0.0
"Juice: orange, not frozen, of a Brix value exceeding 20, unf",23,895088.997,0.0
"Vegetable roots and tubers: manioc (cassava), with high star",23,3076496.683,0.0
"Sugars: cane sugar, raw, in solid form, as specified in Subh",23,2706922.31,0.0
"Steel, alloy: semi-finished products",22,3888092.518,0.0
Cyclic hydrocarbons: p-xylene,22,15610446.824,0.0
"Vegetable oils: olive oil and its fractions, virgin, whether",21,3860007.817,0.0
"Petroleum oils and oils from bituminous minerals, not crude:",21,207002129.685,0.0
"Waters: other than mineral and aerated, (not containing adde",21,1321805.827,0.0
"Horses: live, other than pure-bred breeding animals",21,2223414.7539999997,0.0
Zinc ores and concentrates,20,9749451.422,0.0
"Crustaceans: not frozen, crabs, whether in shell or not, smo",20,2537379.06,0.0
Mineral substances: n.e.c. in chapter 25,20,1347972.3190000001,0.0
"Base metals, silver or gold, clad with platinum: not further",19,1878216.439,0.0
"Molluscs: octopus (Octopus spp.), frozen, dried, salted, in ",19,1115027.528,0.0
"Crustaceans: not frozen, lobsters (Homarus spp.), whether in",19,1615658.079,0.0
Waste and scrap of precious metal or of metal clad with prec,19,1984851.304,0.0
Molybdenum ores and concentrates: other than roasted,19,3964092.79,0.0
"Photographic plates and film: exposed and developed, (other ",19,1696615.717,0.0
"Pumps: fuel, lubricating or cooling medium pumps for interna",19,4754293.16,0.0
"Metals: iridium, osmium, ruthenium, unwrought or in powder f",18,1957507.103,0.0
Lead ores and concentrates,18,5930811.343,0.0
"Uranium: enriched in U235, plutonium, their compounds, alloy",18,8914514.256000001,0.0
Ferro-alloys: ferro-nickel,18,18653619.303,0.0
"Waste and scrap of precious metals: of platinum, including m",18,6069008.908,0.0
Cyclic hydrocarbons: benzene,17,8019094.121,0.0
"Uranium: natural uranium and its compounds, alloys, dispersi",17,7686880.2469999995,0.0
"Collections and collectors' pieces: of zoological, botanical",17,626271.553,0.0
"Steel, stainless: semi-finished products, of rectangular (ot",17,2834541.815,0.0
"Gases, rare: other than argon",16,1659817.313,0.0
"Copper: unrefined, copper anodes for electrolytic refining",16,9981066.814,0.0
Nickel ores and concentrates,15,5070006.275,0.0
Rubber: mixtures of natural and synthetic rubbers of heading,14,5148230.256,0.0
"Paintings, drawings and pastels: executed entirely by hand, ",13,13425132.398,0.0
Nickel: oxide sinters and other intermediate products of nic,12,5979501.811,0.0
"Fruit, edible: dates, fresh or dried",12,281037.46499999997,0.0
Nickel: nickel mattes,11,9636041.793,0.0
"Wool: (not carded or combed), greasy (including fleece-washe",10,2373792.719,0.0
"Nuts, edible: cashew nuts, fresh or dried, in shell",10,4051059.2470000004,0.0
