hs2,cluster_kmeans,cluster_agg,log_world_import,world_import_slope,opportunity_rate,mean_rca,mean_market_penetration,log_n_markets,log_n_products
101,0,0,22.298030363783027,0.05668267774779958,0.25082599118942733,0.016837643782958815,4.50721645225907e-06,5.429345628954441,1.6094379124341003
102,0,0,23.606045756652417,0.008020687732755686,0.4817180616740088,,0.0,5.429345628954441,1.791759469228055
103,0,0,22.78876064702792,-0.026899766229211673,0.2026431718061674,,0.0,5.429345628954441,1.3862943611198906
104,0,0,22.009349951559802,0.027893321500256574,0.2026431718061674,0.01592238475559202,0.00027533039647577095,5.429345628954441,1.0986122886681098
105,0,0,22.467328899365715,0.006406342826436325,0.4161422278162366,0.0004040170339512006,2.7054883616054483e-08,5.429345628954441,2.0794415416798357
106,0,0,21.643915856204586,0.02390747788341454,0.3325144018976618,0.041247509796668774,7.807300150077015e-06,5.429345628954441,2.6390573296152584
201,0,0,24.416204782852777,0.01987631854430186,0.20245961820851688,0.0011917744689525353,1.8946559526902886e-08,5.429345628954441,1.3862943611198906
202,0,0,24.41722612291125,0.05372838414382851,0.20245961820851688,0.0015498767927581345,6.614532363060345e-05,5.429345628954441,1.3862943611198906
203,0,0,24.714404712245084,0.004772461249208498,0.20245961820851688,0.0018347846924086208,1.5536275417693769e-07,5.429345628954441,1.9459101490553132
204,0,0,23.26822019618914,0.03352340550635421,0.2026431718061674,,0.0,5.429345628954441,2.302585092994046
205,0,0,20.523109648620316,-0.010921621887626212,0.2026431718061674,,0.0,5.429345628954441,0.6931471805599453
206,0,0,23.40495178017342,0.03682560033227161,0.20258198727361723,0.0029759703167986638,4.84602804387139e-07,5.429345628954441,2.302585092994046
207,0,0,24.587836262622204,0.0006885758704642359,0.20696151170878738,0.07385083951638997,0.00010727473113276684,5.429345628954441,2.995732273553991
208,0,0,21.167053159353628,-0.01905668173081572,0.5847099853157122,,0.0,5.429345628954441,1.9459101490553132
209,0,0,21.052502955374404,-0.047385009742102364,0.2026431718061674,,0.0,5.429345628954441,1.0986122886681098
210,0,0,22.847039551705215,-0.011625110344362956,0.3895236784140969,,0.0,5.429345628954441,2.1972245773362196
301,2,2,22.072794286232387,0.02589090559572775,0.30031662995594716,16.565927969780528,0.0006534521224420962,5.429345628954441,2.1972245773362196
302,0,0,24.192896731852542,0.04805524268561504,0.2772839311936228,0.7618026613001736,0.0002868973421597923,5.429345628954441,3.7612001156935624
303,0,0,24.539012343356593,0.024383374236283856,0.2387315998710648,0.9894283785785598,7.416873391944396e-05,5.429345628954441,3.7376696182833684
304,0,0,24.476079864804525,0.022905918556133997,0.2607446008380789,0.40909722562995715,1.713193405740939e-05,5.429345628954441,3.7376696182833684
305,0,0,23.169935412555176,0.020038538251532657,0.2473568281938326,0.014280912927799384,2.526900690811236e-05,5.429345628954441,3.044522437723423
306,0,0,24.5754175091973,0.0537076738842542,0.19827721837633733,0.1097160079853809,0.00040703864727891604,5.429345628954441,2.70805020110221
307,0,0,23.807611943095676,0.040071390130442974,0.21767297227260948,1.2076362052113354,0.0006004802168086096,5.429345628954441,2.8903717578961645
308,0,0,20.939380844208184,0.02779011094500468,0.2521108663729809,0.22594837529705547,9.190948966527948e-05,5.429345628954441,1.9459101490553132
401,0,0,23.531224905718947,0.02199800656521075,0.20057819383259912,0.0082846616398789,0.00014773146627566523,5.429345628954441,1.6094379124341003
402,0,0,24.419704056938773,-0.01734638375127891,0.19966960352422908,0.012580889478994453,6.0891554695141555e-05,5.429345628954441,1.791759469228055
403,0,0,22.876409474787334,0.0025865250483041342,0.20044052863436124,0.10443022946062885,0.0008938992233339628,5.429345628954441,1.0986122886681098
404,0,0,22.911739473183438,-0.04164099306005439,0.2026431718061674,0.0014407150192853758,5.86891874908187e-05,5.429345628954441,1.0986122886681098
405,0,0,23.487555780792366,0.05480491723542419,0.2011747430249633,0.004250568928034378,6.49056132286039e-05,5.429345628954441,1.3862943611198906
406,0,0,24.744927835077736,0.011212822066907161,0.20066079295154185,0.006534880751452423,0.0001161462510743439,5.429345628954441,1.791759469228055
407,0,0,22.785487879886304,0.003177189240974347,0.20187224669603523,0.06407537163950734,0.0001275276382989653,5.429345628954441,1.791759469228055
408,0,0,21.41137269090938,0.005307911867737237,0.20250550660792951,0.008128729352631125,0.0001736042023594979,5.429345628954441,1.6094379124341003
409,0,0,22.088140422949436,0.01563285929732839,0.1921806167400881,0.006031941752726229,2.2467076533008718e-05,5.429345628954441,0.6931471805599453
410,0,0,20.873975114576183,0.08606954943315757,0.2026431718061674,4.55934334317561e-05,0.00026848138163806516,5.429345628954441,0.6931471805599453
501,0,0,19.35713676980609,0.01686399900479882,0.2026431718061674,0.051563161571035104,0.0005506607929515419,5.429345628954441,0.6931471805599453
502,0,0,19.303518165926516,-0.016067011851305175,0.2026431718061674,0.022970010534716225,0.00027533039647577095,5.429345628954441,1.0986122886681098
504,0,0,22.864027920917845,0.01193942869322795,0.20209251101321585,0.000537091636286212,1.3651912593281168e-08,5.429345628954441,0.6931471805599453
505,0,0,21.872134703065996,-0.016743512303431313,0.2026431718061674,0.0021293815272954704,0.0002459035498683076,5.429345628954441,1.0986122886681098
506,0,0,20.337494553037644,-0.013628946941100522,0.2026431718061674,0.0001351353165313664,2.5003908656985457e-05,5.429345628954441,1.0986122886681098
507,0,0,19.459537753784655,0.05256052145057038,0.352147577092511,,0.0,5.429345628954441,1.0986122886681098
508,0,0,19.591989934222248,-0.03589851057639061,0.2026431718061674,0.008833021067179432,6.714624853037432e-05,5.429345628954441,0.6931471805599453
510,0,0,20.03627690947755,0.05019555099012759,0.2026431718061674,,0.0,5.429345628954441,0.6931471805599453
511,0,0,22.324864740240674,0.030729795221788973,0.20227606461086636,0.0008563457192085122,1.4834033258394202e-06,5.429345628954441,1.3862943611198906
601,0,0,21.88540477236327,0.0019985682004352184,0.20236784140969163,0.010983139216682529,8.833028166043983e-05,5.429345628954441,1.0986122886681098
602,0,0,23.412842311176895,0.020958927170776662,0.2025330396475771,0.003850188655878986,0.00021762989699466182,5.429345628954441,1.791759469228055
603,0,0,23.464651645767677,0.013456362216406252,0.2023285084959094,0.00030954743925964864,9.848955111025203e-06,5.429345628954441,2.0794415416798357
604,0,0,21.546570015865427,0.004718348346355951,0.20099118942731278,0.007948635173553863,0.0005499687828430118,5.429345628954441,1.0986122886681098
701,0,0,22.813982808692217,0.024979473256030067,0.191079295154185,0.03533873706290706,0.00032902614151731664,5.429345628954441,1.0986122886681098
702,0,0,23.522483416965855,0.009826273835264217,0.18722466960352424,0.0028714356713308085,3.3085659057172666e-05,5.429345628954441,0.6931471805599453
703,0,0,23.135625878913473,0.04661299067669026,0.19089574155653452,0.0420340771498113,0.0009489795590116863,5.429345628954441,1.3862943611198906
704,0,0,22.379167802097356,0.034130072779196476,0.1960352422907489,0.0016063316718627268,3.296140899472852e-06,5.429345628954441,1.3862943611198906
705,0,0,22.33503582378351,0.015787331807318845,0.20002753303964757,0.0007231585360986458,5.8383076059306084e-05,5.429345628954441,1.6094379124341003
706,0,0,21.94173848394786,0.020372342939349482,0.1930066079295154,0.007713664206735014,5.4713208206900085e-06,5.429345628954441,1.0986122886681098
707,0,0,22.26324947434796,0.025963801828885552,0.191079295154185,0.0012462251974175523,2.663103570276591e-06,5.429345628954441,0.6931471805599453
708,0,0,21.72954004667558,0.013697371792075483,0.19016152716593246,0.019622647716214008,0.00019927529880833995,5.429345628954441,1.3862943611198906
709,0,0,23.918870478742082,0.03488473051151748,0.19127953544253104,0.3509906387228607,0.0010328544267765982,5.429345628954441,2.4849066497880004
710,0,0,23.187260877240995,0.02396181205427699,0.20002753303964757,0.03660343406334736,0.0001830980159320341,5.429345628954441,2.1972245773362196
711,0,0,21.005935406794244,0.00938857057087285,0.19702643171806167,0.041850688441130095,0.00010257606695688764,5.429345628954441,1.791759469228055
712,0,0,22.57539804850926,0.07859713816907353,0.2011747430249633,0.014260501147798964,0.00019539597976294114,5.429345628954441,1.9459101490553132
713,0,0,23.786485937164723,0.013752852088773674,0.20030286343612336,0.006179891652618336,4.446914752209452e-05,5.429345628954441,2.5649493574615367
714,0,0,22.43563246899768,-0.009446474128235193,0.20145007342143906,0.0011885238110582916,4.514324232750211e-07,5.429345628954441,1.9459101490553132
801,0,0,23.39645147543161,0.12343917106588523,0.2023285084959094,0.005635049582385359,3.070458404716253e-07,5.429345628954441,2.0794415416798357
802,0,0,24.177396330656023,0.03930565690160054,0.2079662261380323,0.02439632015743955,0.00016211128321295048,5.429345628954441,2.772588722239781
803,0,0,23.925852258155025,0.036167496896440596,0.20236784140969163,9.90720466941141e-06,1.338852081827543e-08,5.429345628954441,1.0986122886681098
804,2,2,23.76603790811331,0.10663220121470474,0.16618942731277533,5.931232582890562,0.004438687687555756,5.429345628954441,1.791759469228055
805,0,0,23.96881699680837,0.02508770616767593,0.19526431718061674,0.0011982042407925261,2.644752379451359e-06,5.429345628954441,1.791759469228055
806,0,0,23.66061012389719,0.02042627967836556,0.197136563876652,0.0012218124681092062,2.9816729181026036e-05,5.429345628954441,1.0986122886681098
807,0,0,22.61374042255256,0.04204040175154732,0.19236417033773862,0.01294933202403112,8.18471361180494e-06,5.429345628954441,1.3862943611198906
808,0,0,23.661793304596564,-0.0008384616861314209,0.19842143906020557,0.003384045583786332,5.785974615422134e-05,5.429345628954441,1.3862943611198906
809,0,0,23.183206493225807,0.0509919793178565,0.1973568281938326,0.002624374552328761,7.482213489990461e-06,5.429345628954441,1.791759469228055
810,0,0,23.991461056399014,0.09608501323479837,0.19830671806167402,0.009652547910513587,7.253205959892329e-05,5.429345628954441,2.1972245773362196
811,0,0,22.845333334517914,0.030429922600943925,0.20154185022026433,0.005847442871491212,0.0001423620641195257,5.429345628954441,1.3862943611198906
812,0,0,19.8246247584118,0.022810292146146032,0.20209251101321585,0.0013960292769710754,7.390897342913887e-07,5.429345628954441,1.0986122886681098
813,0,0,22.184126265143252,0.016356490500510974,0.19856828193832599,0.10872480781918836,0.00015537176790010254,5.429345628954441,1.791759469228055
814,0,0,19.084192911193476,0.009752342304797199,0.2026431718061674,0.015514269392449712,0.0005506607929515419,5.429345628954441,0.6931471805599453
901,0,0,24.75902977871007,-0.0014603033019107042,0.19790748898678415,0.00601943672952132,0.00014665795668392253,5.429345628954441,1.791759469228055
902,0,0,23.27460900278759,0.031834982426168376,0.20030286343612336,0.0012832478264859799,6.855099363098967e-06,5.429345628954441,1.6094379124341003
903,0,0,19.6951025160719,0.008866080299850861,0.2026431718061674,,0.0,5.429345628954441,0.6931471805599453
904,0,0,22.770932216782157,0.00922358250650849,0.19823788546255505,0.009754929964692797,1.0543264168514412e-05,5.429345628954441,1.6094379124341003
905,0,0,21.03964270468082,0.35099214438295834,0.20016519823788545,0.010488480739088495,5.675776120190326e-05,5.429345628954441,1.0986122886681098
906,0,0,20.756451507490063,0.12483579313884775,0.20227606461086636,0.00019861740350137305,3.140365964533457e-08,5.429345628954441,1.3862943611198906
907,0,0,20.543642461353873,0.030209016253310236,0.2026431718061674,,0.0,5.429345628954441,1.0986122886681098
908,0,0,21.117689309670453,0.07276226974266291,0.20255139500734215,0.00039265439403145263,4.151542501625166e-07,5.429345628954441,1.9459101490553132
909,0,0,21.1504484859231,0.10224845711418083,0.2011747430249633,0.004148544619855707,0.00010376005346993544,5.429345628954441,1.9459101490553132
910,0,0,22.282874795171992,0.06773197301987526,0.19869676945668135,0.01080756928671639,6.551675349038382e-05,5.429345628954441,1.9459101490553132
1001,0,0,25.239717299962162,-0.00686025736060278,0.20140418502202642,0.001280412350916048,8.496816077636082e-05,5.429345628954441,1.6094379124341003
1002,0,0,20.2582667543527,-0.07290978119843283,0.2026431718061674,,0.0,5.429345628954441,1.0986122886681098
1003,0,0,23.40044967268715,-0.007796236394537827,0.2026431718061674,,0.0,5.429345628954441,1.0986122886681098
1004,0,0,21.171894505020315,0.002161696255914505,0.2026431718061674,,0.0,5.429345628954441,1.0986122886681098
1005,0,0,24.895361866894756,0.00709619710383609,0.20209251101321585,1.1540659017683217e-06,3.7881155945530997e-10,5.429345628954441,1.0986122886681098
1006,0,0,24.54297503325292,0.024742695857455498,0.2008535242290749,0.0016305248443858954,9.224415735937663e-07,5.429345628954441,1.6094379124341003
1007,0,0,21.982802855284067,-0.06925301288743867,0.20236784140969163,0.00017730248091887022,2.073069856240474e-07,5.429345628954441,1.0986122886681098
1008,0,0,21.368821529180803,0.012186352315807109,0.30210627753303965,0.012559418032757076,5.260554083915561e-05,5.429345628954441,2.1972245773362196
1101,0,0,22.94749216413009,0.0016582607884206581,0.1921806167400881,0.5096793639844295,0.0010785919300881734,5.429345628954441,0.6931471805599453
1102,0,0,21.28715455151619,0.04685141339849616,0.20044052863436124,0.0009191691468959903,5.42872274054093e-06,5.429345628954441,1.0986122886681098
1103,0,0,21.526565721858386,-0.015148632793943215,0.19754955947136563,0.5077457865106441,0.0012517612760506484,5.429345628954441,1.6094379124341003
1104,0,0,21.818524149689566,0.03495900983968451,0.19961453744493393,0.01577697520554884,1.551600924668414e-05,5.429345628954441,1.9459101490553132
1105,0,0,20.991342380445143,0.02869985039311898,0.20126651982378854,0.00985221911391361,0.0005459782459715611,5.429345628954441,1.0986122886681098
1106,0,0,20.74277804499265,0.07699541971334319,0.2000734214390602,0.01854840668010533,0.000385625157791505,5.429345628954441,1.3862943611198906
1107,0,0,22.68091346431622,-0.008353442831437246,0.2026431718061674,,0.0,5.429345628954441,1.0986122886681098
1108,0,0,22.783177702667583,0.02951805779207009,0.2011747430249633,0.0016016252949937427,5.939278036522477e-07,5.429345628954441,1.9459101490553132
1109,0,0,21.709134605963254,0.055919676614542405,0.2026431718061674,,0.0,5.429345628954441,0.6931471805599453
1201,0,0,25.381474582350823,0.017643250498966596,0.20236784140969163,2.815591945325808e-05,6.235582963953257e-09,5.429345628954441,1.0986122886681098
1202,0,0,22.35183104281108,0.04754050516610488,0.20172540381791484,0.014697295156477575,6.659898361297142e-06,5.429345628954441,1.3862943611198906
1203,0,0,19.056441316056187,0.040613181096111006,0.20209251101321585,0.021236721487069652,3.14476354483841e-06,5.429345628954441,0.6931471805599453
1204,0,0,21.212204587276833,-0.018912008147686534,0.20154185022026433,0.00017645850247082753,1.7464426890375025e-07,5.429345628954441,0.6931471805599453
1205,0,0,23.752263587428978,-0.03152077967242744,0.2026431718061674,,0.0,5.429345628954441,1.0986122886681098
1206,0,0,22.667940350997693,0.017810860313812387,0.20209251101321585,0.004443447507738208,5.633782251491397e-07,5.429345628954441,0.6931471805599453
1207,0,0,22.953743441613717,0.04154064034868865,0.20225770925110131,0.13737831328653902,4.771452718931606e-06,5.429345628954441,2.3978952727983707
1208,0,0,21.461023179110054,-0.11912396404284406,0.20099118942731278,0.08119906003447834,0.0003294904700415016,5.429345628954441,1.0986122886681098
1209,0,0,23.3045676868545,0.02506486958307968,0.20154185022026433,0.025554977514148147,5.909993885929897e-05,5.429345628954441,2.3978952727983707
1210,0,0,20.622394089228784,0.1138534429493335,0.20209251101321585,0.0074047894150887665,3.1604021152566387e-06,5.429345628954441,1.0986122886681098
1211,0,0,22.45731851388601,0.024303028125506828,0.5227147577092511,0.005109103292122329,0.0005305119482292599,5.429345628954441,1.6094379124341003
1212,2,2,21.988612539117305,0.04165676769559578,0.1869100062932662,11.812457131237734,0.004705172985815659,5.429345628954441,2.0794415416798357
1213,0,0,20.400011018391126,0.028017294930929023,0.2026431718061674,,0.0,5.429345628954441,0.6931471805599453
1214,0,0,22.357027324514597,0.01661078544704989,0.20154185022026433,0.012682727151615938,1.5278161201836982e-06,5.429345628954441,1.0986122886681098
1301,0,0,21.191717472904617,0.028159306567220037,0.20236784140969163,0.009285181693080187,6.47379371634344e-08,5.429345628954441,1.0986122886681098
1302,0,0,23.28643175545477,-0.028265030905854104,0.20099118942731278,0.009620609983995748,0.0001438397390631197,5.429345628954441,2.1972245773362196
1401,0,0,19.9043397760499,0.0018855658174012173,0.20209251101321585,0.016572684604137113,1.4056714280270166e-06,5.429345628954441,1.3862943611198906
1404,0,0,21.26987112943107,0.037910043768769545,0.20044052863436124,0.0017432163076578782,0.0005155088210767431,5.429345628954441,1.0986122886681098
1501,0,0,20.752624918415965,-0.014827569337176312,0.2026431718061674,0.0005761898432922546,3.636275062460418e-05,5.429345628954441,1.3862943611198906
1502,0,0,21.648341754828504,-0.019127729670058796,0.20236784140969163,0.006497745718716491,2.3573790697315158e-05,5.429345628954441,1.0986122886681098
1503,0,0,19.007470136527036,-0.0664524226731656,0.20099118942731278,0.11787648396724824,0.0011214951811267125,5.429345628954441,0.6931471805599453
1504,0,0,22.038624862517608,0.009656660051809277,0.2026431718061674,3.663747511026442e-05,0.00018355359765051394,5.429345628954441,1.3862943611198906
1505,0,0,19.933896172612197,-0.08242788699425065,0.2026431718061674,,0.0,5.429345628954441,0.6931471805599453
1506,0,0,20.305313281810076,0.009683096219355057,0.2026431718061674,,0.0,5.429345628954441,0.6931471805599453
1507,0,0,23.659454703064796,-0.026286028831308112,0.1987885462555066,0.8312572776036705,0.0014794853510798694,5.429345628954441,1.0986122886681098
1508,0,0,20.485708075827784,0.015688155241615213,0.20126651982378854,0.021827862069130358,0.0005229902501664442,5.429345628954441,1.0986122886681098
1509,0,0,23.335156646837945,0.039559273512643135,0.18034140969162996,0.011771722248397285,0.0005651631926591425,5.429345628954441,1.0986122886681098
1510,0,0,20.401716003714238,0.039832304000746,0.1921806167400881,0.05658101883589314,0.0003303492788768998,5.429345628954441,0.6931471805599453
1511,0,0,24.874164059248645,-0.019163201631504118,0.20154185022026433,0.0031570711382141016,7.434494088968901e-05,5.429345628954441,1.0986122886681098
1512,0,0,23.672341284521515,0.031154171107685407,0.19837555066079296,0.13036656307000172,0.0003139431006846736,5.429345628954441,1.6094379124341003
1513,0,0,23.18075341217448,0.003374983521085366,0.20209251101321585,0.02495150328212763,0.0004256358889568382,5.429345628954441,1.6094379124341003
1514,0,0,23.301713363678545,-0.0312074003786058,0.2016795154185022,0.1892768714111311,0.0005741119453720953,5.429345628954441,1.6094379124341003
1515,0,0,22.833937776940363,0.013585288860318375,0.20091252359974826,0.007146637693407329,0.0004229923319446677,5.429345628954441,2.0794415416798357
1516,0,0,22.765639528469368,-0.014839694962128896,0.19851321585903084,0.0009948432434943404,0.00027689189160666933,5.429345628954441,1.0986122886681098
1517,0,0,23.05945284468175,-0.00933165045582389,0.18970264317180616,0.05702486404958236,0.0005417689249649272,5.429345628954441,1.0986122886681098
1518,0,0,22.431765137109302,0.11320312429451139,0.19273127753303965,0.022101912148283113,0.001507215044495122,5.429345628954441,0.6931471805599453
1520,0,0,20.69378309997153,0.039985519463711865,0.2026431718061674,,0.0,5.429345628954441,0.6931471805599453
1521,0,0,20.341751637130564,-0.018065086363585253,0.20209251101321585,0.000410658156793691,6.179941889044242e-05,5.429345628954441,1.0986122886681098
1522,1,1,19.39814405421674,-0.01740785598908198,0.1998898678414097,3.391776667581523,0.00018634798465610346,5.429345628954441,0.6931471805599453
1601,0,0,22.892759123671695,0.013498790482158735,0.20099118942731278,5.352713329504443e-05,5.297364655108012e-07,5.429345628954441,0.6931471805599453
1602,0,0,24.08293740071663,0.008410273766104228,0.20214757709251102,0.005264360826527253,8.496545802180345e-07,5.429345628954441,2.3978952727983707
1603,0,0,19.92875048122566,0.02281494652123436,0.2026431718061674,,0.0,5.429345628954441,0.6931471805599453
1604,0,0,24.117401113291674,0.008021652073532802,0.20099118942731278,0.011161848541492625,7.458643497965172e-06,5.429345628954441,2.4849066497880004
1605,0,0,23.563221534087337,0.01201463332489158,0.21922418012726383,0.02492059653839959,2.741589750876357e-05,5.429345628954441,2.9444389791664403
1701,1,0,24.76214620118084,-0.04103797506974897,0.18105726872246697,1.7762551063273282,0.003119291232285392,5.429345628954441,1.791759469228055
1702,0,0,23.2704741639935,-0.011519037537810176,0.19865088105726872,0.08316405597236753,1.8856478893913027e-05,5.429345628954441,2.1972245773362196
1703,0,0,21.43611017419904,-0.02632180121457281,0.1952092511013216,0.8860445098564356,0.0011381635098708885,5.429345628954441,1.0986122886681098
1704,0,0,23.716960559997613,0.025156784487775606,0.18997797356828194,0.005274324070792702,2.1653766175080524e-05,5.429345628954441,1.0986122886681098
1801,0,0,23.527472150837212,0.022634131013720298,0.20154185022026433,1.9571478353694037e-05,1.6221767495940238e-09,5.429345628954441,0.6931471805599453
1802,0,0,19.28404635111095,0.18886486012278478,0.2026431718061674,,0.0,5.429345628954441,0.6931471805599453
1803,0,0,22.564505218897583,0.008803969451657618,0.20154185022026433,0.007576869825980545,1.3364658514915573e-07,5.429345628954441,1.0986122886681098
1804,0,0,22.940551757645522,0.08218823862364569,0.1762114537444934,0.6451636236923167,0.0003141136144285909,5.429345628954441,0.6931471805599453
1805,0,0,22.243049580466565,-0.023088011954763017,0.1960352422907489,0.00029895089816760824,4.289690863206739e-07,5.429345628954441,0.6931471805599453
1806,0,0,24.6148711931368,0.02531969919309915,0.19284140969162997,0.008766998016315872,5.38500599585434e-05,5.429345628954441,1.791759469228055
1901,0,0,24.303099930689168,0.051250179659666974,0.19695301027900147,0.008662568369133636,1.8713115331643373e-05,5.429345628954441,1.3862943611198906
1902,1,0,23.529635713399603,0.03277486177919724,0.17995594713656388,1.5775813161521415,0.004780942543731024,5.429345628954441,1.791759469228055
1903,0,0,19.170770315559906,0.09863762433549547,0.20154185022026433,0.016735922847183657,1.1899898988025197e-06,5.429345628954441,0.6931471805599453
1904,0,0,23.151554236555242,0.027259905082956906,0.19823788546255505,0.025039729234733285,6.977221050828712e-05,5.429345628954441,1.6094379124341003
1905,0,0,24.807759454053436,0.04077295355190458,0.18933553597650513,0.03493489411732165,0.0007043264615907916,5.429345628954441,1.9459101490553132
2001,0,0,22.063588645331894,0.017869860384837604,0.1921806167400881,0.009222433269502816,0.00012923964862161165,5.429345628954441,1.0986122886681098
2002,0,0,22.835891160667032,-0.004152549660825995,0.1913546255506608,0.005574796629448333,0.00010340164409751248,5.429345628954441,1.0986122886681098
2003,0,0,21.340126516419907,-0.010512804745240458,0.20016519823788545,0.03222645646021658,0.00012760830714444313,5.429345628954441,1.0986122886681098
2004,0,0,23.377680264339514,0.04976554864174988,0.20016519823788545,0.0064526985921579,1.1069638062961114e-06,5.429345628954441,1.0986122886681098
2005,0,0,23.648029491156578,0.022306575208258274,0.19884361233480177,0.009943540451321972,4.3312439652761606e-05,5.429345628954441,2.3978952727983707
2006,0,0,20.479213863161156,0.027209145511173625,0.19383259911894274,0.02388340598215969,0.00030155415478431904,5.429345628954441,0.6931471805599453
2007,0,0,22.452141780772077,0.02681236035028068,0.1894273127753304,0.020149042342639117,0.0001528408701162378,5.429345628954441,1.3862943611198906
2008,0,0,24.006492679222546,0.028328130327567577,0.19925449000338868,0.017400816041397895,0.00012575921765461932,5.429345628954441,2.6390573296152584
2009,0,0,24.115762341867296,-0.009618406033481589,0.19690982119720135,0.03871177709176589,0.0008105612570745895,5.429345628954441,2.8903717578961645
2101,0,0,23.45551883536418,0.006653700045867855,0.19933920704845814,0.007570954812165926,0.00015219492066786288,5.429345628954441,1.6094379124341003
2102,0,0,22.22298509983989,0.034056457239193705,0.19640234948604993,0.011386489336459622,1.8275633560698594e-05,5.429345628954441,1.3862943611198906
2103,0,0,23.789712351135847,0.03755855029818035,0.1931442731277533,0.0011904680147290826,8.116116500671672e-06,5.429345628954441,1.6094379124341003
2104,0,0,22.486208043585417,0.013264063690186992,0.1952092511013216,0.005535334095318573,7.756316065217939e-05,5.429345628954441,1.0986122886681098
2105,0,0,22.65414796606864,0.039838787149342914,0.20154185022026433,0.00012716925168709608,7.773336535705975e-09,5.429345628954441,0.6931471805599453
2106,0,0,24.983407712964517,0.04918202404548143,0.18226872246696035,0.004828125706388157,2.043140825833853e-05,5.429345628954441,1.0986122886681098
2201,0,0,22.6322655482209,0.04622867653506639,0.17951541850220265,0.005794613367720607,0.00020177417530039873,5.429345628954441,1.0986122886681098
2202,0,0,24.237816354063863,0.043408981885198074,0.15335903083700442,0.3156717900040366,0.0032723301557144144,5.429345628954441,1.0986122886681098
2203,0,0,23.980649338639438,0.04206623878018211,0.191079295154185,0.0005626585107897072,2.300480379669761e-06,5.429345628954441,0.6931471805599453
2204,0,0,24.876720184096552,0.013254412717723239,0.19080396475770925,0.004371520620601962,2.00983807146802e-05,5.429345628954441,1.6094379124341003
2205,0,0,20.799630259806985,-0.022043125526660108,0.2026431718061674,,0.0,5.429345628954441,1.0986122886681098
2206,0,0,21.728123074839875,-4.8228617498588666e-05,0.20154185022026433,0.001164549710534093,1.2136004051469582e-05,5.429345628954441,0.6931471805599453
2207,0,0,23.490465623412906,-0.0002349589627306142,0.2026431718061674,0.00013535524079235812,0.00023671821025390673,5.429345628954441,1.0986122886681098
2208,0,0,24.764400813784878,0.02118759641791399,0.2013845185651353,0.002219257042732351,7.967891341239431e-06,5.429345628954441,2.0794415416798357
2209,0,0,20.923266000650653,0.034110172745232634,0.1883259911894273,0.04465371568520803,0.0012042162740652361,5.429345628954441,0.6931471805599453
2301,0,0,23.22273447329607,0.022928403546479775,0.2026431718061674,,0.0,5.429345628954441,1.0986122886681098
2302,0,0,22.067279101190156,0.016964044840762353,0.2018171806167401,0.06975885729600201,0.00010904410630420709,5.429345628954441,1.6094379124341003
2303,0,0,23.09287740303333,-0.017464843642928902,0.2026431718061674,,0.0,5.429345628954441,1.3862943611198906
2304,0,0,24.675470678673804,-0.02381313146921928,0.20209251101321585,2.9434766114345573e-08,5.592833624246309e-13,5.429345628954441,0.6931471805599453
2305,0,0,18.34041429857725,0.024222350708217565,0.2026431718061674,,0.0,5.429345628954441,0.6931471805599453
2306,0,0,23.28758662285731,-0.014148215917881655,0.20174834801762115,0.1026896116599099,1.462858718392569e-05,5.429345628954441,2.1972245773362196
2307,0,0,17.112045870257457,0.0036077440528578344,0.2026431718061674,,0.0,5.429345628954441,0.6931471805599453
2308,0,0,21.435646377046467,0.010581887446252172,0.19768722466960353,0.014812860720386884,1.1433969120183272e-05,5.429345628954441,0.6931471805599453
2309,0,0,24.617621454263187,0.03762201179361915,0.19465859030837004,0.010784151021835522,2.726871061679711e-06,5.429345628954441,1.0986122886681098
2401,0,0,23.780976759819573,-0.02641826357240345,0.2000734214390602,0.0043001839804976405,7.731764690405436e-07,5.429345628954441,1.3862943611198906
2402,0,0,24.567703256305723,0.016989490395082695,0.19676945668135096,0.0007017964774625083,2.638023753719828e-06,5.429345628954441,1.3862943611198906
2403,0,0,23.259015384651118,0.09153073624232692,0.19658590308370044,0.008175062737021144,0.0005335703597998141,5.429345628954441,1.6094379124341003
2501,0,0,22.584320698937553,0.021679647279954983,0.18777533039647576,0.06480127861636002,0.0011703768280990226,5.429345628954441,0.6931471805599453
2502,0,0,18.951449287184893,-0.06283970008429021,0.20154185022026433,0.001355921059466704,8.151225351708855e-09,5.429345628954441,0.6931471805599453
2503,0,0,22.77128564985865,-0.005202422845315252,0.2026431718061674,,0.0,5.429345628954441,0.6931471805599453
2504,0,0,20.621671033252458,0.03805189323373272,0.2026431718061674,0.0022095453286861333,0.00027533039647577095,5.429345628954441,1.0986122886681098
2505,0,0,22.030476994836196,0.021902325669645045,0.18722466960352424,0.0014235222323204944,3.281804584248847e-05,5.429345628954441,1.0986122886681098
2506,0,0,20.85379975889723,0.05233009885328698,0.20099118942731278,0.0024652773604813823,3.21410573777878e-07,5.429345628954441,1.0986122886681098
2507,0,0,21.94367104514555,-0.008053866106928412,0.1894273127753304,0.01432093910981144,2.4526523681942413e-05,5.429345628954441,0.6931471805599453
2508,0,0,22.06887639029339,0.014918166321048719,0.19741189427312775,0.02083811463451509,0.00021844443266062967,5.429345628954441,1.9459101490553132
2509,0,0,19.611889429982327,-0.027199510484725235,0.20099118942731278,0.00072524344676118,6.047471285102841e-07,5.429345628954441,0.6931471805599453
2510,2,2,22.629378071573925,-0.025966728469232276,0.1459251101321586,14.837761239037572,0.02031051017765502,5.429345628954441,1.0986122886681098
2511,0,0,21.16699425016208,-0.022029087420486513,0.2018171806167401,6.029912104462528e-05,9.786269529206979e-09,5.429345628954441,1.0986122886681098
2512,0,0,19.774796116833663,0.004864458165008874,0.197136563876652,0.004681769134292309,1.531507947044021e-05,5.429345628954441,0.6931471805599453
2513,0,0,20.27243056408409,0.037619720408732814,0.19823788546255505,0.008165412450191319,3.3106953396060483e-06,5.429345628954441,1.0986122886681098
2514,0,0,18.87260882651224,-9.721033785403677e-05,0.20209251101321585,0.0029065189286912704,1.0861315963623211e-07,5.429345628954441,0.6931471805599453
2515,0,0,22.301604156729685,-0.025814987835576137,0.190712187958884,0.04392243482428827,7.760347086420958e-05,5.429345628954441,1.3862943611198906
2516,0,0,22.10823024700382,-0.0032400180654610367,0.2008535242290749,0.0010110085602071106,1.303381948655089e-07,5.429345628954441,1.6094379124341003
2517,0,0,22.609089601242072,0.012968422165311402,0.197136563876652,0.004080062286258264,5.7374866654654776e-05,5.429345628954441,1.791759469228055
2518,0,0,20.930647769453685,-0.010794218480601761,0.20209251101321585,0.004311343771991644,0.00019093111697008762,5.429345628954441,1.3862943611198906
2519,0,0,22.10728890175333,0.02353942924197982,0.20209251101321585,0.002275249650517609,5.247473537848081e-07,5.429345628954441,1.0986122886681098
2520,0,0,21.675534802499403,0.036102908149320455,0.18997797356828194,0.07957737433966419,0.0002328894069991614,5.429345628954441,1.0986122886681098
2521,0,0,21.202859146750868,0.11003283138368561,0.19383259911894274,0.001396617406866278,1.2007409571151317e-05,5.429345628954441,0.6931471805599453
2522,0,0,21.453890016579262,0.01704947603813182,0.20227606461086636,0.06058839866332151,0.00026926000934908743,5.429345628954441,1.3862943611198906
2523,0,0,23.92263806607755,0.009138318393318847,0.19372246696035242,0.4882181098876677,0.0012642019620175112,5.429345628954441,1.791759469228055
2524,0,0,20.474841255449807,-0.0736934686696798,0.6013215859030837,,0.0,5.429345628954441,1.0986122886681098
2525,0,0,19.794516621996255,-0.00828918843709557,0.23586637298091043,,0.0,5.429345628954441,1.3862943611198906
2526,0,0,21.304740499535683,0.02753251759346106,0.2026431718061674,,0.0,5.429345628954441,1.0986122886681098
2528,0,0,20.33745638645256,0.020189341473075446,0.20209251101321585,0.16499393162113843,3.37615144245928e-06,5.429345628954441,0.6931471805599453
2529,0,0,21.66254980059549,0.032040830887516074,0.20154185022026433,0.004809793732678975,1.7280714396486795e-06,5.429345628954441,1.6094379124341003
2530,0,0,22.09518677478165,0.0654878793722225,0.19530102790014683,0.004841591852242342,8.383231030192895e-07,5.429345628954441,1.3862943611198906
2601,0,0,26.083976860327706,-0.025616810398024294,0.19860499265785608,0.00032576756521099864,1.7843936767972263e-05,5.429345628954441,1.3862943611198906
2602,0,0,23.048122912744166,0.10752306889334864,0.2026431718061674,,0.0,5.429345628954441,0.6931471805599453
2603,0,0,25.32031298631356,0.01826273765458812,0.20099118942731278,0.0010790209100022563,3.6257608046893816e-05,5.429345628954441,0.6931471805599453
2604,0,0,22.724259819055625,-0.08744354066752144,0.2026431718061674,,0.0,5.429345628954441,0.6931471805599453
2605,0,0,20.722694349816745,-0.08001613617695791,0.2026431718061674,,0.0,5.429345628954441,0.6931471805599453
2606,0,0,22.873374347639853,0.06911197225871771,0.2026431718061674,,0.0,5.429345628954441,0.6931471805599453
2607,0,0,23.146215492315022,-0.037291432758160305,0.20044052863436124,0.19423145381233636,5.5629488977962266e-05,5.429345628954441,0.6931471805599453
2608,0,0,23.566734572193834,0.0714951984311746,0.2026431718061674,,0.0,5.429345628954441,0.6931471805599453
2609,0,0,20.691068961663277,0.0762447960095518,0.2026431718061674,,0.0,5.429345628954441,0.6931471805599453
2610,0,0,22.30817968744354,0.02295617563249173,0.20154185022026433,0.01772935526319515,1.1313189001571987e-07,5.429345628954441,0.6931471805599453
2611,0,0,20.060210032206882,-0.12405736712934397,0.20154185022026433,0.00039810049733251136,2.5745234532117374e-06,5.429345628954441,0.6931471805599453
2612,0,0,21.15019338331843,0.021231721501472695,1.0,,0.0,5.429345628954441,1.0986122886681098
2613,0,0,22.674003346326945,-0.0064982092645320825,0.20236784140969163,4.5974350279401897e-07,1.0801424127088672e-12,5.429345628954441,1.0986122886681098
2614,0,0,22.3130987524771,-0.027149902988329724,0.20209251101321585,4.732720306280661e-05,3.7673814367960916e-10,5.429345628954441,0.6931471805599453
2615,0,0,21.985275938417043,-0.019229285793263228,0.2026431718061674,1.213241683870354e-06,1.3096004398581188e-08,5.429345628954441,1.0986122886681098
2616,0,0,23.247823686601368,0.028952599562881515,0.2018171806167401,1.8823214731329688e-05,1.1146925321249167e-09,5.429345628954441,1.0986122886681098
2617,0,0,20.53539140131547,0.00785824468742619,0.1998898678414097,0.010114430149199133,4.25034737727527e-06,5.429345628954441,1.0986122886681098
2618,0,0,21.138010884439648,0.05999917909667948,0.20099118942731278,0.00010236242958467302,3.98333181458982e-07,5.429345628954441,0.6931471805599453
2619,0,0,20.879597876239657,-0.11742075481095927,0.20209251101321585,1.4513495950552212e-05,1.2358163436544366e-09,5.429345628954441,0.6931471805599453
2620,2,2,22.840962082604047,-0.06288224668366665,0.4649412628487518,6.722523335425381,0.0009248894423366648,5.429345628954441,2.302585092994046
2621,0,0,20.49219995236568,-0.0003422544230633484,0.20209251101321585,0.014195295308893229,2.244720327249857e-06,5.429345628954441,1.0986122886681098
2701,0,0,26.147421828162784,0.011548162677410672,0.20223017621145375,0.00011883873383034045,1.2165377745452202e-06,5.429345628954441,1.6094379124341003
2702,0,0,22.64466660390114,0.06676879832981623,0.2026431718061674,,0.0,5.429345628954441,1.0986122886681098
2703,0,0,21.711701338959735,0.08380460510913683,0.20209251101321585,7.952111833669526e-05,3.268657270804827e-08,5.429345628954441,0.6931471805599453
2704,0,0,23.316599294496886,0.05970727201457683,0.2026431718061674,,0.0,5.429345628954441,0.6931471805599453
2705,0,0,18.094920645062494,0.1833909163311841,0.2026431718061674,,0.0,5.429345628954441,0.6931471805599453
2706,0,0,20.932098317827606,-0.02555423042402732,0.20154185022026433,3.0630147065772995e-05,3.5233575006471745e-08,5.429345628954441,0.6931471805599453
2707,2,2,24.56873907691679,0.015256488353068734,0.1985525487728131,28.717211186623498,0.001627491285636044,5.429345628954441,2.0794415416798357
2708,0,0,21.565152558920918,0.0733720285830487,0.2026431718061674,0.006560398996671673,1.6492817837477076e-05,5.429345628954441,1.0986122886681098
2709,2,2,28.39964233846544,-0.07839201814426223,0.09966960352422907,5.947198872232921,0.007678024661509396,5.429345628954441,0.6931471805599453
2710,2,1,27.93735786925761,-0.05447116192746458,0.08535242290748898,4.4257438635298785,0.0046810946581526645,5.429345628954441,0.6931471805599453
2711,2,2,27.17370721512828,-0.04832016190776202,0.16464757709251102,56.468083344322416,0.01111086421915707,5.429345628954441,2.0794415416798357
2712,0,0,22.69919926195768,-0.029644935250183746,0.20227606461086636,0.0011136694828185773,2.4835449558600275e-05,5.429345628954441,1.3862943611198906
2713,0,0,24.336915169599806,-0.0069817237565813536,0.20099118942731278,0.13722912082561678,0.0001111304570400384,5.429345628954441,1.6094379124341003
2714,0,0,21.43105935484991,-0.019717017561064417,0.20044052863436124,0.007767930269298275,0.0002825253421573347,5.429345628954441,1.0986122886681098
2715,0,0,22.304028336107883,-0.03403995607048899,0.20154185022026433,0.005540539478666135,1.1295990712584736e-07,5.429345628954441,0.6931471805599453
2716,0,0,24.90981926874113,-0.01072973789489343,0.1987885462555066,0.14047286509753285,0.0018226435338626495,5.429345628954441,0.6931471805599453
2801,0,0,21.686305580683438,-0.03627547983341732,0.20227606461086636,0.3384201808795667,0.0005765434642472851,5.429345628954441,1.3862943611198906
2802,0,0,20.32574014828694,-0.10283490762851602,0.2026431718061674,,0.0,5.429345628954441,0.6931471805599453
2803,0,0,22.848350120925076,0.00038465152255241975,0.20209251101321585,2.2690314686553854e-06,1.0055737005576449e-10,5.429345628954441,0.6931471805599453
2804,2,2,23.81865746521193,-0.019634816693796815,0.1945334401281538,8.530753614078574,0.0025537613063318972,5.429345628954441,2.4849066497880004
2805,0,0,21.224773681048024,-0.003944944682469246,0.2026431718061674,,0.0,5.429345628954441,1.791759469228055
2806,0,0,20.13864053910796,-0.018867546784379297,0.20209251101321585,0.06491328806931962,3.976403029902208e-05,5.429345628954441,1.0986122886681098
2807,0,0,21.6144652960618,0.02111190276744766,0.20154185022026433,0.028773450859564627,4.6892654791358176e-05,5.429345628954441,0.6931471805599453
2808,0,0,20.223893090804673,-0.008355488795234992,0.20044052863436124,0.019926673475625555,2.855140837350284e-06,5.429345628954441,0.6931471805599453
2809,0,0,22.771507582516254,0.01851820421988659,0.2026431718061674,4.1737750913589586e-05,2.430247286081801e-08,5.429345628954441,1.0986122886681098
2810,0,0,20.743193475770482,-0.03905800495936435,0.2026431718061674,,0.0,5.429345628954441,0.6931471805599453
2811,0,0,22.9049655528934,0.02605585843246761,0.2013215859030837,0.007821430067535447,7.370649411096406e-06,5.429345628954441,1.791759469228055
2812,0,0,21.023557127459434,0.02219379517007658,0.20154185022026433,0.005698069495915705,0.0001257337205858071,5.429345628954441,1.0986122886681098
2813,0,0,19.748555495073674,0.01375250561068521,0.2026431718061674,,0.0,5.429345628954441,1.0986122886681098
2814,2,2,23.493308073351603,-0.086944787334694,0.15941629955947137,65.88852534968267,0.01998912884062363,5.429345628954441,1.0986122886681098
2815,0,0,23.111356677486192,0.04094831777947397,0.20154185022026433,0.0012429264821000045,1.3404269730304784e-06,5.429345628954441,1.6094379124341003
2816,0,0,19.869070739616404,0.029181201611131226,0.20236784140969163,5.017362736418908e-05,8.239195560562761e-10,5.429345628954441,1.0986122886681098
2817,0,0,21.631018794171215,0.060567656863440136,0.1949339207048458,0.3092081184052283,4.043092360845676e-05,5.429345628954441,0.6931471805599453
2818,0,0,24.116694960516845,0.04607066088477552,0.2026431718061674,,0.0,5.429345628954441,1.3862943611198906
2819,0,0,20.70703307592411,-0.0257223539013234,0.2026431718061674,,0.0,5.429345628954441,1.0986122886681098
2820,0,0,20.422509628349378,0.014124988712730284,0.2026431718061674,,0.0,5.429345628954441,1.0986122886681098
2821,0,0,21.40675136230018,-0.024380982155161258,0.20209251101321585,0.002772966719896032,2.2578694895756458e-07,5.429345628954441,1.0986122886681098
2822,0,0,21.723235941528323,0.17878017942327057,0.2026431718061674,,0.0,5.429345628954441,0.6931471805599453
2823,0,0,21.32459665730855,-0.006354778933725385,0.20209251101321585,0.022323936261543473,8.236958079873834e-06,5.429345628954441,0.6931471805599453
2824,0,0,19.493032798131114,-0.0068885257023253805,0.20154185022026433,0.9974874105217006,0.00010434832836069052,5.429345628954441,1.0986122886681098
2825,0,0,22.782475461294748,0.043216974857059096,0.20258198727361723,5.61948065233548e-06,7.938520807224282e-11,5.429345628954441,2.302585092994046
2826,0,0,21.58607587159061,0.053079438222076045,0.20236784140969163,0.003708852014657345,2.7199279265875123e-05,5.429345628954441,1.6094379124341003
2827,0,0,22.296450836621307,0.019014608585296456,0.20219263115738886,0.026505594131066148,9.517616348952152e-05,5.429345628954441,2.4849066497880004
2828,0,0,20.82117306341198,0.032169539376554014,0.20126651982378854,0.013972579009079089,2.8856003747926177e-05,5.429345628954441,1.0986122886681098
2829,0,0,21.056836543376505,-0.043076227292284705,0.2026431718061674,,0.0,5.429345628954441,1.3862943611198906
2830,0,0,20.628571518432484,0.04584159769720556,0.20236784140969163,0.011626585237747932,5.210288754994792e-07,5.429345628954441,1.0986122886681098
2831,0,0,20.100659110028836,-0.012332257500466832,0.20236784140969163,9.833104630132863e-06,1.477490261812927e-10,5.429345628954441,1.0986122886681098
2832,0,0,20.543547196316265,0.04347672158131037,0.20245961820851688,0.000538301246601462,1.5303207834815673e-08,5.429345628954441,1.3862943611198906
2833,0,0,22.664570562340277,0.05292102933057422,0.2023127753303965,0.057974804808809434,2.2257625036642737e-05,5.429345628954441,2.3978952727983707
2834,0,0,21.65673344430218,0.0018411756541329453,0.2026431718061674,,0.0,5.429345628954441,1.3862943611198906
2835,0,0,22.682599670522464,-0.012553643699090934,0.20236784140969163,0.37029241942129065,0.00011528042808609288,5.429345628954441,2.1972245773362196
2836,0,0,23.31884732722133,0.056483091538696094,0.20044052863436124,0.06905759243823865,0.0003306915318562216,5.429345628954441,2.1972245773362196
2837,0,0,21.497897689431557,-0.007103120971910972,0.2026431718061674,,0.0,5.429345628954441,1.3862943611198906
2839,0,0,21.05064833378486,-0.01541784922943761,0.20190895741556533,0.00636195344000921,1.5740629094073419e-06,5.429345628954441,1.3862943611198906
2840,0,0,21.3036369230525,0.009109485988461952,0.20236784140969163,0.02925825779557057,3.382240323804752e-07,5.429345628954441,1.6094379124341003
2841,0,0,22.2046001165556,0.1219867671069786,0.2026431718061674,,0.0,5.429345628954441,2.0794415416798357
2842,0,0,21.47412506831313,0.0503507389677018,0.20236784140969163,0.0002909349665585807,1.5733297233529201e-09,5.429345628954441,1.0986122886681098
2843,0,0,22.97649618776349,-0.03353810521090188,0.20220264317180617,0.003744623489846161,3.195639821500454e-08,5.429345628954441,1.791759469228055
2844,0,0,23.976531985195713,-0.09941617445954368,0.29911894273127754,0.023626630275931804,0.00012386649459620528,5.429345628954441,1.791759469228055
2845,0,0,20.239188711106607,0.10773282391876837,0.2026431718061674,,0.0,5.429345628954441,1.0986122886681098
2846,0,0,21.579011509605518,-0.042869148652733766,0.2026431718061674,,0.0,5.429345628954441,1.0986122886681098
2847,0,0,21.134654975389044,0.017830988777876054,0.2026431718061674,,0.0,5.429345628954441,0.6931471805599453
2848,0,0,21.19755397087199,0.5817784155674598,0.20209251101321585,1.0614007498547352e-06,1.9127465409596992e-10,5.429345628954441,0.6931471805599453
2849,0,0,22.121413722117364,-0.010655943165046684,0.20245961820851688,0.03562338867910109,1.3271404615977371e-05,5.429345628954441,1.3862943611198906
2850,0,0,20.883088705322262,0.030577306904334002,0.2026431718061674,,0.0,5.429345628954441,0.6931471805599453
2852,0,0,19.021503716945897,-0.08860772608191289,0.2026431718061674,,0.0,5.429345628954441,1.0986122886681098
2853,0,0,20.49444987038253,-0.6526754601181105,0.2026431718061674,,0.0,5.429345628954441,0.6931471805599453
2901,0,0,24.580172930856097,-0.022524892556571086,0.20245961820851688,0.08961876647920339,2.4475263234479226e-05,5.429345628954441,1.9459101490553132
2902,1,1,25.254408717417046,-0.030780992685224676,0.20016519823788545,2.438826343932249,0.0002713574778283532,5.429345628954441,2.5649493574615367
2903,0,0,23.600436902644212,0.028002048751779657,0.2653777125142764,0.04071594731465946,3.687017051267367e-05,5.429345628954441,3.332204510175204
2904,1,1,21.76714302293145,0.043907540454429655,0.1998898678414097,2.7547638281580467,0.0022435018253558143,5.429345628954441,1.3862943611198906
2905,0,0,24.896985610091836,-0.016783013593101272,0.24140969162995596,0.6067218035294047,0.00010815189637139466,5.429345628954441,3.044522437723423
2906,0,0,22.093580425854896,0.0024669728315555397,0.20245961820851688,0.004101375407305579,8.511787875114204e-08,5.429345628954441,1.9459101490553132
2907,0,0,23.236555416748505,-0.03304216999982879,0.20258198727361723,0.05673213246676632,4.754876518063142e-07,5.429345628954441,2.302585092994046
2908,0,0,20.939673043879274,0.015535403866765071,0.20278083700440527,,0.0,5.429345628954441,1.6094379124341003
2909,0,0,24.135835107862,-0.06846935607644504,0.20242290748898678,0.0033491957384493213,9.475591831946454e-08,5.429345628954441,2.3978952727983707
2910,0,0,22.721254949877707,-0.04629120716093029,0.2026431718061674,,0.0,5.429345628954441,1.6094379124341003
2911,0,0,18.81352350598832,-0.011566854967487725,0.2026431718061674,,0.0,5.429345628954441,0.6931471805599453
2912,0,0,22.149250101804338,0.018365454850367273,0.20242290748898678,0.00015273451652335446,5.506832288359419e-05,5.429345628954441,2.3978952727983707
2913,0,0,18.77665676181216,0.018373231005041187,0.2026431718061674,,0.0,5.429345628954441,0.6931471805599453
2914,0,0,23.194445052319374,-0.008943837147900723,0.25955789804908747,0.036489717015659826,3.222422115942863e-08,5.429345628954441,2.70805020110221
2915,0,0,23.90583019809915,0.018510459012868248,0.2460421255506608,0.012789252199661533,3.216317629363614e-05,5.429345628954441,2.833213344056216
2916,0,0,23.646940118366132,-0.0006626095422860565,0.26073788546255505,0.017767046183414726,1.1845873365338069e-07,5.429345628954441,2.5649493574615367
2917,0,0,24.075979266923937,-0.04554997908731948,0.20260081328363266,0.20731320076206827,2.3201285715226866e-07,5.429345628954441,2.6390573296152584
2918,0,0,23.41242932684185,0.010672970324205423,0.20245961820851688,0.00400807094454338,1.6137399849258926e-05,5.429345628954441,2.772588722239781
2919,0,0,21.19486709992047,0.00627954057211418,0.2026431718061674,,0.0,5.429345628954441,1.0986122886681098
2920,0,0,21.774001401396763,0.012095871800067362,0.2026431718061674,0.003871515809853524,1.3685515165106732e-05,5.429345628954441,1.3862943611198906
2921,0,0,23.61047854822911,-0.013567457230278676,0.202496328928047,0.003145465765255482,3.454510979411737e-08,5.429345628954441,2.772588722239781
2922,0,0,24.263832834651552,-0.0055237489255301605,0.28883994126284873,0.01333452838003859,5.707244605927551e-07,5.429345628954441,2.772588722239781
2923,0,0,22.148853680077874,0.021029847724984545,0.20227606461086636,0.002128043133198456,4.478672578075403e-06,5.429345628954441,1.3862943611198906
2924,0,0,23.372808292018956,0.00333792400676217,0.4303807426054122,0.0005944033645572326,3.128258991176956e-09,5.429345628954441,2.0794415416798357
2925,0,0,21.67651993119283,0.03035753660734828,0.36211453744493394,0.00231674901487367,2.335935410389532e-05,5.429345628954441,1.791759469228055
2926,0,0,23.06690258946546,-0.022365763865434967,0.2026431718061674,,0.0,5.429345628954441,1.6094379124341003
2927,0,0,20.733429044474384,0.017679066295597658,0.2026431718061674,,0.0,5.429345628954441,0.6931471805599453
2928,0,0,21.639510979405383,0.01140881420103397,0.2026431718061674,,0.0,5.429345628954441,0.6931471805599453
2929,0,0,23.137359322101897,0.01888331138852516,0.20236784140969163,0.028334217860409305,3.300817411623641e-07,5.429345628954441,1.0986122886681098
2930,0,0,23.42655688915402,-0.029867158991675396,0.20209251101321585,0.0031340892581827712,3.436860593987497e-07,5.429345628954441,1.791759469228055
2931,0,0,23.16624037024821,0.008410722649055439,0.20245961820851688,2.7997174505291652e-06,3.5149457419570893e-10,5.429345628954441,1.3862943611198906
2932,0,0,23.29248508388083,0.016751274599370664,0.37208149779735683,,0.0,5.429345628954441,2.3978952727983707
2933,0,0,25.533264309662364,0.0400207430507709,0.28364036844213053,0.004264589960733644,8.145549382959881e-07,5.429345628954441,3.1354942159291497
2934,0,0,24.306067122879874,-0.013238117827048614,0.2012114537444934,0.0002914232361112467,1.6304044056661742e-08,5.429345628954441,1.791759469228055
2935,0,0,23.70162814018392,0.007165850360085314,0.20154185022026433,1.614850659459164e-06,1.343008207916674e-09,5.429345628954441,0.6931471805599453
2936,0,0,23.36536829901915,0.04594461570719643,0.20236784140969163,0.00348501434574745,6.66937339054852e-07,5.429345628954441,2.3978952727983707
2937,0,0,24.05977127677258,0.026321431874111147,0.2026431718061674,,0.0,5.429345628954441,2.302585092994046
2938,0,0,21.6658681533726,0.04850889593046708,0.2026431718061674,,0.0,5.429345628954441,1.0986122886681098
2939,0,0,22.06702755600949,-0.03401901387907967,0.4136758227520083,0.000853047668950353,2.0707705575837615e-09,5.429345628954441,2.8903717578961645
2940,0,0,21.309830766329643,0.021507544457651233,0.20154185022026433,0.04182241397095158,1.8679746684422323e-05,5.429345628954441,0.6931471805599453
2941,0,0,23.860460918626973,-0.010204276865230136,0.20190895741556533,0.005368057478744033,4.0555602250217747e-07,5.429345628954441,1.9459101490553132
2942,0,0,21.534204269043656,0.029469986528409715,0.1987885462555066,0.021321525027966193,0.004010772552479766,5.429345628954441,0.6931471805599453
3001,0,0,22.730638600301166,-0.031168370788513415,0.20209251101321585,2.9056986365798454e-06,1.1694589421542974e-10,5.429345628954441,1.0986122886681098
3002,0,0,26.251266716158565,0.10484387204382882,0.19149229074889867,0.0014752394521193278,1.8552540058172734e-05,5.429345628954441,1.6094379124341003
3003,0,0,23.86808695469586,0.054146035468064756,0.19897209985315711,0.05548146108802309,0.0002627824216848201,5.429345628954441,1.9459101490553132
3004,0,0,27.15312611939442,0.028444536085411722,0.1921806167400881,0.00680419108984555,2.298253535426677e-05,5.429345628954441,2.1972245773362196
3005,0,0,23.31938362098575,0.030473553275966316,0.20044052863436124,0.0008893068383946446,2.3329940052820125e-05,5.429345628954441,1.0986122886681098
3006,0,0,24.068519665155275,0.02369214205869218,0.20141948115516398,0.029811599441434855,0.0001230941861173588,5.429345628954441,2.302585092994046
3101,0,0,21.202545309271898,0.008694632107941917,0.2026431718061674,,0.0,5.429345628954441,0.6931471805599453
3102,1,1,24.61217134783511,-0.03311980867649175,0.19536221243269702,3.9214935781911495,0.0008447240216573476,5.429345628954441,2.302585092994046
3103,0,0,22.118318120774948,-0.04081905724339931,0.2018171806167401,1.0643555822724944,7.922574337375813e-05,5.429345628954441,1.0986122886681098
3104,0,0,24.187222856464953,-0.026257710431116882,0.20154185022026433,0.006035505882445912,2.2209075926012983e-06,5.429345628954441,1.3862943611198906
3105,0,0,24.51019039016933,0.012004402570877013,0.20216134361233482,0.0018576988254152469,2.8709324091407676e-06,5.429345628954441,2.1972245773362196
3201,0,0,20.365013867353287,-0.005694018237301048,0.2026431718061674,,0.0,5.429345628954441,1.3862943611198906
3202,0,0,21.089686024311302,-0.021216648759389285,0.20236784140969163,0.0026177911400403434,0.0002753334366446235,5.429345628954441,1.0986122886681098
3203,0,0,21.651127253225244,0.026539480066448122,0.20209251101321585,8.392858575009606e-06,9.587927516337442e-10,5.429345628954441,0.6931471805599453
3204,0,0,23.92609350177728,0.02239104923476788,0.20214757709251102,0.001352756060393762,5.8414293818891255e-05,5.429345628954441,2.3978952727983707
3205,0,0,20.046188852297085,0.022439406097611754,0.20209251101321585,0.04660493972252809,3.1002650979904794e-05,5.429345628954441,0.6931471805599453
3206,0,0,23.95651917726085,0.00974553633850862,0.20224984266834486,0.0017484201674591885,2.7925453053549762e-05,5.429345628954441,2.0794415416798357
3207,0,0,22.768470120779668,-0.00811536773460373,0.20154185022026433,0.005329803718137831,1.39372462558977e-06,5.429345628954441,1.6094379124341003
3208,0,0,23.9338302361852,0.008232529905981714,0.19970631424375918,0.001053536900596985,2.499667698778408e-06,5.429345628954441,1.3862943611198906
3209,0,0,23.121707484327455,0.01472348991560677,0.20099118942731278,0.004352085332995417,2.3399298438618078e-05,5.429345628954441,1.0986122886681098
3210,0,0,21.242086585861372,-0.007658934838712045,0.1998898678414097,0.010868432709652749,0.00011542536447630435,5.429345628954441,0.6931471805599453
3211,0,0,19.860411232651373,0.008157707382834532,0.2026431718061674,0.02603299491182509,2.2793375942163952e-05,5.429345628954441,0.6931471805599453
3212,0,0,22.201904988547668,0.003956723090620255,0.20154185022026433,0.00733272018170565,9.220631264461817e-05,5.429345628954441,1.0986122886681098
3213,0,0,20.891673208969724,0.04271995021552628,0.20209251101321585,0.00024118278777263006,1.1586772137991027e-08,5.429345628954441,1.0986122886681098
3214,0,0,23.410784213583913,0.0245708365565844,0.1979625550660793,0.012053565180773237,0.00010441979681533678,5.429345628954441,1.0986122886681098
3215,0,0,23.917042877903395,-0.013342175869784215,0.2011747430249633,0.0014472677707093955,3.842012966370346e-07,5.429345628954441,1.3862943611198906
3301,0,0,22.929212165520486,0.07680979069776107,0.19947687224669602,0.003111571987873135,0.000166783529061934,5.429345628954441,2.1972245773362196
3302,0,0,24.43172750918772,0.03830994454519602,0.191079295154185,0.001591126085457796,2.5214031138258136e-05,5.429345628954441,1.0986122886681098
3303,0,0,24.119974773766526,0.0255618942674472,0.18612334801762115,0.005366985451666352,4.948685675453664e-05,5.429345628954441,0.6931471805599453
3304,0,0,25.073968859536595,0.0864355230758937,0.1948237885462555,0.0003595684971013578,0.0003038175305552582,5.429345628954441,1.791759469228055
3305,0,0,23.937020278058352,0.018536928466444513,0.1987885462555066,0.009747869603187576,3.4033864412459855e-05,5.429345628954441,1.6094379124341003
3306,0,0,23.092020736139382,0.03158518406842438,0.20154185022026433,0.0009855694625554466,2.07219425925011e-05,5.429345628954441,1.3862943611198906
3307,0,0,23.799909810822758,0.016776438768556067,0.19695301027900147,0.02302911075804326,0.00022250756647898526,5.429345628954441,1.9459101490553132
3401,0,0,23.675294972961044,0.0380276861055585,0.1941079295154185,0.026773838496405928,9.661426438113621e-05,5.429345628954441,1.6094379124341003
3402,0,0,24.693708394305393,0.01698603790998021,0.19640234948604993,0.0029823677051189846,7.803339166273502e-05,5.429345628954441,1.9459101490553132
3403,0,0,23.585512174671788,0.013901820472926355,0.19810022026431717,0.000972199390810676,6.827490559676564e-06,5.429345628954441,1.6094379124341003
3404,0,0,22.371706720188303,0.011601999392199584,0.20126651982378854,0.004082065434204947,0.0002598838565426241,5.429345628954441,1.0986122886681098
3405,0,0,22.195859885165937,-0.002590035005081254,0.20220264317180617,0.016157076618399577,3.3650536794122043e-06,5.429345628954441,1.791759469228055
3406,0,0,22.40754540135112,0.012976205483197773,0.19768722466960353,0.0009695706088275318,2.724874266996242e-05,5.429345628954441,0.6931471805599453
3407,0,0,21.19491659366198,0.0727220445195798,0.20154185022026433,0.0033609439510340054,1.4434019795800083e-05,5.429345628954441,0.6931471805599453
3501,0,0,22.19032241379152,-0.04945102487608155,0.2026431718061674,,0.0,5.429345628954441,1.0986122886681098
3502,0,0,21.826181662448352,0.023317494124018984,0.20250550660792951,0.00020675640054117049,5.917109364013654e-09,5.429345628954441,1.6094379124341003
3503,0,0,21.972735873457168,-0.00645852551002041,0.1998898678414097,0.0061231604328983,7.309574735259542e-06,5.429345628954441,0.6931471805599453
3504,0,0,22.281244986272398,0.029159499207602937,0.1998898678414097,0.0029169787974678047,1.6168749147415866e-07,5.429345628954441,0.6931471805599453
3505,0,0,22.656873293476213,0.007546024007439962,0.20044052863436124,0.000782893488845006,8.12731448574159e-07,5.429345628954441,1.0986122886681098
3506,0,0,23.711589674576125,0.030497565510815696,0.1960352422907489,0.0012323695890445708,1.5781242527722288e-06,5.429345628954441,1.3862943611198906
3507,0,0,22.963674478512374,0.020854110557859535,0.20099118942731278,0.0006114510217689322,0.00023259751266646898,5.429345628954441,1.0986122886681098
3601,0,0,20.497458045600755,-0.021183309908555395,0.20209251101321585,0.0030131308448747814,2.3951686991936813e-06,5.429345628954441,0.6931471805599453
3602,0,0,21.288998854156223,0.011454462931394606,0.2026431718061674,,0.0,5.429345628954441,0.6931471805599453
3603,0,0,21.842460175013734,0.01464215829012595,0.20209251101321585,0.007898769607760132,2.103712591138752e-06,5.429345628954441,0.6931471805599453
3604,0,0,21.544267243553463,0.013945620148152609,0.20209251101321585,0.8999219233007011,4.790664360375428e-05,5.429345628954441,1.0986122886681098
3605,0,0,19.739709776695374,-0.04860601898455561,0.2026431718061674,,0.0,5.429345628954441,0.6931471805599453
3606,0,0,20.182673594537793,-0.014866041286264611,0.2026431718061674,,0.0,5.429345628954441,1.0986122886681098
3701,0,0,22.85548124107182,-0.031807496134748155,0.2025330396475771,0.030523706690560818,3.005174493831194e-05,5.429345628954441,1.791759469228055
3702,0,0,21.955605059999176,-0.0650175976808722,0.20260875550660792,0.025266495184054282,3.31407840226184e-06,5.429345628954441,2.833213344056216
3703,0,0,21.23105457028077,-0.1184349093101449,0.20245961820851688,0.02417299444681884,0.00018853681951413827,5.429345628954441,1.3862943611198906
3704,0,0,18.228853351861815,-0.05320265230718983,0.20209251101321585,0.10767034150351693,0.0005563439515650553,5.429345628954441,0.6931471805599453
3705,0,0,21.526277297786738,0.07270828848947283,0.3012114537444934,0.00022813726445325823,1.6645761296169824e-06,5.429345628954441,1.0986122886681098
3706,0,0,18.29556461332926,-0.37352553002187744,0.2018171806167401,0.03481844915750467,5.119235225451149e-06,5.429345628954441,1.0986122886681098
3707,0,0,23.21625067255629,-0.016380768872092437,0.2018171806167401,0.00018622863906953577,1.1165093467832936e-06,5.429345628954441,1.0986122886681098
3801,0,0,22.136991532108425,0.04182282368989607,0.20250550660792951,5.6220624763345605e-05,3.438692132405596e-07,5.429345628954441,1.6094379124341003
3802,0,0,22.233835686243335,0.02797160294988827,0.20099118942731278,0.04291279632040624,0.0002962052573124288,5.429345628954441,1.0986122886681098
3803,0,0,20.0245043536356,-0.048959299558949114,0.2026431718061674,,0.0,5.429345628954441,0.6931471805599453
3804,0,0,20.615265125873506,-0.022092484611556377,0.20154185022026433,0.013311619435805418,4.795497160585748e-06,5.429345628954441,0.6931471805599453
3805,0,0,20.096755720916377,0.1184089555286322,0.20236784140969163,0.12406064073320439,0.0002746394849808088,5.429345628954441,1.0986122886681098
3806,0,0,21.83499511944634,-0.049432271260852895,0.20250550660792951,0.03214691694779702,1.9109869462562972e-06,5.429345628954441,1.6094379124341003
3807,0,0,19.332707751225648,-0.0012103846055082847,0.2026431718061674,,0.0,5.429345628954441,0.6931471805599453
3808,0,0,24.855532474063256,0.02531399688552868,0.20080763582966227,0.009811853423201783,9.025417287418951e-05,5.429345628954441,1.9459101490553132
3809,0,0,22.839190261844386,0.018970196845654163,0.20236784140969163,0.00038346962506658085,4.248726465119385e-07,5.429345628954441,1.6094379124341003
3810,0,0,21.861117273859733,-0.008967926273380115,0.20099118942731278,0.00018494039960395217,1.0277577473381619e-06,5.429345628954441,1.0986122886681098
3811,0,0,23.858929333639896,0.0015909312449346377,0.20165198237885462,0.000936353119460814,0.00011046093822319005,5.429345628954441,1.791759469228055
3812,0,0,22.90598741325408,0.013267244291551752,0.2011747430249633,0.0015169576246111458,1.9026510304498385e-07,5.429345628954441,1.3862943611198906
3813,0,0,20.0175609180635,0.0016628236913699148,0.2026431718061674,,0.0,5.429345628954441,0.6931471805599453
3814,0,0,22.148673158226217,-0.07278529696400733,0.19438325991189428,0.3725531831317518,0.0008721279845376641,5.429345628954441,0.6931471805599453
3815,0,0,24.2119977800862,0.04279395319910244,0.20002753303964757,0.008354939753670779,0.0001004685180248793,5.429345628954441,1.6094379124341003
3816,0,0,22.180986985824617,0.015701008855562745,0.19383259911894274,0.029137593257447313,0.0003172910199030495,5.429345628954441,0.6931471805599453
3817,0,0,22.23673721557556,-0.03899652519803728,0.2026431718061674,,0.0,5.429345628954441,0.6931471805599453
3818,0,0,23.903389209619814,0.04688430743207475,0.20209251101321585,3.0735578601528748e-06,6.486704870872409e-11,5.429345628954441,0.6931471805599453
3819,0,0,21.182465760673686,0.014968584781769175,0.1987885462555066,3.927576499369019e-05,6.222257165861543e-09,5.429345628954441,0.6931471805599453
3820,0,0,21.594698360084845,0.000585856479595071,0.20209251101321585,0.00022447622208198684,3.4231611999422013e-07,5.429345628954441,0.6931471805599453
3821,0,0,21.95389730448346,0.08689986119544775,0.20099118942731278,0.0002649477140998534,6.983121792597294e-05,5.429345628954441,0.6931471805599453
3822,0,0,24.5620350083654,0.04111325530006537,0.1855726872246696,0.0002592933022716064,1.5717758757331968e-06,5.429345628954441,0.6931471805599453
3823,0,0,23.504334126948798,0.017640048315214766,0.20055066079295153,0.055002479325134794,4.7934531364440835e-06,5.429345628954441,1.791759469228055
3824,0,0,24.96897501330794,0.0032688871207619463,0.3494248653940284,0.028608388073451608,1.0565026452682887e-05,5.429345628954441,2.9444389791664403
3825,0,0,19.934576395425594,-0.0005861160126392695,0.3011502692119432,0.13192621947433172,4.604862334818555e-05,5.429345628954441,2.302585092994046
3826,0,0,23.727813903177466,0.062453446352339306,0.20209251101321585,5.5708482802837324e-05,1.325140787015456e-09,5.429345628954441,0.6931471805599453
3901,0,0,25.677164478181886,0.015149939124485473,0.20140418502202642,0.0017386096298484342,1.0435863226168358e-05,5.429345628954441,1.6094379124341003
3902,0,0,25.0926796193916,0.0012080763968980062,0.20126651982378854,0.0004841387385436631,6.228766735796638e-06,5.429345628954441,1.6094379124341003
3903,0,0,24.475637900769264,-0.012816354689622183,0.2012114537444934,0.0028690589743026874,6.408146563991018e-07,5.429345628954441,1.791759469228055
3904,0,0,24.27108642629856,0.004356639061390457,0.20233724914341655,0.0013594823642505071,4.9814100758326294e-08,5.429345628954441,2.302585092994046
3905,0,0,22.986155458106122,0.020099151188593987,0.2025645059786029,0.0037040125764591075,1.4478810912341222e-05,5.429345628954441,2.0794415416798357
3906,0,0,24.067052520677617,0.012479849786194737,0.200715859030837,0.0008044636180518387,2.042582331194315e-07,5.429345628954441,1.0986122886681098
3907,0,0,25.34378466317673,0.013673349026497835,0.20044052863436124,0.004881321128988047,3.069304303250449e-05,5.429345628954441,2.302585092994046
3908,0,0,24.007497046513443,0.00817315271521243,0.20236784140969163,0.0010449312864928397,2.870337132036251e-06,5.429345628954441,1.0986122886681098
3909,0,0,24.073045546861913,0.03121793649362176,0.20198237885462555,0.0050054557476832484,3.0035445263462138e-06,5.429345628954441,1.791759469228055
3910,0,0,23.292913872747693,0.02762474560340621,0.20044052863436124,0.0002705093050997323,2.330334792690967e-05,5.429345628954441,0.6931471805599453
3911,0,0,23.166178100927908,0.025018388175149037,0.20236784140969163,0.00817221305162352,5.9148853531073974e-05,5.429345628954441,1.0986122886681098
3912,0,0,23.048569498258406,-0.0007282977332020065,0.20218428781204112,0.008082404318946005,2.273839792073318e-05,5.429345628954441,1.9459101490553132
3913,0,0,22.185044723622234,0.022827905574531758,0.20099118942731278,0.018836292610225427,6.209629303020103e-07,5.429345628954441,1.0986122886681098
3914,0,0,21.731260574155506,0.03960872646150847,0.20209251101321585,2.1993913357494564e-05,2.296625933821384e-09,5.429345628954441,0.6931471805599453
3915,0,0,23.16717189530739,-0.1442154110176919,0.19286894273127753,0.05762813478813361,0.00025916673276619523,5.429345628954441,1.6094379124341003
3916,0,0,22.96504701671518,0.024090323286552976,0.20099118942731278,0.015359233923979355,7.23226412577841e-05,5.429345628954441,1.3862943611198906
3917,0,0,24.486832851187785,0.026507610632546575,0.1968612334801762,0.005662856879814004,4.558981952592665e-05,5.429345628954441,2.3978952727983707
3918,0,0,23.328513095528944,0.09836437030009906,0.20044052863436124,0.006383910284452298,2.724307973721525e-05,5.429345628954441,1.0986122886681098
3919,0,0,24.341490859661594,0.019851757268029298,0.1808920704845815,0.002366286654727738,7.095525427256847e-06,5.429345628954441,1.0986122886681098
3920,0,0,25.33774953965948,0.0136323502824507,0.1999478321354046,0.008245816310185028,8.611165752071687e-05,5.429345628954441,2.995732273553991
3921,0,0,24.550426652636578,0.029678462255629232,0.19842143906020557,0.0021146778874962515,1.247187613106682e-05,5.429345628954441,1.9459101490553132
3922,0,0,22.706651679388305,0.02691808971053708,0.20044052863436124,0.002245534242654502,2.9699510738076443e-05,5.429345628954441,1.3862943611198906
3923,0,0,25.26773462653818,0.025232034085610637,0.18093140339836375,0.022735367952031276,0.00022100798120195173,5.429345628954441,2.0794415416798357
3924,0,0,24.191252182966135,0.032575750961582356,0.18034140969162996,0.003804126008258665,1.747459922049879e-05,5.429345628954441,1.0986122886681098
3925,0,0,23.64223671082569,0.028392139171174884,0.1997522026431718,0.005569493538470112,6.812245071450545e-05,5.429345628954441,1.6094379124341003
3926,0,0,25.5683700248163,0.03784533256117956,0.18050660792951542,0.0009913307547018,1.0484304302747048e-05,5.429345628954441,1.791759469228055
4001,0,0,24.230646007503285,-0.08449288114833894,0.2025330396475771,0.0015159518365744228,0.00012081230571838463,5.429345628954441,1.791759469228055
4002,0,0,24.515646852742012,0.0023973809595416833,0.20244650723725613,0.0026979352385262095,1.0316871591707594e-07,5.429345628954441,2.70805020110221
4003,0,0,20.29026930999656,0.0516583269555165,0.20099118942731278,0.04030077218775491,8.963287316623711e-07,5.429345628954441,0.6931471805599453
4004,0,0,19.98984286453287,0.018899151245014383,0.20154185022026433,0.010504318967794942,3.167147595742496e-05,5.429345628954441,0.6931471805599453
4005,0,0,23.262462136873395,-0.0661653401050011,0.2018171806167401,0.0025626760355613376,1.0727652840260333e-06,5.429345628954441,1.6094379124341003
4006,0,0,20.6653462936402,-0.045047883351649186,0.2018171806167401,0.002694833624244288,1.8733730435116391e-06,5.429345628954441,1.0986122886681098
4007,0,0,20.748143203869624,-0.016443905196801573,0.2026431718061674,,0.0,5.429345628954441,0.6931471805599453
4008,0,0,22.719043574068188,-0.000982752814616165,0.20112885462555066,0.001337388415419559,5.70311266389921e-07,5.429345628954441,1.6094379124341003
4009,0,0,23.682395442630504,0.017923255301935493,0.19830671806167402,0.0015796899861102174,1.2836338025714475e-06,5.429345628954441,2.1972245773362196
4010,0,0,23.13448113283011,-0.009150170377157516,0.20044052863436124,0.001115984726709201,1.8586169770566228e-06,5.429345628954441,2.3978952727983707
4011,0,0,25.720491811412995,-0.011408149052819092,0.26126736699423925,0.03977141212550673,0.00010259672856623464,5.429345628954441,2.6390573296152584
4012,0,0,22.36832088079784,-0.011742418442594885,0.20099118942731278,0.08430049195824425,4.415978326676691e-05,5.429345628954441,1.9459101490553132
4013,0,0,21.544541561374313,-0.04677285669142589,0.2013582966226138,0.01024517266903066,2.1489898815512547e-06,5.429345628954441,1.3862943611198906
4014,0,0,21.601526602707708,0.00265088268525881,0.2026431718061674,0.00020729424679240624,5.320112802574549e-07,5.429345628954441,1.0986122886681098
4015,0,0,23.360227811607526,0.03758275484609029,0.20099118942731278,0.0036597538781022727,6.297728319805084e-05,5.429345628954441,1.3862943611198906
4016,0,0,24.639203774728895,0.0267025014885323,0.18785399622404028,0.006887159372092653,3.0656648576128404e-05,5.429345628954441,2.0794415416798357
4017,0,0,20.061598484512572,-0.02671766637089372,0.20209251101321585,0.000558617167245027,1.228408344649258e-06,5.429345628954441,0.6931471805599453
4101,0,0,22.972810381453314,-0.10498337409854902,0.20099118942731278,0.1546936635992302,0.000882973619610595,5.429345628954441,1.3862943611198906
4102,0,0,21.264108074470222,-0.15933954673820389,0.2013582966226138,0.32689890900541463,0.0002883417977545115,5.429345628954441,1.3862943611198906
4103,0,0,20.97655929813566,-0.04153523488949139,0.2026431718061674,0.0003015688237208329,3.309720793872508e-05,5.429345628954441,1.3862943611198906
4104,0,0,23.13715872373124,-0.059757351357786405,0.18681167400881057,0.5437250312250779,0.0011702626090020693,5.429345628954441,1.6094379124341003
4105,2,2,20.69754046471089,-0.06104073936238373,0.18116740088105726,7.063801371504181,0.0016195210612688024,5.429345628954441,1.0986122886681098
4106,0,0,20.839150557128228,-0.07981886692890114,0.28351164254247957,0.8710291926263568,0.00029503501340618694,5.429345628954441,2.0794415416798357
4107,0,0,23.809986683766002,-0.03348599343350141,0.2011747430249633,0.03164661040412,6.52265158314498e-05,5.429345628954441,1.9459101490553132
4112,0,0,21.07541057494216,-0.09274354658748966,0.1866740088105727,1.104717166170936,0.00017030382387593675,5.429345628954441,0.6931471805599453
4113,0,0,21.784892812855205,-0.07174271226784645,0.200715859030837,0.06687676759226373,2.8940015773424197e-05,5.429345628954441,1.6094379124341003
4114,0,0,20.956323249140254,-0.04064142530471658,0.2018171806167401,0.004091613651551736,2.324066156421778e-06,5.429345628954441,1.0986122886681098
4115,0,0,20.323956959094836,-0.008598954543774098,0.20209251101321585,0.014615782121753133,1.1792847032596608e-07,5.429345628954441,1.0986122886681098
4201,0,0,21.726329731826,0.03962702224332778,0.19658590308370044,0.0006054543468758066,8.143587537289985e-07,5.429345628954441,0.6931471805599453
4202,0,0,25.41717700008482,0.022945607756308575,0.19598935389133626,0.0011761016829226938,0.00013345271387946067,5.429345628954441,2.5649493574615367
4203,0,0,23.395144924999666,-0.028873197681821314,0.19746696035242292,0.0018079963459114836,3.0144002968121664e-05,5.429345628954441,1.791759469228055
4205,0,0,22.32823026434829,0.03473261658694379,0.19658590308370044,0.00012516292820796536,1.5169908985306575e-06,5.429345628954441,0.6931471805599453
4206,0,0,18.307905443394173,-0.03505467513199405,0.2026431718061674,,0.0,5.429345628954441,0.6931471805599453
4301,0,0,22.6722553287622,-0.14288441044218325,0.24251101321585902,,0.0,5.429345628954441,1.791759469228055
4302,0,0,22.027016391955854,-0.11668030631980887,0.2026431718061674,0.0007700555146045166,2.2792476736870104e-06,5.429345628954441,1.6094379124341003
4303,0,0,21.98568310841824,-0.05605161880817698,0.2018171806167401,0.0013391259368138626,1.779782207062741e-05,5.429345628954441,1.0986122886681098
4304,0,0,18.817088358939838,0.08082911597661961,0.2026431718061674,,0.0,5.429345628954441,0.6931471805599453
4401,0,0,23.562520777496655,0.05071954878345595,0.20198237885462555,0.0063581136505765625,0.00014662045474501405,5.429345628954441,1.791759469228055
4402,0,0,21.560804688934954,0.05570826762899611,0.20209251101321585,0.0016812979504572138,2.2085479102038486e-07,5.429345628954441,1.0986122886681098
4403,0,0,24.183788552776328,-0.008425037421470757,0.20240717432347388,0.0006739092830704466,3.7797686336551464e-06,5.429345628954441,2.0794415416798357
4404,0,0,20.039061814270582,0.06027443795205973,0.2026431718061674,,0.0,5.429345628954441,1.0986122886681098
4405,0,0,18.889993482018994,-0.00509757706336962,0.2026431718061674,,0.0,5.429345628954441,0.6931471805599453
4406,0,0,20.369481426697106,0.07532169220461782,0.2026431718061674,,0.0,5.429345628954441,1.0986122886681098
4407,0,0,24.909735047894326,0.01093492422222291,0.2020531780994336,0.01852701498890722,1.1370694119379846e-06,5.429345628954441,2.70805020110221
4408,0,0,22.531779321820583,0.03621877176071919,0.2026431718061674,0.0007431015984616471,1.2950367186698755e-06,5.429345628954441,1.6094379124341003
4409,0,0,22.938689861619892,0.003983554125079891,0.20209251101321585,0.0006717204405170698,9.327850894777245e-08,5.429345628954441,1.3862943611198906
4410,0,0,23.412836694168877,0.026123256235134434,0.20223017621145375,0.004139830487148408,3.013793515949573e-06,5.429345628954441,1.6094379124341003
4411,0,0,23.62676243451544,0.005656042718583443,0.2018171806167401,0.0003280959699112131,6.943550232601261e-08,5.429345628954441,1.9459101490553132
4412,0,0,24.020809893098686,0.016245632839845037,0.20245961820851688,0.00011815066158568627,8.612487898000279e-08,5.429345628954441,1.9459101490553132
4413,0,0,20.26571040608954,0.036571862976950614,0.2026431718061674,0.0002133183893322497,7.338453539672625e-08,5.429345628954441,0.6931471805599453
4414,0,0,21.230593553495343,-0.008224783418883838,0.19933920704845814,0.0005032964458410466,2.0934886051371315e-05,5.429345628954441,0.6931471805599453
4415,0,0,22.47783350564602,0.04088204277647697,0.1968612334801762,0.055628292980296944,0.0001356265050608398,5.429345628954441,1.0986122886681098
4416,0,0,21.144108000724607,0.048003108075452564,0.2026431718061674,,0.0,5.429345628954441,0.6931471805599453
4417,0,0,20.247210157853015,0.038230642401672545,0.19933920704845814,0.006739324314216117,3.532747487512795e-06,5.429345628954441,0.6931471805599453
4418,0,0,23.973530565888503,0.02522591762837652,0.2013582966226138,0.004157197661779274,3.0625518384439606e-06,5.429345628954441,2.302585092994046
4419,0,0,21.598596426910067,0.06582647302785431,0.1987885462555066,3.837107930097094e-05,1.9224422324970727e-07,5.429345628954441,0.6931471805599453
4420,0,0,21.98186190751155,0.031604069937027746,0.1968612334801762,0.0013138804862386118,5.59354552020122e-06,5.429345628954441,1.0986122886681098
4421,0,0,23.154019137511145,0.022641494256894868,0.1952092511013216,0.0009711975587249046,9.069685739286154e-07,5.429345628954441,1.0986122886681098
4501,2,2,19.6835284638191,0.07046736046114203,0.1886013215859031,5.832775510544698,0.0014993127370952087,5.429345628954441,1.0986122886681098
4502,0,0,18.11787227174108,-0.04335076031644245,0.19438325991189428,0.9809915243210421,0.0006758009156769944,5.429345628954441,0.6931471805599453
4503,1,1,21.029124196879245,-0.0009915859294475915,0.1844713656387665,2.790159227208878,0.0016498300900121717,5.429345628954441,1.0986122886681098
4504,0,0,21.10894353327632,0.016848435438325964,0.1844713656387665,0.7947034868225468,0.0012341093716854669,5.429345628954441,1.0986122886681098
4601,0,0,20.469066180448007,-0.022381461362858072,0.20248584015103838,0.025247636758763885,2.839344090692684e-06,5.429345628954441,2.0794415416798357
4602,0,0,21.80601444218583,0.005920157633932636,0.20154185022026433,0.000246012940487197,3.305428129499393e-05,5.429345628954441,1.6094379124341003
4701,0,0,20.379668047764092,-0.05172811286290931,0.2026431718061674,,0.0,5.429345628954441,0.6931471805599453
4702,0,0,22.850052623720213,0.024012342412268663,0.2026431718061674,,0.0,5.429345628954441,0.6931471805599453
4703,0,0,24.80621834219693,0.03511653456487043,0.3520099118942731,0.0002837981087765956,4.346462806597279e-08,5.429345628954441,1.6094379124341003
4704,0,0,20.83331259025947,-0.05808151024930734,0.5016519823788547,,0.0,5.429345628954441,1.6094379124341003
4705,0,0,21.961829317939618,0.01960779236076824,0.2026431718061674,,0.0,5.429345628954441,0.6931471805599453
4706,0,0,21.27324831905951,0.027209860968985287,0.2026431718061674,,0.0,5.429345628954441,1.9459101490553132
4707,0,0,23.682202246864243,-0.026208233033557623,0.17015418502202642,0.45976746179880335,0.0021685571527862582,5.429345628954441,1.6094379124341003
4801,0,0,23.182681224476944,-0.07319618256639805,0.20099118942731278,0.003997305854389265,7.768973374728805e-05,5.429345628954441,0.6931471805599453
4802,0,0,24.362746081329842,-0.025146825681084856,0.20184221065278335,0.0229586388622366,8.988258531974023e-05,5.429345628954441,2.4849066497880004
4803,0,0,22.70618199662196,0.03754311420267378,0.1855726872246696,0.11616953677735538,0.00025755355110836044,5.429345628954441,0.6931471805599453
4804,0,0,23.93831258302348,0.020788305474269825,0.20241372980910427,0.019539196164519868,1.6752046281646042e-05,5.429345628954441,2.5649493574615367
4805,0,0,23.827453750297497,0.039787268287355335,0.20214257108530237,0.012944257026107546,2.119899289390604e-06,5.429345628954441,2.4849066497880004
4806,0,0,21.977514733849713,0.042191652239407074,0.20209251101321585,0.0503240662772687,1.289380424423137e-06,5.429345628954441,1.6094379124341003
4807,0,0,21.08137997767743,-0.010065180587926699,0.20154185022026433,0.04476823448509764,0.00015474750374403433,5.429345628954441,0.6931471805599453
4808,0,0,21.981030095846503,0.03397638809706448,0.20062408223201175,0.06704462843000683,0.00031694661611943376,5.429345628954441,1.3862943611198906
4809,0,0,21.331891190780674,-0.022790126282091157,0.20236784140969163,0.025443640258661856,2.9734221430988888e-05,5.429345628954441,1.0986122886681098
4810,0,0,24.700473929680467,-0.021427432377530836,0.20148678414096916,0.007038320830943563,3.293169514227583e-05,5.429345628954441,2.3978952727983707
4811,0,0,24.30724962098013,0.002801817919604406,0.2000471994965387,0.003853060100121864,2.150696736699201e-05,5.429345628954441,2.0794415416798357
4812,0,0,19.57490426266917,0.020891139959788693,0.2026431718061674,,0.0,5.429345628954441,0.6931471805599453
4813,0,0,22.122392319774526,-0.006623142707680882,0.20190895741556533,0.01772112551484396,8.619033251802893e-07,5.429345628954441,1.3862943611198906
4814,0,0,21.8719743858002,-0.058086312434266256,0.20236784140969163,0.0005018129428107258,4.3373356895846345e-07,5.429345628954441,1.0986122886681098
4816,0,0,20.579074339155593,-0.02408652763715734,0.20154185022026433,0.4134230264384936,0.00034431986110654636,5.429345628954441,1.0986122886681098
4817,0,0,21.372273731833555,-0.015166720131114805,0.20062408223201175,0.012190946864502424,8.047291357073989e-05,5.429345628954441,1.3862943611198906
4818,0,0,23.692215081349403,0.008693848767022675,0.19669603524229076,0.019552230981606834,0.00041496564943295966,5.429345628954441,1.791759469228055
4819,0,0,24.42051246342399,0.024332471510891695,0.18731644640234948,0.03934998271888726,0.00020604132964940612,5.429345628954441,1.9459101490553132
4820,0,0,22.844133289652653,0.0037704715552395107,0.1981461086637298,0.0037506658011475925,1.4152998016255165e-05,5.429345628954441,1.9459101490553132
4821,0,0,22.96268014522772,0.010460448412531095,0.1836453744493392,0.0009539637959019204,1.356366133571254e-06,5.429345628954441,1.0986122886681098
4822,0,0,20.43122573437461,0.013341406763996458,0.20154185022026433,0.12135708051248156,8.515788183304778e-06,5.429345628954441,1.0986122886681098
4823,0,0,23.39905166985893,0.031801002227444364,0.19575991189427314,0.03403807038935732,0.0002950627637227611,5.429345628954441,1.9459101490553132
4901,0,0,24.113380128836624,-0.006199712994461188,0.17198972099853158,0.01678395764323314,0.00014402779808383672,5.429345628954441,1.3862943611198906
4902,0,0,22.775352878926714,-0.07994929065123889,0.1979625550660793,0.02269158335635066,0.0003941684963279181,5.429345628954441,1.0986122886681098
4903,0,0,21.52305456112164,0.01994021491371502,0.19933920704845814,0.00026984691115884197,1.4077628589776905e-05,5.429345628954441,0.6931471805599453
4904,0,0,19.019124104634145,0.0033415607233505304,0.20209251101321585,0.0001647200627517462,1.1493048823101875e-08,5.429345628954441,0.6931471805599453
4905,0,0,19.91298749234261,-0.05172715338533905,0.20099118942731278,0.0008268695704093733,3.030322474379719e-06,5.429345628954441,1.3862943611198906
4906,0,0,19.625354196276156,-0.035000541806994565,0.20099118942731278,0.0019922121885491825,4.079683695046161e-06,5.429345628954441,0.6931471805599453
4907,0,0,22.491215416674898,0.08761004919800493,0.197136563876652,0.001083810392312371,1.845891823971453e-06,5.429345628954441,0.6931471805599453
4908,0,0,21.440753166766388,-0.01543395288114311,0.20126651982378854,0.00038274454765601935,5.677001323007671e-07,5.429345628954441,1.0986122886681098
4909,0,0,21.61056800214696,0.00036184631151604476,0.1987885462555066,0.00037901621978999423,8.20341042206841e-07,5.429345628954441,0.6931471805599453
4910,0,0,20.663533694467098,-0.01900446479519849,0.17731277533039647,0.0028091993476705816,3.4514885386740014e-05,5.429345628954441,0.6931471805599453
4911,0,0,23.693429838780432,-0.0165841803692705,0.16666666666666666,0.0018115644888514935,3.203271727140285e-05,5.429345628954441,1.3862943611198906
5001,0,0,16.07294255375984,0.07651196945278936,0.2026431718061674,,0.0,5.429345628954441,0.6931471805599453
5002,0,0,20.508723828693302,-0.006967179771933729,0.2026431718061674,,0.0,5.429345628954441,0.6931471805599453
5003,0,0,18.850110734052546,0.062377084592747115,0.2026431718061674,,0.0,5.429345628954441,0.6931471805599453
5004,0,0,20.08355710720076,-0.054590868823128164,0.2026431718061674,,0.0,5.429345628954441,0.6931471805599453
5005,0,0,19.02245485957826,-0.06572331019962695,0.20209251101321585,0.06971164344060256,3.507494251076658e-06,5.429345628954441,0.6931471805599453
5006,0,0,17.49264292128723,-0.1571532244127689,0.2026431718061674,,0.0,5.429345628954441,0.6931471805599453
5007,0,0,21.516011844676065,-0.08453599522245997,0.20245961820851688,0.008962626583820786,0.00018413045804298086,5.429345628954441,1.3862943611198906
5101,0,0,22.766870645699296,-0.006718563832566236,0.19537444933920706,0.905645207029242,0.0006389415275994808,5.429345628954441,1.791759469228055
5102,0,0,20.805488824198424,0.048037215962642724,0.2026431718061674,,0.0,5.429345628954441,1.3862943611198906
5103,0,0,19.25340957747544,-0.014683178785854007,0.4682452276064611,1.2319763811176865,2.112555324516726e-06,5.429345628954441,1.3862943611198906
5104,0,0,16.11753761938766,-0.004342401517117432,0.30231277533039647,,0.0,5.429345628954441,0.6931471805599453
5105,0,0,21.994134637927722,-0.00026574047861170955,0.25082599118942733,1.154510562624866,0.00020757161543725252,5.429345628954441,1.9459101490553132
5106,0,0,20.941859562487892,-0.03427727979705088,0.2026431718061674,,0.0,5.429345628954441,1.0986122886681098
5107,0,0,21.742078587693268,0.001177233562918122,0.2026431718061674,,0.0,5.429345628954441,1.0986122886681098
5108,0,0,20.539186902145104,0.008207948231010866,0.2026431718061674,,0.0,5.429345628954441,1.0986122886681098
5109,0,0,20.49281269138277,-0.04692779850591601,0.2026431718061674,,0.0,5.429345628954441,1.0986122886681098
5110,0,0,16.334972405415975,-0.008874120374519904,0.2026431718061674,,0.0,5.429345628954441,0.6931471805599453
5111,0,0,21.426584217251342,-0.014302233546538706,0.20242290748898678,0.0008055144397957863,3.586912488202701e-06,5.429345628954441,1.791759469228055
5112,0,0,22.180982870165895,-0.02012989797073522,0.20209251101321585,0.019620459176620152,9.38569107544835e-07,5.429345628954441,1.791759469228055
5113,0,0,17.59958992203031,-0.05239893270347117,0.2026431718061674,,0.0,5.429345628954441,0.6931471805599453
5201,0,0,24.138581935436967,-0.03306594229806723,0.20154185022026433,1.7123072217448884e-07,2.736382527032702e-09,5.429345628954441,0.6931471805599453
5202,0,0,20.71980876121529,-0.04192047279523074,0.2026431718061674,,0.0,5.429345628954441,1.3862943611198906
5203,0,0,20.630759957851524,0.11341957786092478,0.20209251101321585,7.397690532756974e-06,3.2344887480238846e-09,5.429345628954441,0.6931471805599453
5204,0,0,19.770081678566516,-0.039914984746398485,0.2026431718061674,0.00034548429952209437,0.00018368390650661003,5.429345628954441,1.3862943611198906
5205,0,0,23.866513892984777,-0.007064868097823014,0.20177129221732745,0.9473797882550383,7.082684689332786e-05,5.429345628954441,3.2188758248682006
5206,0,0,21.84694428678921,-0.0032999613249393286,0.3022852422907489,1.236805671184375e-05,1.6153301342753835e-11,5.429345628954441,3.044522437723423
5207,0,0,20.396395889939438,-0.04530871242216436,0.20236784140969163,0.0003100284747533004,6.954923443051475e-08,5.429345628954441,1.0986122886681098
5208,0,0,23.804563015202422,-0.05587107866949438,0.20232436818919547,0.004872551848774057,1.7024815288457628e-07,5.429345628954441,2.995732273553991
5209,0,0,23.37366691712369,-0.023161963665132356,0.2022990088105727,0.01024028234858392,1.771806305038811e-05,5.429345628954441,2.833213344056216
5210,0,0,22.08299481808195,-0.03508419740209313,0.2023928714457349,0.0006387847729123562,1.3678300137023787e-08,5.429345628954441,2.4849066497880004
5211,0,0,22.489387151719082,0.04647553252877712,0.2026431718061674,4.741131426559317e-05,6.356985637669828e-08,5.429345628954441,2.70805020110221
5212,0,0,21.215518539997426,-0.01067986170903602,0.20242290748898678,0.026826573558100923,5.639300741587624e-06,5.429345628954441,2.3978952727983707
5301,0,0,20.987080332037095,0.0690378537681774,0.2026431718061674,,0.0,5.429345628954441,1.6094379124341003
5302,0,0,17.484812191825032,0.0937810987159905,0.2026431718061674,,0.0,5.429345628954441,1.0986122886681098
5303,0,0,19.91964975496436,0.0346310246436044,0.2026431718061674,,0.0,5.429345628954441,1.0986122886681098
5305,0,0,20.657554565606066,0.06768191678108607,0.20209251101321585,0.022564879380236713,4.847438193895294e-07,5.429345628954441,0.6931471805599453
5306,0,0,20.439881727623195,-0.0022722327563471792,0.2026431718061674,,0.0,5.429345628954441,1.0986122886681098
5307,0,0,20.76398206714966,0.033795239197018295,0.2026431718061674,2.8542642892431835e-06,2.681789576062704e-06,5.429345628954441,1.0986122886681098
5308,0,0,19.051490148709277,-0.01877165685609706,0.2026431718061674,,0.0,5.429345628954441,1.3862943611198906
5309,0,0,21.46106922976519,0.08395518528261592,0.2026431718061674,,0.0,5.429345628954441,1.6094379124341003
5310,0,0,19.81119943849617,0.04587071127971587,0.2026431718061674,0.0026529671559190142,5.3118933258675194e-06,5.429345628954441,1.0986122886681098
5311,0,0,19.664534252759577,-0.07906513693257644,0.2026431718061674,,0.0,5.429345628954441,0.6931471805599453
5401,0,0,21.585277848859196,-0.004583661571802138,0.20126651982378854,0.00023874259026484,1.939176267107011e-07,5.429345628954441,1.0986122886681098
5402,0,0,24.242942390180776,0.008541424034916603,0.2023953744493392,0.19797561982735673,1.6388755803813343e-05,5.429345628954441,3.044522437723423
5403,0,0,21.628681128101242,0.006781936248554261,0.20257433920704845,0.15268923728707415,2.7344829402224865e-06,5.429345628954441,2.1972245773362196
5404,0,0,21.679903233923515,0.02171293083290495,0.20154185022026433,0.10475160191452652,9.523346944201745e-05,5.429345628954441,1.6094379124341003
5405,0,0,17.544241654423033,-0.05467010011281809,0.2026431718061674,,0.0,5.429345628954441,0.6931471805599453
5406,0,0,19.096255449700607,-0.01315296250967981,0.2026431718061674,,0.0,5.429345628954441,0.6931471805599453
5407,0,0,24.434530199187826,0.01059861475129972,0.20209251101321585,0.005425827399749677,2.2858461299059866e-06,5.429345628954441,3.258096538021482
5408,0,0,21.708067157760304,0.013484107612972404,0.20258198727361723,0.0005299994034897652,8.612009147722257e-10,5.429345628954441,2.302585092994046
5501,0,0,21.650959097356157,-0.01146137116250737,0.2025330396475771,0.20263402698781469,1.719608324376587e-05,5.429345628954441,1.791759469228055
5502,0,0,22.260568926932635,-0.04992733956167861,0.2026431718061674,,0.0,5.429345628954441,0.6931471805599453
5503,0,0,23.3936515359054,-9.712260528780905e-05,0.20145007342143906,0.053375827432156166,7.138681880041524e-05,5.429345628954441,1.9459101490553132
5504,0,0,22.399444590117632,0.02833338398929463,0.2026431718061674,,0.0,5.429345628954441,1.0986122886681098
5505,0,0,20.011127172427404,-0.047649200819790044,0.20126651982378854,0.05432423696640514,0.00010443296812345645,5.429345628954441,1.0986122886681098
5506,1,0,20.336152227338495,0.026043911202545858,0.2018171806167401,1.5540189963015922,0.0007002559039906191,5.429345628954441,1.6094379124341003
5507,0,0,18.052896562220585,-0.010178758422766018,0.2026431718061674,,0.0,5.429345628954441,0.6931471805599453
5508,0,0,20.97521327176018,-0.020463365653918025,0.2026431718061674,,0.0,5.429345628954441,1.0986122886681098
5509,0,0,23.04338948414389,-0.01407136221006413,0.20255139500734215,0.013642706850272489,5.430121024326526e-07,5.429345628954441,2.9444389791664403
5510,0,0,21.77589175613871,-0.014433666528189977,0.20242290748898678,0.04218421202624513,3.5131021934762787e-06,5.429345628954441,1.791759469228055
5511,0,0,20.51266582884419,-0.022298170636362566,0.2026431718061674,0.009899155590482971,0.00010074463529373011,5.429345628954441,1.3862943611198906
5512,0,0,22.712182614228972,0.025824343933056347,0.2026431718061674,8.910092604261083e-06,2.431777397042497e-09,5.429345628954441,1.9459101490553132
5513,0,0,22.251209193306067,-0.05657305696737365,0.2025931117340809,0.12296077219217805,2.702473717776377e-06,5.429345628954441,2.4849066497880004
5514,0,0,22.06788737436671,0.03346711320213562,0.20255139500734215,0.0007101440374185396,9.129549955914321e-07,5.429345628954441,2.5649493574615367
5515,0,0,22.69479477346688,0.0006888929894500792,0.20239843367596672,6.642528442189656e-05,3.0371820432158843e-09,5.429345628954441,2.302585092994046
5516,0,0,22.489917993322898,0.07282067241069491,0.2026431718061674,,0.0,5.429345628954441,3.044522437723423
5601,0,0,22.180063983819906,0.01590727614879754,0.2018171806167401,0.016174735986792577,8.790536591009169e-06,5.429345628954441,1.6094379124341003
5602,0,0,21.538419248182784,0.01024792977635985,0.20250550660792951,0.011050841311992266,0.00013381823993660757,5.429345628954441,1.6094379124341003
5603,0,0,23.983061782891,0.029015364636587253,0.20002753303964757,0.02793098835901268,0.000230786849012922,5.429345628954441,2.1972245773362196
5604,0,0,20.70197631661969,0.06443516947068148,0.20236784140969163,0.0005161825938850279,0.0002753405790504717,5.429345628954441,1.0986122886681098
5605,0,0,19.87756040286482,0.0050238682755681,0.2026431718061674,0.0007399714850220966,3.105760753273096e-06,5.429345628954441,0.6931471805599453
5606,0,0,20.666629893924927,-0.012591941627274669,0.2026431718061674,,0.0,5.429345628954441,0.6931471805599453
5607,0,0,22.153790185215957,0.02817654609629831,0.2020007342143906,0.03293736332463386,4.315087313747328e-05,5.429345628954441,1.9459101490553132
5608,0,0,21.832975322990865,0.0352262059426033,0.20227606461086636,0.03711860227620011,3.3043424935752223e-05,5.429345628954441,1.3862943611198906
5609,0,0,20.809667670747498,0.027911399406377407,0.20154185022026433,8.767926015620594e-05,6.818750719956919e-09,5.429345628954441,0.6931471805599453
5701,0,0,21.457912928840436,-0.042223410155271,0.19933920704845814,0.00788555436891664,0.00011414937127854702,5.429345628954441,1.0986122886681098
5702,0,0,22.92795733043174,0.010354046181201356,0.20145007342143906,0.00647884546089664,8.762140004982519e-06,5.429345628954441,2.5649493574615367
5703,0,0,23.243418949411083,0.008002236418448681,0.20057819383259912,0.0007424005656141237,0.0001714820060903918,5.429345628954441,1.6094379124341003
5704,0,0,21.029051727420693,-0.005988623233881612,0.20236784140969163,0.0002172089677748517,7.031424430093037e-06,5.429345628954441,1.0986122886681098
5705,0,0,21.6568226928175,0.014718817758936036,0.1949339207048458,0.0006643186519958153,1.7457143352471207e-06,5.429345628954441,0.6931471805599453
5801,0,0,22.10411661354338,-0.025522975403056952,0.20255139500734215,0.021713221841454352,5.789655349440141e-07,5.429345628954441,2.5649493574615367
5802,0,0,19.749504209453786,-0.06332630397953028,0.20250550660792951,0.00015269527084680213,8.000417574032563e-08,5.429345628954441,1.6094379124341003
5803,1,0,19.000886595119717,-0.04449034396268049,0.18997797356828194,1.7034962516110148,0.0026314568575235312,5.429345628954441,0.6931471805599453
5804,0,0,21.868535808587012,0.004397803849059195,0.20250550660792951,0.0016042327453301627,2.1871689391887851e-07,5.429345628954441,1.6094379124341003
5805,0,0,17.66481328199334,-0.006094824452608745,0.20154185022026433,0.18000943547807646,0.0006875561723393887,5.429345628954441,0.6931471805599453
5806,0,0,22.59875174991636,0.02648078101238552,0.20154185022026433,0.0005733861471489139,5.887214841489457e-07,5.429345628954441,1.9459101490553132
5807,0,0,21.514059734886317,0.009183501927608232,0.20099118942731278,0.00042127621638651244,5.535463933409418e-07,5.429345628954441,1.0986122886681098
5808,0,0,20.60557923905813,0.012482033979134097,0.20236784140969163,0.0007120156612821185,1.0301900303492265e-08,5.429345628954441,1.0986122886681098
5809,0,0,18.168998782848117,0.01638949534665867,0.20209251101321585,0.003342194589239754,2.6252615062101557e-06,5.429345628954441,0.6931471805599453
5810,0,0,21.803323519197946,-0.04018046292024287,0.2026431718061674,0.0005698127100394058,2.9968581509975067e-06,5.429345628954441,1.6094379124341003
5811,0,0,20.187048511207916,0.05291432626030012,0.2026431718061674,,0.0,5.429345628954441,0.6931471805599453
5901,0,0,20.554960816691196,0.020753072840491882,0.2026431718061674,,0.0,5.429345628954441,1.0986122886681098
5902,0,0,22.407649490297448,-0.007368571307887685,0.2026431718061674,,0.0,5.429345628954441,1.3862943611198906
5903,0,0,23.734705929300556,0.010586070899204016,0.20245961820851688,3.4996894987885868e-06,7.15061209158559e-11,5.429345628954441,1.3862943611198906
5904,0,0,20.29353897645858,-0.028628353944924505,0.2026431718061674,,0.0,5.429345628954441,1.0986122886681098
5905,0,0,19.1361383143986,0.026903399881024952,0.2026431718061674,0.19866613355609994,0.00021940836321746921,5.429345628954441,0.6931471805599453
5906,0,0,21.723217337664416,0.00980498142561727,0.2026431718061674,,0.0,5.429345628954441,1.3862943611198906
5907,0,0,21.130855057363895,-0.0013270098384574602,0.2026431718061674,0.00024615644649460033,3.951869512473826e-07,5.429345628954441,0.6931471805599453
5908,0,0,18.298667599106246,-0.03143496655378962,0.2026431718061674,0.0027755795066803997,0.0002679176550321925,5.429345628954441,0.6931471805599453
5909,0,0,20.312156277706084,-0.005254022251040837,0.2026431718061674,,0.0,5.429345628954441,0.6931471805599453
5910,0,0,20.744779403165218,0.029854327941049592,0.2026431718061674,4.355504379669446e-05,1.1358077033124496e-07,5.429345628954441,0.6931471805599453
5911,0,0,22.915617549336535,0.014901629387061124,0.20227606461086636,6.650339961958181e-05,5.867758449602326e-08,5.429345628954441,1.9459101490553132
6001,0,0,22.679364899363676,0.05567852412313924,0.20248584015103838,0.00013466331640972086,2.176219553934453e-09,5.429345628954441,2.0794415416798357
6002,0,0,20.537947720495946,0.0014405823481278386,0.2026431718061674,,0.0,5.429345628954441,1.0986122886681098
6003,0,0,20.187935308755186,0.06405993145852251,0.2026431718061674,,0.0,5.429345628954441,1.791759469228055
6004,0,0,23.15166073932065,0.017277081333924894,0.2018171806167401,0.0004551973045891029,7.660593168760677e-07,5.429345628954441,1.0986122886681098
6005,0,0,22.57902152172985,0.017001709537943426,0.20243137919349374,0.06075078522419198,3.446205573209474e-06,5.429345628954441,2.6390573296152584
6006,0,0,24.039177142702457,0.037787852319925964,0.2023285084959094,0.038892703874210705,2.7506621974209938e-06,5.429345628954441,2.70805020110221
6101,0,0,22.3092379641183,0.03888103803728315,0.20099118942731278,0.0032761515899059545,6.319982383571452e-07,5.429345628954441,1.3862943611198906
6102,0,0,22.627678789228813,0.044389421372814396,0.20044052863436124,0.0013776881803585497,5.6663302003652205e-05,5.429345628954441,1.6094379124341003
6103,0,0,23.579186299744517,0.010993859181470274,0.2008535242290749,0.0011325006252009176,5.7058667821714215e-06,5.429345628954441,2.5649493574615367
6104,0,0,24.673824102437862,0.010163518426325156,0.20064076892270724,0.0006638949849104826,3.077718423952811e-05,5.429345628954441,3.1354942159291497
6105,0,0,23.45215398638836,-0.002624412928260687,0.1987885462555066,0.0036244590228143273,5.10930021313959e-06,5.429345628954441,1.3862943611198906
6106,0,0,22.976614079136617,-0.03554783605093854,0.2000734214390602,0.00022479990202411355,6.371371004941672e-06,5.429345628954441,1.3862943611198906
6107,0,0,23.212261870843633,0.026491412046237957,0.2020236784140969,0.002491908327166025,2.2019085979496863e-06,5.429345628954441,2.1972245773362196
6108,0,0,23.79143114220855,0.007847273641169408,0.20189227072486984,0.0005477433491968606,2.4884746977465225e-05,5.429345628954441,2.4849066497880004
6109,0,0,25.01204750629852,0.024531687393285633,0.17841409691629956,0.0003019029889346279,9.8849184020035e-07,5.429345628954441,1.0986122886681098
6110,0,0,25.301061433975555,0.010854725353612553,0.19777900146842878,0.00011367006503703006,4.05515963041458e-06,5.429345628954441,1.9459101490553132
6111,0,0,23.333715560517543,0.015809179906120015,0.19952276064610866,0.007080605713693547,4.9501147228936724e-05,5.429345628954441,1.3862943611198906
6112,0,0,22.865985473003427,0.02063113974190606,0.20209251101321585,0.002211858706204859,6.93694942458468e-05,5.429345628954441,2.1972245773362196
6113,0,0,21.37946257520349,0.028884287686705236,0.1998898678414097,0.00014384287645717342,1.3159000124050188e-07,5.429345628954441,0.6931471805599453
6114,0,0,23.195918446258986,0.04211274707831873,0.1945668135095448,0.0008866597373203171,5.097517413120194e-06,5.429345628954441,1.3862943611198906
6115,0,0,23.85598303390753,0.0037566245844425864,0.20184777288301517,0.00011685084589045178,1.0459612399165776e-07,5.429345628954441,2.302585092994046
6116,0,0,22.74997585078135,0.028459276652840343,0.20165198237885462,0.0019160427924059568,2.9860513648600555e-06,5.429345628954441,1.791759469228055
6117,0,0,22.35646364332366,-0.02462598249536378,0.19676945668135096,0.0009832327030680032,2.914362313250064e-06,5.429345628954441,1.3862943611198906
6201,0,0,23.9540154752278,0.04472881857802445,0.20112885462555066,0.0008775148264148067,2.720441947762894e-05,5.429345628954441,2.1972245773362196
6202,0,0,24.17617995497661,0.05122310352579516,0.20078469162995594,0.0004935916897534264,0.00011072975256984928,5.429345628954441,2.1972245773362196
6203,0,0,25.09209397884531,0.005776424177144375,0.1998112020138452,0.0009921541863808715,2.8377560446911683e-06,5.429345628954441,2.70805020110221
6204,0,0,25.347896647135073,0.014803261182271658,0.1976431718061674,0.001991990273869455,4.0977311077730426e-05,5.429345628954441,3.258096538021482
6205,0,0,24.017332308132286,-0.017018050540994194,0.1987885462555066,0.000708880282303373,6.679730558778105e-06,5.429345628954441,1.3862943611198906
6206,0,0,24.017906550767872,0.007802492810604485,0.19922907488986785,0.0015378129973643588,1.682969321053217e-05,5.429345628954441,1.791759469228055
6207,0,0,21.739588894138894,-0.02245951255269295,0.20224984266834486,0.0009478759772306939,8.364354491881431e-06,5.429345628954441,2.0794415416798357
6208,0,0,22.19895782046221,-0.0004953816183435679,0.20147301762114536,0.015467593865971033,8.466839640402202e-05,5.429345628954441,2.1972245773362196
6209,0,0,22.326165506194773,-0.015133859320353266,0.19970631424375918,0.0005309010514192054,4.449438113597148e-06,5.429345628954441,1.3862943611198906
6210,0,0,23.647161177480076,0.006618200975672075,0.1998898678414097,0.0006763731137700789,4.376953676144109e-05,5.429345628954441,1.791759469228055
6211,0,0,23.71830096737344,0.030156376468793766,0.1988497307880568,0.0008088565246250579,1.7969388532156603e-05,5.429345628954441,2.302585092994046
6212,0,0,23.72945210743063,0.011120327782454066,0.2008535242290749,0.00048068358509258243,4.0486895849578335e-06,5.429345628954441,1.6094379124341003
6213,0,0,20.04299005357816,-0.03408586675100994,0.2026431718061674,0.003774522329927439,6.0957405013412774e-05,5.429345628954441,1.0986122886681098
6214,0,0,22.690489512496995,-0.02959651670716868,0.19922907488986785,0.00284222814250402,4.914246009519366e-06,5.429345628954441,1.791759469228055
6215,0,0,21.132166383351645,-0.067423247527519,0.20190895741556533,0.001464493977317938,1.5712231290972927e-05,5.429345628954441,1.3862943611198906
6216,0,0,21.44057274859523,0.011899511311498493,0.19933920704845814,0.00011804013920440771,2.5471843183658263e-06,5.429345628954441,0.6931471805599453
6217,0,0,22.191555070052317,-0.008920178596016924,0.19823788546255505,0.0007854015769277471,3.6655591678186674e-06,5.429345628954441,1.0986122886681098
6301,0,0,22.75980731722678,0.008804017929715798,0.20033039647577092,0.009770160688104646,9.901232338659686e-05,5.429345628954441,1.791759469228055
6302,0,0,24.235792635819987,0.0006007638026017564,0.20088105726872246,0.002349906878871064,6.914319187806703e-06,5.429345628954441,2.772588722239781
6303,0,0,22.840174938220567,0.019157706756172586,0.2013215859030837,0.005412098674720986,1.5572893398337442e-05,5.429345628954441,1.791759469228055
6304,0,0,22.597135923495806,0.026618375406562415,0.200715859030837,0.002439187776165351,9.543737403754864e-05,5.429345628954441,1.9459101490553132
6305,0,0,22.904108597521873,0.030547562630338917,0.20126651982378854,0.06822769032477496,0.00021595160772248684,5.429345628954441,1.9459101490553132
6306,0,0,22.71123872032518,0.04077470300315448,0.20201384518565135,0.02410716487567069,1.83778165715795e-05,5.429345628954441,2.0794415416798357
6307,0,0,23.96404588032705,0.04880029082405986,0.19199706314243759,0.0020387581912294428,2.6782565855214947e-06,5.429345628954441,1.3862943611198906
6308,0,0,19.04339325274855,0.0347511324968637,0.20099118942731278,0.0004564829714506031,1.8492274285062313e-06,5.429345628954441,0.6931471805599453
6309,0,0,22.7501454963594,0.01739587147690233,0.17951541850220265,0.004717224978783189,6.554380362273886e-06,5.429345628954441,0.6931471805599453
6310,0,0,20.94500105839029,-0.03264150653508059,0.1987885462555066,0.09992051494117905,4.08507153374865e-05,5.429345628954441,1.0986122886681098
6401,0,0,21.744779351981148,-0.004493685283653184,0.20227606461086636,0.0007335605697672865,7.407741993895821e-06,5.429345628954441,1.3862943611198906
6402,0,0,24.805815133930007,-0.002748541768609016,0.20033039647577092,0.002235255774668496,7.979128874361743e-06,5.429345628954441,1.791759469228055
6403,0,0,25.319934132485447,-0.006921552100801169,0.19693006607929514,0.0003445381543859264,3.631602723762864e-06,5.429345628954441,2.1972245773362196
6404,0,0,24.80421202655518,0.11233599911780559,0.19585168869309838,7.577308068570571e-05,3.3839762848882963e-07,5.429345628954441,1.3862943611198906
6405,0,0,22.80321749289609,-0.03100703809052009,0.2000734214390602,0.004237803363416617,2.3743136568038185e-05,5.429345628954441,1.3862943611198906
6406,0,0,23.399390681815458,0.01603041527791745,0.1998898678414097,0.0022396645959100337,1.306385391532762e-06,5.429345628954441,1.3862943611198906
6501,0,0,18.370855381246773,0.02634532409068648,0.2026431718061674,,0.0,5.429345628954441,0.6931471805599453
6502,0,0,17.882273670301974,-0.0038958587448499208,0.2026431718061674,,0.0,5.429345628954441,0.6931471805599453
6504,0,0,20.422707415971036,0.030196019093144764,0.20209251101321585,0.0005003803135377286,3.155677148411256e-06,5.429345628954441,0.6931471805599453
6505,0,0,22.966501227824153,0.03751827028165797,0.1921806167400881,3.7929987057471086e-05,4.4008638598132084e-07,5.429345628954441,0.6931471805599453
6506,0,0,22.48233581261638,0.041087789019190864,0.19823788546255505,0.006325966488454421,2.1637967035656975e-05,5.429345628954441,1.3862943611198906
6507,0,0,20.06452399871932,0.021066672340669633,0.20209251101321585,4.707659360127401e-06,3.785029122954254e-09,5.429345628954441,0.6931471805599453
6601,0,0,22.330887447027187,-0.012012940445540339,0.20209251101321585,0.0006615179859362589,1.865839625792903e-07,5.429345628954441,1.3862943611198906
6602,0,0,19.69783748678204,0.024853876282876972,0.2026431718061674,,0.0,5.429345628954441,0.6931471805599453
6603,0,0,20.144601757700613,0.03943629852974919,0.2026431718061674,5.332590456454533e-05,1.4216715824910717e-06,5.429345628954441,1.0986122886681098
6701,0,0,19.494720919678397,-0.080261481279484,0.20209251101321585,0.004705022460881546,5.361062913917694e-07,5.429345628954441,0.6931471805599453
6702,0,0,22.21797674541459,0.05232181928226852,0.20209251101321585,3.4954002166517004e-05,2.619514813264122e-09,5.429345628954441,1.0986122886681098
6703,0,0,20.84693040856808,0.0008169310141391497,0.2026431718061674,,0.0,5.429345628954441,0.6931471805599453
6704,0,0,22.400098967170912,-0.008700203489817402,0.20195484581497797,0.000903140070064209,9.156399559029897e-07,5.429345628954441,1.6094379124341003
6801,0,0,21.354253358936898,0.03448418553117495,0.20209251101321585,0.0014007501646442827,2.5726778836610612e-05,5.429345628954441,0.6931471805599453
6802,0,0,23.7296514314826,-0.004635957581388012,0.200715859030837,0.0022902364067988986,7.122651679842178e-06,5.429345628954441,2.1972245773362196
6803,0,0,20.84374903416858,-0.02635336287421146,0.2026431718061674,,0.0,5.429345628954441,0.6931471805599453
6804,0,0,22.84181163728803,0.02978076237728102,0.20110132158590308,0.04095443229956225,0.00013026742618430816,5.429345628954441,1.791759469228055
6805,0,0,22.744317124209005,0.020350908361126237,0.20099118942731278,0.0006229869238476585,1.6483369252547324e-06,5.429345628954441,1.3862943611198906
6806,0,0,22.800544158814247,0.02298450548902893,0.20062408223201175,0.0013102190795337306,4.1907112004204544e-07,5.429345628954441,1.3862943611198906
6807,0,0,22.11569168565802,-0.022892621491060822,0.2026431718061674,0.012670704441894044,6.779773152189181e-06,5.429345628954441,1.0986122886681098
6808,0,0,20.432052218564625,0.01559330970412773,0.20044052863436124,0.09188967069286899,0.0006527746728333261,5.429345628954441,0.6931471805599453
6809,0,0,22.073530706565368,0.009545510701391388,0.19566813509544786,0.6276799704056459,0.0038313548567820805,5.429345628954441,1.3862943611198906
6810,0,0,23.38608945221226,0.05879733247625129,0.19741189427312775,0.0030089126822671276,3.7595566296945184e-05,5.429345628954441,1.6094379124341003
6811,0,0,21.538940698307194,0.03705660527427771,0.20250550660792951,0.004041629827863548,3.4956759086862787e-05,5.429345628954441,1.6094379124341003
6812,0,0,19.534089048515305,-0.01710527383881223,0.2025330396475771,0.0041723878688679945,2.592090697647212e-06,5.429345628954441,1.791759469228055
6813,0,0,21.72247911920135,-0.009129567545622578,0.2000734214390602,0.0012535139237214007,4.372259467556734e-06,5.429345628954441,1.3862943611198906
6814,0,0,20.146490744685497,-0.013391722924971075,0.2026431718061674,,0.0,5.429345628954441,1.0986122886681098
6815,0,0,23.224822527949623,0.07218137251207894,0.20126651982378854,0.0003897259919287395,2.4734730511083596e-08,5.429345628954441,1.6094379124341003
6901,0,0,19.822171615172987,0.08813572688032321,0.20209251101321585,0.002256381175297903,1.5777407234875943e-06,5.429345628954441,0.6931471805599453
6902,0,0,22.720795986311032,0.007089137566198725,0.20099118942731278,0.001837278517677698,1.394075352373359e-05,5.429345628954441,1.3862943611198906
6903,0,0,22.077116300961418,0.009360004591644835,0.20154185022026433,0.01434414985391032,2.7339097476774795e-06,5.429345628954441,1.3862943611198906
6904,0,0,21.339404476478787,0.022962517321931643,0.20126651982378854,0.0013701684350106173,9.720506849671233e-05,5.429345628954441,1.0986122886681098
6905,0,0,21.028975733651023,-0.014424227979516188,0.20236784140969163,0.010358495070096795,0.00010257608805913322,5.429345628954441,1.0986122886681098
6906,0,0,19.479587791410164,-0.04741488660860439,0.2026431718061674,,0.0,5.429345628954441,0.6931471805599453
6907,0,0,23.536115305138733,0.22596414381435115,0.19851321585903084,0.15003117834699192,7.839967612160054e-05,5.429345628954441,1.0986122886681098
6908,0,0,23.48510801004691,-0.44875042713233265,0.19906387665198239,0.019750598330363318,7.662060277857178e-05,5.429345628954441,1.0986122886681098
6909,0,0,22.928169155213833,0.06130313903409049,0.20236784140969163,0.008646716646854586,4.232874190565948e-06,5.429345628954441,1.6094379124341003
6910,0,0,23.115571870372623,0.045155589304957534,0.1998898678414097,0.01231371985980399,0.00013750364250012927,5.429345628954441,1.0986122886681098
6911,0,0,22.837541114788973,0.02698023904398148,0.19548458149779735,0.014063826233668097,2.6914165304885052e-05,5.429345628954441,1.0986122886681098
6912,0,0,22.13968786778662,0.037598477709795824,0.18777533039647576,0.007440862299199499,0.00014584240655559402,5.429345628954441,0.6931471805599453
6913,0,0,21.90214707240021,-0.018946032327184763,0.19658590308370044,0.0021233419792613287,4.468923833955733e-05,5.429345628954441,1.0986122886681098
6914,0,0,21.63038207187302,0.01901963387193823,0.19768722466960353,0.00494205521313663,1.5792574861493227e-05,5.429345628954441,1.0986122886681098
7001,0,0,20.476945096721835,0.02258546831528169,0.19933920704845814,0.045289616373780595,0.0007828601642514842,5.429345628954441,0.6931471805599453
7002,0,0,21.920884630119215,0.0024631619617743396,0.2025330396475771,4.3648014068089954e-05,4.3266036566419983e-10,5.429345628954441,1.791759469228055
7003,0,0,22.291719576365452,0.11220090565871213,0.20209251101321585,0.05511611444702756,0.00024168762727045328,5.429345628954441,1.6094379124341003
7004,0,0,21.876203429923663,-0.22635544737328697,0.2026431718061674,0.0007019958198369056,2.5009573013194623e-05,5.429345628954441,1.0986122886681098
7005,0,0,23.0895987577656,-0.0005274974460885614,0.19562224669603523,1.051996283334491,0.001568922409887224,5.429345628954441,1.6094379124341003
7006,0,0,22.503114581622242,-0.021017988197090845,0.1998898678414097,0.0002776717101326911,1.852750346937798e-07,5.429345628954441,0.6931471805599453
7007,0,0,23.698303589382554,0.010463971710437135,0.19369493392070486,0.396485314547236,0.0007829435333300635,5.429345628954441,1.6094379124341003
7008,0,0,21.803004696521228,0.05574915240973855,0.197136563876652,0.020886299716200943,0.00012446900198959975,5.429345628954441,0.6931471805599453
7009,0,0,23.1697994749555,0.04387871939820878,0.19860499265785608,0.019365837888768327,7.729522338820888e-05,5.429345628954441,1.3862943611198906
7010,0,0,23.58761763065188,0.02662774431352142,0.19640234948604993,0.009466033875449977,6.328897564137548e-06,5.429345628954441,1.3862943611198906
7011,0,0,20.001336853589095,-0.1595570184038023,0.20245961820851688,0.0030437641204340087,1.8096584906321284e-07,5.429345628954441,1.3862943611198906
7013,0,0,23.454500159385987,-0.01238605288738653,0.20088105726872246,0.006121070719763404,1.6187201672797568e-05,5.429345628954441,2.3978952727983707
7014,0,0,20.825076726363125,-0.023427706307524162,0.2026431718061674,,0.0,5.429345628954441,0.6931471805599453
7015,0,0,19.711561188662724,-0.04718431463589935,0.20236784140969163,0.002991066905294809,1.507543912222256e-05,5.429345628954441,1.0986122886681098
7016,0,0,21.480397239887814,-0.026117585310175374,0.20126651982378854,0.0013338222031315122,3.870044638450823e-07,5.429345628954441,1.0986122886681098
7017,0,0,21.526749598878926,0.09796967635021706,0.2000734214390602,0.0007932437475773543,6.01119704105454e-07,5.429345628954441,1.3862943611198906
7018,0,0,21.68340095044152,-0.058081795331885816,0.20190895741556533,0.005575043249034579,2.0803998215712412e-07,5.429345628954441,1.3862943611198906
7019,0,0,23.814028957087473,0.023464721233047298,0.20219263115738886,0.0035491619768106314,6.209543689024831e-06,5.429345628954441,2.4849066497880004
7020,0,0,22.525929570803278,0.04630450820932784,0.19438325991189428,0.002007046235206726,1.8453928549589095e-06,5.429345628954441,0.6931471805599453
7101,0,0,22.07050691119784,-0.039517178721135374,0.20245961820851688,0.00022815933862013526,3.2012834584936274e-08,5.429345628954441,1.3862943611198906
7102,0,0,26.141978878613852,-0.02483435647143488,0.20242290748898678,3.0941508726797525e-06,2.0941035158099034e-09,5.429345628954441,1.791759469228055
7103,0,0,23.64997754853741,0.009964595677086005,0.20172540381791484,0.000177675714600615,1.9948002663393994e-07,5.429345628954441,1.3862943611198906
7104,0,0,21.805392293167426,0.08335423344856638,0.20209251101321585,0.0028613115635332236,3.356493931968904e-06,5.429345628954441,1.3862943611198906
7105,0,0,20.656737602218033,-0.03056677680026392,0.2026431718061674,,0.0,5.429345628954441,1.0986122886681098
7106,0,0,24.44764130928364,-0.09876390636424093,0.20209251101321585,0.00038599388183491607,7.281319773912248e-08,5.429345628954441,1.3862943611198906
7107,0,0,19.160807405498193,-0.027285814443624313,0.2026431718061674,,0.0,5.429345628954441,0.6931471805599453
7108,0,0,27.2790687782389,-0.02582912039896175,0.19805433186490456,0.0046019300117231925,5.847767318057017e-07,5.429345628954441,1.3862943611198906
7109,0,0,18.724056171525376,0.0507160261745952,0.2026431718061674,,0.0,5.429345628954441,0.6931471805599453
7110,0,0,24.70049177764937,0.050823450387785366,0.20257433920704845,0.00016209760603589965,1.7239703993808337e-09,5.429345628954441,2.1972245773362196
7111,0,0,21.043896911335388,0.0821326060855888,0.2026431718061674,,0.0,5.429345628954441,0.6931471805599453
7112,0,0,24.482711346828452,0.04009586406632674,0.1989262114537445,0.20887461433166046,2.1732886674768064e-05,5.429345628954441,1.6094379124341003
7113,0,0,25.704446551044146,0.029738480419420774,0.19768722466960353,0.0008905817581496144,8.726762449393559e-07,5.429345628954441,1.3862943611198906
7114,0,0,21.710958811909713,0.027153715908071654,0.20172540381791484,0.003061703157238318,1.4308420926199598e-07,5.429345628954441,1.3862943611198906
7115,0,0,22.720112798924916,-0.05344678618923092,0.2018171806167401,0.12423354337415533,3.363881269469288e-06,5.429345628954441,1.0986122886681098
7116,0,0,21.725838226412314,-0.09172045514040744,0.20209251101321585,0.00010787672104605137,2.1297599668788146e-08,5.429345628954441,1.0986122886681098
7117,0,0,23.316405466002838,-0.00827060674374236,0.19364904552129222,0.003420351209889361,1.929418255008207e-06,5.429345628954441,1.3862943611198906
7118,0,0,20.697073872634682,0.021702704918696848,0.20154185022026433,0.0017927271580253901,2.1485063343464934e-06,5.429345628954441,0.6931471805599453
7201,1,1,22.949430954887188,-0.019246566738959657,0.19860499265785608,3.2363074009117514,0.001344383511961267,5.429345628954441,1.3862943611198906
7202,0,0,24.705366473978838,0.016380024202459622,0.2026064610866373,0.006621390904074364,8.798937380209907e-09,5.429345628954441,2.772588722239781
7203,0,0,22.634141344100424,0.01081311133624259,0.2026431718061674,0.0008122280478004151,0.00027533039647577095,5.429345628954441,1.0986122886681098
7204,0,0,25.01521962386486,-0.0340907494334739,0.2013058527375708,0.08861843768791879,4.21457781461706e-05,5.429345628954441,2.0794415416798357
7205,0,0,22.17528336705472,0.00676451439361578,0.20172540381791484,7.101164931961706e-05,1.62445416384534e-09,5.429345628954441,1.3862943611198906
7206,0,0,21.79572553346341,-0.06616749736736341,0.20209251101321585,0.4521278936056728,0.00031377692744716734,5.429345628954441,1.0986122886681098
7207,0,0,24.69961841774448,0.007765612062663833,0.1997522026431718,0.11971405636774664,3.679536547184383e-05,5.429345628954441,1.6094379124341003
7208,0,0,25.30184954638091,-0.012081625914011454,0.2013058527375708,0.1748453829405881,0.0001404298574182203,5.429345628954441,2.70805020110221
7209,0,0,24.183202616284657,-0.03032815530554848,0.2022148800783162,0.3360141044191114,0.00015851559902022058,5.429345628954441,2.302585092994046
7210,0,0,25.20742721045364,-0.0008294016389996358,0.20209251101321585,0.04704256730086239,4.83031226932637e-05,5.429345628954441,2.4849066497880004
7211,0,0,22.88067800474937,-0.00837837308933574,0.20218428781204112,0.0014270418510367487,8.039373851418452e-08,5.429345628954441,1.9459101490553132
7212,0,0,22.798824869939008,0.006407650174362602,0.2020007342143906,0.001175229447952467,0.0002311487522187312,5.429345628954441,1.9459101490553132
7213,0,0,23.819987989509855,-0.006959532555660598,0.2026431718061674,,0.0,5.429345628954441,1.6094379124341003
7214,0,0,24.28213104656689,-0.040578311306251065,0.20198237885462555,0.4432233937871636,4.297795827652087e-05,5.429345628954441,1.791759469228055
7215,0,0,22.38542839317405,-0.004477310227166538,0.2026431718061674,0.0013891538534300213,3.6690809788357175e-07,5.429345628954441,1.3862943611198906
7216,0,0,24.012811758324357,-0.02534414715738849,0.2018171806167401,0.009308536975100954,4.977349712973597e-05,5.429345628954441,2.5649493574615367
7217,0,0,23.276448461428785,-0.0026211628951153913,0.20236784140969163,0.07706618396899126,4.718872509906842e-05,5.429345628954441,1.6094379124341003
7218,0,0,22.072041995838838,0.014496985572785363,0.20227606461086636,0.004877364599725803,0.00018362739320902806,5.429345628954441,1.3862943611198906
7219,0,0,24.69004336564566,0.010314143725028776,0.20240717432347388,0.00015122554486903954,6.5976666502835734e-09,5.429345628954441,2.70805020110221
7220,0,0,22.855151170037814,0.008622642983419812,0.20223017621145375,0.002878179789245972,1.3622836247660742e-07,5.429345628954441,1.6094379124341003
7221,0,0,21.98298536563905,-0.017298067097737634,0.2026431718061674,,0.0,5.429345628954441,0.6931471805599453
7222,0,0,23.11427387209977,-0.007186379193245205,0.20209251101321585,0.00789950223020193,0.00011107652722562776,5.429345628954441,1.791759469228055
7223,0,0,22.100943163664287,0.005887202584398883,0.20209251101321585,0.00028251313899636246,0.0002159658296096109,5.429345628954441,0.6931471805599453
7224,0,0,22.65035403839881,0.01860325167139479,0.2026431718061674,5.632212497391662e-05,1.4091264600980964e-05,5.429345628954441,1.0986122886681098
7225,0,0,24.651426442926894,0.042718286285807254,0.20257433920704845,8.99959827085094e-06,8.701714554572948e-12,5.429345628954441,2.1972245773362196
7226,0,0,22.56638406306889,0.012690748160953915,0.20255139500734215,0.0008594377836861669,7.031029661300965e-09,5.429345628954441,1.9459101490553132
7227,0,0,23.073285467042588,-0.02306659500725467,0.20245961820851688,0.2608234070145161,2.4846028964754595e-05,5.429345628954441,1.3862943611198906
7228,0,0,23.997824094126965,-0.016931625401052246,0.20236784140969163,0.006457964385639265,1.4779350562433546e-05,5.429345628954441,2.1972245773362196
7229,0,0,22.20979658232397,0.01901787036408767,0.20154185022026433,0.002706970743998438,5.710006470340522e-07,5.429345628954441,1.0986122886681098
7301,0,0,22.107304629026196,-0.023005694164465428,0.20236784140969163,0.0037174816230699263,1.8445495746314464e-07,5.429345628954441,1.0986122886681098
7302,0,0,22.780505889422024,-0.042634380623851,0.20030286343612336,0.007144352516578892,0.00011512389315454348,5.429345628954441,1.6094379124341003
7303,0,0,22.004346290797052,-0.056650628682458765,0.20044052863436124,0.0029199747762601543,3.2433794286253086e-06,5.429345628954441,0.6931471805599453
7304,0,0,24.737033119960426,-0.06437727878639589,0.20035581158929178,0.00994979208811975,2.866931606243036e-05,5.429345628954441,2.6390573296152584
7305,0,0,23.62874718878381,-0.06646094624161318,0.20224984266834486,0.11089147894293516,0.00023510466322669934,5.429345628954441,2.0794415416798357
7306,0,0,24.489638209460008,-0.013093575167063267,0.20126651982378854,0.06315128771481762,0.0001057051509632426,5.429345628954441,2.3978952727983707
7307,0,0,24.29083633721741,-0.010498497406620264,0.19383259911894274,0.011502534987761617,7.346031323950954e-05,5.429345628954441,2.3978952727983707
7308,0,0,25.164112839041444,0.010478002436637249,0.19581497797356828,0.05059663201354523,8.243557998870135e-05,5.429345628954441,1.791759469228055
7309,0,0,22.711160237738742,-0.01844364100528816,0.19548458149779735,0.00360956882078601,1.2609486816706874e-05,5.429345628954441,0.6931471805599453
7310,0,0,23.15053232594162,0.002798867881605443,0.1987885462555066,0.001545406863980286,6.0149508984710536e-05,5.429345628954441,1.3862943611198906
7311,0,0,22.497804135412064,0.003295769084228752,0.17951541850220265,0.02804281968574664,5.187524833818596e-05,5.429345628954441,0.6931471805599453
7312,0,0,23.24836000919111,-0.006550278895461755,0.1949339207048458,0.14490085190338783,0.00014291559123142295,5.429345628954441,1.0986122886681098
7313,0,0,19.858443085268476,-0.03454142815356088,0.20209251101321585,0.00028432649934529694,5.071458045991408e-08,5.429345628954441,0.6931471805599453
7314,0,0,22.892159718330362,0.012763099086467429,0.20236784140969163,0.0055881268000624726,8.337936575707583e-06,5.429345628954441,2.3978952727983707
7315,0,0,22.96128206877058,0.003861316953259393,0.20106002202643172,0.007195053681114715,3.87186848414087e-05,5.429345628954441,2.1972245773362196
7316,0,0,20.11913537845975,-0.024280389565692905,0.2026431718061674,,0.0,5.429345628954441,0.6931471805599453
7317,0,0,22.312947259733892,0.013037149105027327,0.1998898678414097,0.0010185728748723086,8.493640567934287e-06,5.429345628954441,0.6931471805599453
7318,0,0,24.9899532506727,0.02359789275694552,0.19043685756240822,0.001967622710274484,1.2567100098972883e-05,5.429345628954441,2.5649493574615367
7319,0,0,20.19465499372989,0.008993687442515734,0.2018171806167401,0.0059320468681705076,6.722575255448098e-06,5.429345628954441,1.0986122886681098
7320,0,0,23.24287215508351,0.015083161300018537,0.1932819383259912,0.000699709509609832,9.060305151980777e-07,5.429345628954441,1.3862943611198906
7321,0,0,23.62314549164729,0.012494691193258686,0.19910320956576463,0.051216763692428634,0.0001437055007287349,5.429345628954441,2.0794415416798357
7322,0,0,22.577764911247343,0.005914596594158843,0.20154185022026433,0.30193509511510763,0.00028502753294473086,5.429345628954441,1.3862943611198906
7323,0,0,23.73481523185389,0.028542626278260715,0.19759544787077826,0.00133296630180411,6.526066902398784e-06,5.429345628954441,1.9459101490553132
7324,0,0,22.409008513429676,0.015022159870540282,0.20030286343612336,0.004875124001169373,6.202592672041243e-06,5.429345628954441,1.6094379124341003
7325,0,0,23.177387630903,-0.010913318778314404,0.20044052863436124,0.007550568643717756,8.704934107504636e-06,5.429345628954441,1.3862943611198906
7326,0,0,25.23627257099113,0.03154575667181151,0.1808920704845815,0.03270591842523108,5.9105334541075314e-05,5.429345628954441,1.6094379124341003
7401,0,0,21.204396130113256,0.010603313788653614,0.2026431718061674,,0.0,5.429345628954441,0.6931471805599453
7402,0,0,23.58387026017985,0.04555103675023891,0.2026431718061674,,0.0,5.429345628954441,0.6931471805599453
7403,0,0,25.560250382184545,-0.01396253208806954,0.20201384518565135,0.06772614010440449,1.559986509588555e-05,5.429345628954441,2.0794415416798357
7404,0,0,24.533681159840167,-0.03746203167394808,0.19823788546255505,0.005855897323083308,3.2781046392851935e-06,5.429345628954441,0.6931471805599453
7405,0,0,19.9482366147689,-0.0020691198752277686,0.2026431718061674,,0.0,5.429345628954441,0.6931471805599453
7406,0,0,21.251412504617154,0.03968302214841627,0.2026431718061674,,0.0,5.429345628954441,1.0986122886681098
7407,0,0,23.090004208301245,-0.032182857339297787,0.2013582966226138,0.018517361977595057,1.3195521052535982e-05,5.429345628954441,1.3862943611198906
7408,0,0,24.332781860577207,-0.02524363757389723,0.20242290748898678,0.0157646217243045,7.758655940380415e-05,5.429345628954441,1.791759469228055
7409,0,0,23.427105478195436,-0.009374877831779947,0.2026431718061674,,0.0,5.429345628954441,2.1972245773362196
7410,0,0,23.15594780342804,0.0084724192635246,0.2026431718061674,,0.0,5.429345628954441,1.6094379124341003
7411,0,0,23.189884704200338,-0.010347628511216225,0.20223017621145375,0.014117557822355018,8.763894489722592e-07,5.429345628954441,1.6094379124341003
7412,0,0,22.822812559786872,0.028533555155433838,0.19961453744493393,0.0046814603432254525,1.8644347818971914e-05,5.429345628954441,1.0986122886681098
7413,0,0,21.978527161875544,-0.011512393852805563,0.19933920704845814,0.03451434137349327,2.7861849800157106e-05,5.429345628954441,0.6931471805599453
7415,0,0,21.462994665934023,0.02411996861798262,0.19966960352422908,0.0040299169114135745,0.00010555568130256096,5.429345628954441,1.791759469228055
7418,0,0,21.121487684047118,0.019914732711901445,0.200715859030837,0.00468982043814719,7.550545252546307e-06,5.429345628954441,1.0986122886681098
7419,0,0,22.700674367713187,0.007177873182080196,0.19952276064610866,0.002317057220735601,3.02495232781265e-05,5.429345628954441,1.3862943611198906
7501,0,0,23.20157770283208,-0.020960087901335737,0.20291850220264318,,0.0,5.429345628954441,1.0986122886681098
7502,0,0,23.98344566898713,-0.03748519427310482,0.20236784140969163,2.5680360366047523e-08,1.9665957361762393e-13,5.429345628954441,1.0986122886681098
7503,0,0,21.117527661191,0.02819614910285634,0.2026431718061674,,0.0,5.429345628954441,0.6931471805599453
7504,0,0,21.303780114666022,0.05166019533971674,0.2026431718061674,,0.0,5.429345628954441,0.6931471805599453
7505,0,0,22.386158880188223,-0.010754957187012354,0.2026431718061674,0.012294372747693278,6.940913026418964e-05,5.429345628954441,1.6094379124341003
7506,0,0,21.69938050814412,-0.01845474716474768,0.20236784140969163,4.819185426035314e-05,7.963186712174834e-10,5.429345628954441,1.0986122886681098
7507,0,0,21.390071150310323,-0.001274577910719742,0.2026431718061674,0.0005137225957853732,0.00018355359765051394,5.429345628954441,1.3862943611198906
7508,0,0,21.823221847575994,0.08273847672232676,0.20016519823788545,0.0004585437298688446,9.059459332818857e-08,5.429345628954441,1.0986122886681098
7601,0,0,25.302302215287796,0.022004423445296222,0.20126651982378854,0.005759057185478413,5.395847023904795e-07,5.429345628954441,1.0986122886681098
7602,0,0,23.919826777885955,0.014362551724288177,0.20099118942731278,0.00035463347169791166,1.1746744031984763e-06,5.429345628954441,0.6931471805599453
7603,0,0,20.82744112080885,0.05064517498077867,0.2026431718061674,,0.0,5.429345628954441,1.0986122886681098
7604,0,0,24.072949121823996,0.02711719682793623,0.19952276064610866,0.015919507000560624,2.6589750794347986e-05,5.429345628954441,1.3862943611198906
7605,0,0,22.68428766576486,0.024164893272271074,0.2026431718061674,,0.0,5.429345628954441,1.6094379124341003
7606,0,0,24.722075737604804,0.0347047120069247,0.20140418502202642,0.013393535298918744,6.179307742669105e-06,5.429345628954441,1.6094379124341003
7607,0,0,23.819662162391474,0.016537336256184445,0.19695301027900147,0.003982425933183486,3.535024018263071e-05,5.429345628954441,1.3862943611198906
7608,0,0,22.178780937435697,-0.0006508974544417535,0.19961453744493393,0.006811458243298273,2.443369566107548e-05,5.429345628954441,1.0986122886681098
7609,0,0,21.207764188323242,0.042189850220416006,0.19933920704845814,0.00032204715882869266,5.957512292646703e-08,5.429345628954441,0.6931471805599453
7610,0,0,23.713425348411377,0.0539464200205475,0.1987885462555066,0.0024877387932715806,2.815050139962165e-05,5.429345628954441,1.0986122886681098
7611,0,0,19.72833543765684,-0.02824180590204601,0.2026431718061674,0.00015399829529690726,2.793734040398954e-07,5.429345628954441,0.6931471805599453
7612,0,0,22.932356921197275,0.010445252890004161,0.19961453744493393,0.0015558639740605382,2.3010453283102488e-07,5.429345628954441,1.0986122886681098
7613,0,0,20.567715951460812,0.044111553161117645,0.20099118942731278,0.0025600006023043364,5.856465858641305e-06,5.429345628954441,0.6931471805599453
7614,0,0,21.718661378585516,-0.014113140017375894,0.20236784140969163,0.0015289846579051697,4.2346797736244866e-06,5.429345628954441,1.0986122886681098
7615,0,0,22.912456590849683,0.024241064517226883,0.1968612334801762,0.0008952820698670196,1.9844612713525974e-06,5.429345628954441,1.0986122886681098
7616,0,0,24.09322263719535,0.03132511533140637,0.19144640234948604,0.0017931972649554912,4.4167638684431655e-05,5.429345628954441,1.3862943611198906
7801,0,0,23.287513602399976,0.035880207670810356,0.20190895741556533,0.055728453586414754,4.644063513508057e-06,5.429345628954441,1.3862943611198906
7802,0,0,20.793815991213254,0.04449032180227269,0.20044052863436124,0.9176269214397862,5.175441219279619e-05,5.429345628954441,0.6931471805599453
7804,0,0,20.33061945700413,0.015532086066158565,0.20227606461086636,0.7546357724544136,1.851349731133456e-05,5.429345628954441,1.3862943611198906
7806,0,0,20.35733163603167,-0.026446598685124195,0.197136563876652,0.015352689884340966,7.683041470226042e-06,5.429345628954441,0.6931471805599453
7901,0,0,23.935820572188934,0.060438446749490074,0.19897209985315711,0.3099796045835138,0.0007896838330523377,5.429345628954441,1.3862943611198906
7902,0,0,20.90348323533928,0.04624535030978886,0.1998898678414097,0.05819054390463837,2.52129679909331e-06,5.429345628954441,0.6931471805599453
7903,0,0,20.60077722792172,0.04403583134420795,0.20236784140969163,0.0004016685786867647,8.543029244887628e-09,5.429345628954441,1.0986122886681098
7904,0,0,20.04079274103893,0.03968366552738639,0.2026431718061674,,0.0,5.429345628954441,0.6931471805599453
7905,0,0,20.94112822095586,-0.0005481111793609592,0.2026431718061674,,0.0,5.429345628954441,0.6931471805599453
7907,0,0,21.637309664130175,0.03090091540254747,0.20209251101321585,0.0017384182148162777,4.613863121321024e-05,5.429345628954441,0.6931471805599453
8001,0,0,22.99676579770408,-0.05263062193022475,0.2018171806167401,0.0005134881139383629,1.2681936410367505e-07,5.429345628954441,1.0986122886681098
8002,0,0,19.46634365355155,-0.0577849863207539,0.2026431718061674,,0.0,5.429345628954441,0.6931471805599453
8003,0,0,21.029362457893146,-0.08828780490630328,0.2026431718061674,1.00512291978689e-06,2.474768742760064e-08,5.429345628954441,0.6931471805599453
8007,0,0,20.555200866151257,-0.010210937348596964,0.20154185022026433,0.0008379966614346655,5.425588219005214e-07,5.429345628954441,0.6931471805599453
8101,0,0,21.528352091062523,-0.02486644183805182,0.2025330396475771,0.0002554282433692403,7.956892692042877e-05,5.429345628954441,1.791759469228055
8102,0,0,21.186416834210103,-0.03803253263773057,0.2857929515418502,,0.0,5.429345628954441,1.9459101490553132
8103,0,0,21.426787981967138,-0.061816391713366906,0.4684287812041116,,0.0,5.429345628954441,1.3862943611198906
8104,0,0,21.922144662455715,0.005173997036901769,0.2025330396475771,0.015996573701200206,1.2429581946326097e-05,5.429345628954441,1.791759469228055
8105,0,0,22.734581908295663,0.13199255148380112,0.36875917767988253,,0.0,5.429345628954441,1.3862943611198906
8106,0,0,19.681427213087666,-0.12159797759236822,0.2026431718061674,,0.0,5.429345628954441,0.6931471805599453
8107,0,0,18.271769197889633,0.0450559240099036,0.46806167400881055,0.18064784601231143,0.00011562052826008609,5.429345628954441,1.3862943611198906
8108,0,0,23.118914138017804,0.03601361991178285,0.2013582966226138,0.010000916049433902,1.2072658119443806e-07,5.429345628954441,1.3862943611198906
8109,0,0,20.553555333213687,-0.002223933610165654,0.4684287812041116,,0.0,5.429345628954441,1.3862943611198906
8110,0,0,20.372211173758284,-0.023310529079612636,0.4684287812041116,,0.0,5.429345628954441,1.3862943611198906
8111,0,0,21.3921920549082,0.034173195370326356,0.2026431718061674,,0.0,5.429345628954441,0.6931471805599453
8112,0,0,21.880452548103538,-0.019149870767833456,0.6375650780937124,,0.0,5.429345628954441,2.4849066497880004
8113,0,0,21.25775819789298,0.06047233585358664,0.2026431718061674,0.0009938065582992095,6.343402264922105e-06,5.429345628954441,0.6931471805599453
8201,0,0,21.84482246911137,0.015082305600352027,0.20236784140969163,0.00445300319774848,1.6292973588940636e-06,5.429345628954441,1.9459101490553132
8202,0,0,22.73894809533066,0.021362365494968245,0.2012271869100063,0.0010587992655056928,1.7438685426111317e-05,5.429345628954441,2.0794415416798357
8203,0,0,22.105676268367915,0.017179986350798405,0.19727422907488987,0.011384075508665038,5.847855538235831e-05,5.429345628954441,1.6094379124341003
8204,0,0,22.410109338781712,0.01945853020191326,0.19383259911894274,0.001275194434982198,4.452554821139058e-06,5.429345628954441,1.3862943611198906
8205,0,0,23.27493859427778,0.017477817521634204,0.1949339207048458,0.010629488274884824,3.0026210710665174e-05,5.429345628954441,2.302585092994046
8206,0,0,21.41174502406292,0.0332689337755472,0.19548458149779735,0.003167147291512048,3.4851786785329273e-06,5.429345628954441,0.6931471805599453
8207,0,0,24.421035311227072,0.009223704664907633,0.19581497797356828,0.027750448776260553,3.16322210718896e-05,5.429345628954441,2.3978952727983707
8208,0,0,22.417456823183784,0.026604299172121697,0.19944933920704846,0.005087951708536535,1.258986484562495e-05,5.429345628954441,1.791759469228055
8209,0,0,23.164832640661263,-0.02264916548967807,0.19383259911894274,0.00030188371739783577,4.47270458304176e-08,5.429345628954441,0.6931471805599453
8210,0,0,20.744583001520404,-0.025760432482977286,0.2026431718061674,0.0001215164365912099,2.7550467405367607e-07,5.429345628954441,0.6931471805599453
8211,0,0,22.295770388105947,0.01498090740464236,0.20190895741556533,0.0009128383880376518,6.115516002954183e-06,5.429345628954441,1.9459101490553132
8212,0,0,22.93588272148087,-0.005987287053932028,0.20227606461086636,0.0008680538140502046,5.0875825662687045e-08,5.429345628954441,1.3862943611198906
8213,0,0,20.922125545526185,0.01350285650752062,0.20044052863436124,0.0006254000637633375,1.5791708884861884e-06,5.429345628954441,0.6931471805599453
8214,0,0,21.254871016344545,0.00682439307533231,0.2013582966226138,0.0003676571081403781,3.871392436214787e-07,5.429345628954441,1.3862943611198906
8215,0,0,22.175317911690954,8.480141642321808e-05,0.19906387665198239,0.001547087362679777,1.1336011579345768e-05,5.429345628954441,1.6094379124341003
8301,0,0,23.857099203792174,0.019799615448564182,0.19902454373820014,0.0008942121792614174,5.3114761601931165e-06,5.429345628954441,2.0794415416798357
8302,0,0,24.787645698741063,0.03460826699486488,0.19906387665198239,0.0029894428020581978,2.6695971743018423e-06,5.429345628954441,2.1972245773362196
8303,0,0,21.4781302121009,0.006598708289552118,0.20099118942731278,0.00021806254660731536,1.0321452695347888e-07,5.429345628954441,0.6931471805599453
8304,0,0,20.08976071795829,0.041575664070007894,0.20209251101321585,0.00027160616803587664,7.72654701214325e-06,5.429345628954441,0.6931471805599453
8305,0,0,21.32775486399336,-0.01699679805062279,0.20227606461086636,1.2068432437498383e-05,4.5311379545232984e-08,5.429345628954441,1.3862943611198906
8306,0,0,22.18952847526211,0.00693080301529064,0.20030286343612336,0.0006430065726397287,9.753099517813407e-07,5.429345628954441,1.6094379124341003
8307,0,0,22.209367194190914,0.09457843599782927,0.19575991189427314,0.022856690691269596,1.109720054107361e-05,5.429345628954441,1.0986122886681098
8308,0,0,22.516052156786376,0.03648606363358141,0.2013582966226138,8.283727100859203e-05,2.897862232945277e-07,5.429345628954441,1.3862943611198906
8309,0,0,23.20011465077973,0.01583698841609802,0.19575991189427314,0.0004869300775161734,8.029607585380193e-07,5.429345628954441,1.0986122886681098
8310,0,0,21.070612667363267,0.024257846245093147,0.197136563876652,0.003257876658235563,2.5996499287751016e-05,5.429345628954441,0.6931471805599453
8311,0,0,22.518877668659467,-0.02062977089402566,0.20126651982378854,0.010218485284946188,2.0313092754911702e-05,5.429345628954441,1.6094379124341003
8401,0,0,22.824623724448198,-0.07079744293199963,0.2026431718061674,,0.0,5.429345628954441,1.6094379124341003
8402,0,0,23.180854528660678,-0.06179471282141401,0.20176211453744494,0.04239433792693897,0.00013025177699964386,5.429345628954441,1.791759469228055
8403,0,0,23.268436772139516,-0.008907479206601626,0.2018171806167401,0.00012968162058409914,7.920096120346778e-07,5.429345628954441,1.0986122886681098
8404,0,0,22.216227356167288,-0.051605793424589166,0.20190895741556533,0.0077127743318904565,1.5722560229680239e-06,5.429345628954441,1.3862943611198906
8405,0,0,21.44002112376544,-0.04838950353223259,0.20126651982378854,0.041701113501164976,5.106123690163563e-05,5.429345628954441,1.0986122886681098
8406,0,0,23.236087462232785,-0.0975170665958589,0.20044052863436124,0.13405389030700338,5.695747992416552e-05,5.429345628954441,1.6094379124341003
8407,0,0,25.188279394306036,0.0241128822043743,0.20216134361233482,0.08410710975024098,1.1530263640927984e-05,5.429345628954441,2.1972245773362196
8408,0,0,25.213221143246333,-0.005631920819803217,0.1973201174743025,0.023203375561158476,0.00013599186076490555,5.429345628954441,1.3862943611198906
8409,0,0,25.518284156910276,-0.0015335677089590557,0.18337004405286345,0.012521168797444122,4.153089441624384e-06,5.429345628954441,1.3862943611198906
8410,0,0,21.88177673144818,-0.08012083069538752,0.20236784140969163,0.0022412395756455923,7.629946865892446e-08,5.429345628954441,1.6094379124341003
8411,0,0,26.25475438524271,0.05934007012884349,0.19465859030837004,0.10834372454231525,8.365786592155393e-05,5.429345628954441,2.1972245773362196
8412,0,0,24.393731681458455,0.03921937611786592,0.1919446192573946,0.009396184707425417,2.144814007135933e-05,5.429345628954441,2.0794415416798357
8413,0,0,25.51550712704382,0.005601675254690712,0.1894273127753304,0.01876675375788001,4.4663574246674527e-05,5.429345628954441,2.5649493574615367
8414,0,0,25.619762358791245,0.007591048163140839,0.19126284875183552,0.009131474562478039,8.429289003449225e-05,5.429345628954441,2.302585092994046
8415,0,0,25.11428418233738,0.02971220192670036,0.19594346549192365,0.007823397365244912,6.582317941057952e-05,5.429345628954441,1.9459101490553132
8416,0,0,22.329104707966966,-0.011061387291712117,0.20209251101321585,0.004761341751822493,3.818599221119376e-06,5.429345628954441,1.6094379124341003
8417,0,0,22.996449578577064,-0.021200807289219886,0.2018171806167401,0.011487534554115416,6.145628474967969e-05,5.429345628954441,1.6094379124341003
8418,0,0,25.11164423841259,0.021349511925267035,0.1962555066079295,0.030965127245966746,0.00024859381367526743,5.429345628954441,2.3978952727983707
8419,0,0,25.024584387625406,0.00980260012392438,0.19901798825256975,0.008733900283797356,0.00010209350865872298,5.429345628954441,2.5649493574615367
8420,0,0,21.712804020998753,0.001088287343838426,0.2011747430249633,0.018850362190240513,1.588127915205061e-06,5.429345628954441,1.3862943611198906
8421,0,0,25.470910126600916,0.03584407608173732,0.1918301962354826,0.00623542987607031,0.00013752678178592835,5.429345628954441,2.4849066497880004
8422,0,0,24.681284132951944,0.017758450076640248,0.19667767988252569,0.00706534684161421,2.1314033849149835e-05,5.429345628954441,1.9459101490553132
8423,0,0,22.73322802566235,0.009383873427848325,0.2011485210824418,0.011885423684522143,9.122084328173352e-06,5.429345628954441,2.0794415416798357
8424,0,0,24.292231668128736,0.016358016719766524,0.1968612334801762,0.0038236615683802442,1.2427253441521223e-05,5.429345628954441,1.9459101490553132
8425,0,0,23.32335472144192,-0.01223096182696429,0.19926054122089365,0.07841177592822858,9.329743416172338e-05,5.429345628954441,2.0794415416798357
8426,0,0,24.074785372517535,-0.022064242551394386,0.20044052863436124,0.1064037889168479,6.37238529247538e-05,5.429345628954441,2.302585092994046
8427,0,0,24.151866982954115,0.041545765296495465,0.20044052863436124,0.00920519200760466,1.841467611766163e-05,5.429345628954441,1.3862943611198906
8428,0,0,24.698836175144443,0.028964671475744403,0.20019579050416056,0.0049071378395963315,3.7624574531484676e-06,5.429345628954441,2.302585092994046
8429,0,0,25.16334864495311,-0.009711582297152077,0.1997522026431718,0.012973226892265828,2.278642675918961e-05,5.429345628954441,2.1972245773362196
8430,0,0,23.904402301381403,-0.05268179820357023,0.2011747430249633,0.19618625628193806,8.404100984621806e-05,5.429345628954441,2.302585092994046
8431,0,0,25.430792535439274,-0.0218180458567473,0.19039096916299558,0.014683899197380015,4.015099890880949e-05,5.429345628954441,2.1972245773362196
8432,0,0,23.374512120047456,-0.003839924146184847,0.20177784770295784,0.06705058525937642,6.630909217631769e-05,5.429345628954441,2.0794415416798357
8433,0,0,24.322380773250018,0.0014072015760576441,0.20204245094112935,0.0750448831309283,4.489690543547041e-05,5.429345628954441,2.4849066497880004
8434,0,0,22.080890570218774,0.00032933293259435325,0.20227606461086636,0.019167638635502447,1.643307454761324e-05,5.429345628954441,1.3862943611198906
8435,0,0,20.38831218562086,0.02249390450674062,0.20209251101321585,0.009363946208825243,1.4579255803775734e-07,5.429345628954441,1.0986122886681098
8436,0,0,23.297530407326846,0.025835269204358847,0.20218428781204112,0.005397253031341079,6.046981864041367e-05,5.429345628954441,1.9459101490553132
8437,0,0,22.18841035350786,-0.004647853815448093,0.20190895741556533,0.005754607398561657,2.6954338111052637e-06,5.429345628954441,1.3862943611198906
8438,0,0,23.919336448421856,0.01711454141344986,0.19982103524229075,0.006951145695034418,1.8354769331388072e-05,5.429345628954441,2.1972245773362196
8439,0,0,22.951134063727597,-0.0006567545412284828,0.20066079295154185,0.0218811724702611,4.042054052132503e-06,5.429345628954441,1.791759469228055
8440,0,0,21.40330356744933,-0.03418489054898307,0.20209251101321585,0.03123248001571269,1.2421141998205599e-06,5.429345628954441,1.0986122886681098
8441,0,0,23.184560919954837,0.03475554667773896,0.20053230543318648,0.014327186685508026,2.196733780520856e-06,5.429345628954441,1.9459101490553132
8442,0,0,22.069673241711058,-0.07630271282395393,0.20190895741556533,0.006850011708223775,1.3411157748522759e-06,5.429345628954441,1.3862943611198906
8443,0,0,25.93736415155452,-0.030956860965159563,0.1994239240935276,0.009117046212743394,2.5599246826715576e-06,5.429345628954441,2.6390573296152584
8444,0,0,21.33227799028369,-0.02920234258863778,0.2026431718061674,6.829331802466193e-05,3.7409524509387047e-06,5.429345628954441,0.6931471805599453
8445,0,0,22.69069892120228,0.007080826593265101,0.2026431718061674,9.007721329947505e-05,6.883259911894274e-05,5.429345628954441,2.1972245773362196
8446,0,0,22.100133868337295,-0.005005435942660235,0.20223017621145375,0.6677596904398839,1.6168588126043338e-05,5.429345628954441,1.6094379124341003
8447,0,0,22.462562402784055,-0.010345860629489839,0.20236784140969163,0.01701026338130049,1.8277354199266593e-06,5.429345628954441,1.6094379124341003
8448,0,0,22.962598621857666,-0.0010531915375093476,0.20184221065278335,0.00526279699061397,1.6165384890734128e-06,5.429345628954441,2.4849066497880004
8449,1,1,21.100063521455976,0.02631193658203889,0.20099118942731278,3.19725665857605,0.00042851200399085076,5.429345628954441,0.6931471805599453
8450,0,0,23.988050610559817,2.326665696042848e-05,0.19229074889867842,0.205330844962783,0.0004547196319084238,5.429345628954441,1.791759469228055
8451,0,0,23.41963251953151,0.0411048604051735,0.20216134361233482,0.004315652479575655,3.532081296127185e-06,5.429345628954441,2.1972245773362196
8452,0,0,23.012835123163356,0.0245148776905783,0.20110132158590308,0.0023734031084908414,1.8520574231316533e-06,5.429345628954441,1.791759469228055
8453,0,0,21.402047221184006,0.03765468566713642,0.20209251101321585,0.0025352858952324307,1.0982738973668089e-07,5.429345628954441,1.6094379124341003
8454,0,0,22.53301594594683,-0.03434139579754348,0.20236784140969163,0.004334927096464033,5.5716204728764026e-08,5.429345628954441,1.6094379124341003
8455,0,0,22.98621098391189,-0.036958006650294126,0.20198237885462555,0.009582057819990763,5.253312642500025e-07,5.429345628954441,1.791759469228055
8456,0,0,23.15349466452454,0.03874658026186808,0.2018171806167401,0.0034951911285243335,6.131869106259797e-07,5.429345628954441,1.6094379124341003
8457,0,0,23.75405285700604,-0.031134209131261477,0.2026431718061674,,0.0,5.429345628954441,1.3862943611198906
8458,0,0,23.294216007150744,-0.008690998541947163,0.20250550660792951,0.0003677053093646739,4.4600188805902e-09,5.429345628954441,1.6094379124341003
8459,0,0,22.708659107246618,-0.04788129457484408,0.20204245094112935,0.03271884070605777,8.365580689869374e-06,5.429345628954441,2.4849066497880004
8460,0,0,22.909395579487892,-0.019906050984519242,0.2022990088105727,0.016084611274446995,1.0941422879929086e-05,5.429345628954441,2.1972245773362196
8461,0,0,22.283125757365603,-0.02353743469944344,0.20165198237885462,0.0045105558481142085,7.389168280757503e-06,5.429345628954441,1.791759469228055
8462,0,0,23.669728602673132,-0.01704752538649484,0.2011747430249633,0.017136006919936997,1.0613518149876956e-05,5.429345628954441,2.302585092994046
8463,0,0,22.069311196615878,-0.008267067505091933,0.20223017621145375,0.0014778928274544012,8.960244203631871e-07,5.429345628954441,1.6094379124341003
8464,0,0,22.31903272533475,0.009764589977972296,0.2011747430249633,0.004727930848411614,7.035808794609135e-05,5.429345628954441,1.3862943611198906
8465,0,0,23.309582564095646,0.030996769638656725,0.20174834801762115,0.004440248664660247,7.44281048564381e-06,5.429345628954441,2.1972245773362196
8466,0,0,24.25084614499272,0.011608189559799465,0.1961925739458779,0.006675639838693572,7.346084708656853e-06,5.429345628954441,2.0794415416798357
8467,0,0,24.523103010725553,0.02771067018607401,0.19768722466960353,0.0028951706378622898,2.7817899947680676e-05,5.429345628954441,2.3978952727983707
8468,0,0,21.450812574063004,-0.02037617784054295,0.20002753303964757,0.07487389338432522,5.158858912830426e-05,5.429345628954441,1.6094379124341003
8469,0,0,17.908029148898358,-0.6395334217410584,0.40198237885462557,0.13492668856300888,0.00021020273414082004,5.429345628954441,0.6931471805599453
8470,0,0,22.95786887146254,0.025201073730768905,0.20190895741556533,0.00010436200845396233,3.651612814236291e-06,5.429345628954441,1.9459101490553132
8471,0,0,27.168922469334916,0.002621536521895319,0.1861921806167401,0.0019039674539712294,3.55274325943251e-05,5.429345628954441,2.1972245773362196
8472,0,0,23.009141685714997,-0.031114574551431302,0.20227606461086636,0.0008041866350576442,1.1916264755002174e-06,5.429345628954441,1.3862943611198906
8473,0,0,26.088057848339318,0.007306974714310178,0.21127019089574156,0.0015633313810679533,9.783105090086818e-06,5.429345628954441,1.9459101490553132
8474,0,0,24.23241396521305,-0.024243942570749626,0.1985525487728131,0.030198629363290656,4.040838837161693e-05,5.429345628954441,2.0794415416798357
8475,0,0,22.553120215212303,0.01673730220428454,0.20223017621145375,0.004493755771535017,4.867423617350973e-07,5.429345628954441,1.6094379124341003
8476,0,0,21.94567758333734,0.0004968672274174223,0.2026431718061674,0.0014606676592843649,3.5740790571317475e-06,5.429345628954441,1.791759469228055
8477,0,0,24.597138738878833,0.016983083792794524,0.19940803964757708,0.0052849921203905635,3.497197161802086e-06,5.429345628954441,2.1972245773362196
8478,0,0,21.93749472460163,0.0015143752435466528,0.2018171806167401,0.00035968841852576227,2.0585541304629856e-08,5.429345628954441,1.0986122886681098
8479,0,0,25.630346286184913,0.03289406946767981,0.19562224669603523,0.010953594655784927,5.2724529428888796e-05,5.429345628954441,2.5649493574615367
8480,0,0,24.243336479321936,0.019059283596714365,0.19891091532060695,0.013294753542867488,6.651209713858533e-05,5.429345628954441,2.302585092994046
8481,0,0,25.81274216481812,0.011032941221560273,0.17465124816446403,0.008486363755532212,1.8793165663553813e-05,5.429345628954441,1.9459101490553132
8482,0,0,24.802447580495077,0.007865204672684008,0.1950715859030837,0.0016849372076609738,5.3408045437952486e-06,5.429345628954441,2.1972245773362196
8483,0,0,25.372232567309695,0.019508396740832774,0.18620201384518564,0.00317993033491694,3.6617811959068787e-06,5.429345628954441,2.0794415416798357
8484,0,0,23.269062406327258,0.021971900556992656,0.18612334801762115,0.010922008173067509,3.876560354439585e-06,5.429345628954441,1.3862943611198906
8486,0,0,25.47254238388026,0.11251244679009857,0.20187224669603523,0.06741433805739848,3.113111125481055e-05,5.429345628954441,1.791759469228055
8487,0,0,23.27723097027439,0.002602144046002167,0.19383259911894274,0.0058087515850003294,2.4972414389590697e-06,5.429345628954441,1.0986122886681098
8501,0,0,25.30281361174151,0.02335855563432859,0.19658590308370044,0.015566440216331304,4.456126017949584e-05,5.429345628954441,2.70805020110221
8502,0,0,24.574120621252817,-0.046685287439893246,0.19886721208307112,0.013783916778121933,2.932600837313009e-05,5.429345628954441,2.0794415416798357
8503,0,0,24.250821205441238,-0.0013367760341877397,0.183920704845815,0.0054861520311224096,6.3567730743868105e-06,5.429345628954441,0.6931471805599453
8504,0,0,25.83770072076655,0.010206323820131017,0.19318181818181818,0.012722284643327303,4.187357841568886e-05,5.429345628954441,2.4849066497880004
8505,0,0,23.517367759728238,-0.012809728674441714,0.19933920704845814,0.0023359333660898634,3.572280697105022e-06,5.429345628954441,1.6094379124341003
8506,0,0,23.435160079664797,0.012339879193191482,0.20020453115166773,0.009890501937871337,7.953152956461277e-06,5.429345628954441,2.0794415416798357
8507,0,0,25.033005967731956,0.08949872401337287,0.19961453744493393,0.0032077901868822045,1.8556131351984676e-06,5.429345628954441,2.1972245773362196
8508,0,0,23.70229076137523,0.060913219447986326,0.2008535242290749,0.00032847093030173363,2.8673046902852026e-05,5.429345628954441,1.6094379124341003
8509,0,0,23.774944872909828,0.039585011529422405,0.20025697503671072,0.0008382090203296146,0.00010916101183248247,5.429345628954441,1.3862943611198906
8510,0,0,22.865682210420967,0.042917766242987904,0.2018171806167401,0.0012506617751006277,2.845947499293393e-07,5.429345628954441,1.6094379124341003
8511,0,0,24.342297016728267,0.017934557514225073,0.19564191315292637,0.004347254121326974,8.091736897224631e-05,5.429345628954441,2.0794415416798357
8512,0,0,24.66296164834038,0.06425373741608228,0.19658590308370044,0.0002808767133509459,1.4401298065143535e-06,5.429345628954441,1.791759469228055
8513,0,0,22.450100527216946,-0.007093092510813597,0.20099118942731278,0.00025725688983791866,8.549682584971075e-07,5.429345628954441,1.0986122886681098
8514,0,0,22.989806475582334,0.001661454330594413,0.2013215859030837,0.008010242661884147,3.78780927602341e-05,5.429345628954441,1.791759469228055
8515,0,0,23.751897613152742,0.01086186497483563,0.19741189427312775,0.01787212645545848,2.089853265005265e-05,5.429345628954441,2.1972245773362196
8516,0,0,25.149234112222587,0.03082530441118707,0.19977186910006292,0.005725237549786359,0.00011615779692827048,5.429345628954441,2.70805020110221
8517,0,0,27.591291488170064,0.03942853034139516,0.18116740088105726,0.0073325801095274895,1.1904151335310582e-05,5.429345628954441,2.0794415416798357
8518,0,0,24.912763828467558,0.04802938021435747,0.19982103524229075,0.00035354899797222284,6.902527096149359e-07,5.429345628954441,2.1972245773362196
8519,0,0,22.575944747695143,-0.03186304600099465,0.2013215859030837,0.0016601951330716376,5.050665904912652e-06,5.429345628954441,1.791759469228055
8521,0,0,23.2456203071001,-0.13660620629025283,0.19823788546255505,0.008507827948594662,4.893388706614475e-06,5.429345628954441,1.0986122886681098
8522,0,0,22.608319781685434,-0.1671070010268414,0.20099118942731278,0.008714584750129551,2.6433520856180095e-05,5.429345628954441,1.0986122886681098
8523,0,0,25.316515611616836,0.0028338450429621354,0.1847466960352423,0.005288549593964832,4.887227328490543e-05,5.429345628954441,2.1972245773362196
8525,0,0,25.10268670956696,-0.029035085485869756,0.19034508076358297,0.009396663475068375,2.523759629504078e-05,5.429345628954441,1.3862943611198906
8526,0,0,24.344420873438764,0.024645427815642516,0.19291483113069016,0.005116992584226806,1.0065207980409166e-05,5.429345628954441,1.3862943611198906
8527,0,0,24.05052248400758,-0.05585836337596726,0.20147301762114536,0.0040664278055762195,8.022939973834092e-07,5.429345628954441,2.1972245773362196
8528,0,0,25.884376793874225,-0.018454543085551493,0.19548458149779735,0.006699684031712322,7.675733770235317e-05,5.429345628954441,2.302585092994046
8529,0,0,25.478165505288,-0.018808591235088674,0.17455947136563876,0.016147273957238334,1.8961230431523706e-05,5.429345628954441,1.0986122886681098
8530,0,0,22.314265979424345,-0.0026154189572604736,0.2011747430249633,0.00824753591790246,2.164037108752955e-05,5.429345628954441,1.3862943611198906
8531,0,0,24.211380807801063,0.01099608008162079,0.19369493392070486,0.002922696619861385,1.7007167712045968e-06,5.429345628954441,1.6094379124341003
8532,0,0,24.561715886714936,0.04157753123790614,0.1998898678414097,0.004470549853580205,6.266104839560579e-05,5.429345628954441,2.302585092994046
8533,0,0,23.61218104965691,0.023790173769658068,0.19933920704845814,0.0012658925797788328,4.5802712757668495e-06,5.429345628954441,2.0794415416798357
8534,0,0,25.092791672935334,0.011119802983277971,0.177863436123348,0.001397852764334916,9.524481334016788e-07,5.429345628954441,0.6931471805599453
8535,0,0,23.53981756796283,-0.00532232633674024,0.2008994126284875,0.0100691560753199,2.57120912524514e-05,5.429345628954441,1.9459101490553132
8536,0,0,25.893903558023837,0.019667765250862525,0.18469162995594712,0.0032197653178527874,6.037368698590721e-05,5.429345628954441,2.3978952727983707
8537,0,0,25.38170762610615,0.0481367355486321,0.1770374449339207,0.009273864397166855,2.189677430275866e-05,5.429345628954441,1.0986122886681098
8538,0,0,24.861220880916783,0.00799611344140983,0.1789647577092511,0.002089284819431205,1.1196838217910557e-05,5.429345628954441,1.0986122886681098
8539,0,0,23.90568685207079,-0.11784697937275876,0.2001101321585903,0.01739952370636449,5.46783892189348e-05,5.429345628954441,2.3978952727983707
8540,0,0,21.988104236145997,-0.06616501792203444,0.20229275130156188,0.051018262985638566,5.23771809443117e-05,5.429345628954441,2.4849066497880004
8541,0,0,25.94374151733538,0.012592489103334902,0.19810022026431717,0.0032307594269178038,6.480174997093509e-06,5.429345628954441,2.1972245773362196
8542,0,0,27.611070611865674,0.05750732688239927,0.18931718061674008,0.00022583710764461149,3.3517998242796744e-05,5.429345628954441,1.791759469228055
8543,0,0,25.10270809848054,0.04589467936240197,0.19251101321585903,0.005441048342399331,3.2467409827271125e-06,5.429345628954441,1.791759469228055
8544,0,0,26.088443067582485,0.02660770330767222,0.18805066079295155,0.08614973610915404,0.00023272664774475382,5.429345628954441,2.1972245773362196
8545,0,0,23.23490669228911,0.06484281065358412,0.20099118942731278,0.001113876966834355,4.813775056264628e-06,5.429345628954441,1.6094379124341003
8546,0,0,22.282328239631553,-0.0035413952921353902,0.20062408223201175,0.0010888922678060986,4.824102083681e-07,5.429345628954441,1.3862943611198906
8547,0,0,23.025776510834724,0.04523217839988141,0.2000734214390602,0.0015447436648311967,2.2894590256398797e-07,5.429345628954441,1.3862943611198906
8548,0,0,23.004098721804922,0.0483058670437577,0.1998898678414097,0.31193343492803893,4.7468303836467935e-05,5.429345628954441,1.0986122886681098
8601,0,0,21.505605432801367,-0.055744269165120444,0.2026431718061674,,0.0,5.429345628954441,1.0986122886681098
8602,0,0,22.005176476283026,-0.1616701599774864,0.20209251101321585,0.08577865853299126,0.0005925784404796755,5.429345628954441,1.0986122886681098
8603,0,0,23.147584393879754,-0.0048959624168059095,0.20236784140969163,0.18579648952614258,1.1262473788551269e-05,5.429345628954441,1.0986122886681098
8604,0,0,21.452615183290956,-0.005811433557922209,0.20044052863436124,0.07524412512164552,0.00011771809580740761,5.429345628954441,0.6931471805599453
8605,0,0,21.95302283179313,-0.009507244574177615,0.2026431718061674,,0.0,5.429345628954441,0.6931471805599453
8606,0,0,22.912009861690354,-0.042944497622715246,0.20242290748898678,0.0332298192808739,4.423465483500474e-05,5.429345628954441,1.791759469228055
8607,0,0,23.844297052112807,-0.00753958730627678,0.20092235682819384,0.004490713871690749,5.468213422507314e-07,5.429345628954441,2.1972245773362196
8608,0,0,21.332699768902145,0.018829155574712746,0.20044052863436124,0.0013622891186222358,5.069397174077719e-07,5.429345628954441,0.6931471805599453
8609,0,0,22.856968310487467,0.05322932013304576,0.1800660792951542,0.013283590721908628,9.62496221937839e-05,5.429345628954441,0.6931471805599453
8701,0,0,25.274302111101566,0.006585145400758724,0.20044052863436124,0.01486589703658129,2.853432134064397e-05,5.429345628954441,1.6094379124341003
8702,0,0,24.179694330502983,0.02102005643398495,0.20154185022026433,0.0016925711942038402,1.3827455986826683e-06,5.429345628954441,1.0986122886681098
8703,0,0,27.903492015120545,0.026272077686688287,0.19634116495349976,0.00041978151996790064,3.8717823509193e-06,5.429345628954441,2.302585092994046
8704,0,0,26.221818041757686,0.01944621383618444,0.1998898678414097,0.022725882882027437,0.0001309491549122578,5.429345628954441,2.0794415416798357
8705,0,0,23.899954270644375,-0.010948274187441662,0.1990088105726872,0.08929986382720194,0.0001041757524230073,5.429345628954441,1.791759469228055
8706,0,0,22.690377936986,-0.0010770829455980671,0.20044052863436124,0.017110962717157643,4.053633211405325e-05,5.429345628954441,0.6931471805599453
8707,0,0,23.65936680757576,0.014321127773563303,0.20209251101321585,0.012337221980517921,4.807919284038556e-06,5.429345628954441,1.0986122886681098
8708,0,0,27.256608028862242,0.022500396117552734,0.18985997482693517,0.00029704425293511334,2.1827776828557877e-06,5.429345628954441,2.70805020110221
8709,0,0,21.714979253381266,-0.004204432616916165,0.20209251101321585,0.0015349292760358014,1.2453077847329195e-07,5.429345628954441,1.3862943611198906
8710,0,0,22.73083929765725,0.09197281057484574,0.2026431718061674,,0.0,5.429345628954441,0.6931471805599453
8711,0,0,24.395436235758005,0.05675947790279112,0.20190895741556533,0.0014286323398460736,1.3542245228059179e-06,5.429345628954441,1.9459101490553132
8712,0,0,23.446434009681887,-0.006001302671810606,0.20044052863436124,2.0076563492608574e-05,3.808950709449359e-07,5.429345628954441,0.6931471805599453
8713,0,0,21.691320461843326,0.045210387488110224,0.2026431718061674,0.0007483824072656964,6.637425210030012e-07,5.429345628954441,1.0986122886681098
8714,0,0,24.270007638438344,0.021768476242013085,0.2005628976994616,0.001675394536858414,1.5202064122679778e-06,5.429345628954441,2.302585092994046
8715,0,0,22.13845766333124,-0.0014510106022629788,0.20209251101321585,7.996358148362074e-05,1.503418798786696e-07,5.429345628954441,0.6931471805599453
8716,0,0,24.557997373305373,0.035005283532674035,0.19910320956576463,0.013602620420724458,9.459334676190656e-06,5.429345628954441,2.0794415416798357
8801,0,0,18.637679922965507,0.02949475203343166,0.2026431718061674,,0.0,5.429345628954441,0.6931471805599453
8802,0,0,26.516289133056446,0.00915591772040157,0.21916299559471367,0.23345773815310245,3.4485883967696325e-06,5.429345628954441,1.9459101490553132
8803,0,0,25.83445092824882,0.036684229130568353,0.1789647577092511,0.05569931712610488,4.368705928464796e-05,5.429345628954441,1.6094379124341003
8804,0,0,20.075047421696183,0.015088784107661775,0.20154185022026433,0.027950723301114262,6.7809007312289945e-06,5.429345628954441,0.6931471805599453
8805,0,0,22.065771309999633,0.026050738302271045,0.20209251101321585,0.491193183327579,9.224832087098838e-05,5.429345628954441,1.3862943611198906
8901,0,0,25.68202227827634,-0.035787751220510956,0.37637665198237885,0.07320148187970134,0.0002689093553838255,5.429345628954441,1.6094379124341003
8902,0,0,21.853955376029052,0.033951189716491366,0.2026431718061674,,0.0,5.429345628954441,0.6931471805599453
8903,0,0,23.905058058219335,0.07257439381136077,0.20223017621145375,0.05662693023500361,1.1513862512480971e-06,5.429345628954441,1.6094379124341003
8904,0,0,23.113337310010877,0.0018062340577585352,0.20209251101321585,0.5667183812562355,2.1568131381958295e-05,5.429345628954441,0.6931471805599453
8905,0,0,24.840280869400846,0.01030908224213512,0.2026431718061674,,0.0,5.429345628954441,1.3862943611198906
8906,0,0,23.13697151008376,0.03802154337797246,0.5509361233480177,0.0008555973279942864,7.13454044770944e-08,5.429345628954441,1.0986122886681098
8907,0,0,21.549372401530334,-0.008845989579171296,0.1987885462555066,0.013676654123995349,6.024185627528863e-06,5.429345628954441,1.0986122886681098
8908,0,0,22.387688375728686,-0.004516246309245969,0.20044052863436124,0.6380867207667794,3.656959364448318e-05,5.429345628954441,0.6931471805599453
9001,0,0,24.66297628846096,0.011891674656959844,0.200715859030837,0.00022665505207048635,9.321148882265428e-08,5.429345628954441,1.9459101490553132
9002,0,0,23.926077885932767,0.017396665767113333,0.20112885462555066,0.0006314871510387891,2.100437012024943e-06,5.429345628954441,1.6094379124341003
9003,0,0,23.13556955626158,0.03388762846525782,0.20154185022026433,0.0006246897616743669,1.0943920584268036e-06,5.429345628954441,1.3862943611198906
9004,0,0,23.585769156747432,0.03854805846699686,0.1930066079295154,9.169637027854292e-05,1.7306341897089999e-06,5.429345628954441,1.0986122886681098
9005,0,0,21.646460244941938,0.007348366447664229,0.20154185022026433,0.02388743298380146,4.4871924176445725e-06,5.429345628954441,1.3862943611198906
9006,0,0,22.327113099896387,-0.030009838703234253,0.22006407689227073,0.02534308758162479,2.7626040916383945e-06,5.429345628954441,2.4849066497880004
9007,0,0,21.222211716121603,-0.049898871078099,0.20209251101321585,0.015267814204911162,1.5809175363834972e-06,5.429345628954441,1.6094379124341003
9008,0,0,20.279646539945404,0.020326903800719,0.2026431718061674,0.0005154656097990793,1.526976642374807e-06,5.429345628954441,1.0986122886681098
9010,0,0,21.295934882783516,-0.04104851837595748,0.20223017621145375,0.00020048928082134218,2.9409313975898303e-09,5.429345628954441,1.6094379124341003
9011,0,0,22.20045989718259,0.022030593093857936,0.2016795154185022,0.002618449253234,7.161502109008488e-06,5.429345628954441,1.6094379124341003
9012,0,0,22.284353519575063,0.06981105774932447,0.2018171806167401,0.006250125321446572,4.026095177892275e-07,5.429345628954441,1.0986122886681098
9013,0,0,25.535290262892083,-0.07724570027854392,0.1987885462555066,0.014244610841124144,8.738050009324857e-06,5.429345628954441,1.6094379124341003
9014,0,0,23.31025513345194,0.02364560385318279,0.18915198237885464,0.06576623439018392,4.1207372999080306e-05,5.429345628954441,1.6094379124341003
9015,0,0,23.605736899533724,-0.031172408003686508,0.19383259911894274,0.03771328236909741,7.551675341338947e-05,5.429345628954441,1.9459101490553132
9016,0,0,20.459906561294336,0.03557393874472968,0.19933920704845814,0.011551663110457503,2.8417084683272275e-06,5.429345628954441,0.6931471805599453
9017,0,0,22.134488045985698,-0.00046909386993260985,0.20033039647577092,0.005479089684934667,1.4620123902734525e-05,5.429345628954441,1.791759469228055
9018,0,0,26.033939172276938,0.043201616930121665,0.197136563876652,0.0028106792147061504,0.00014321998778201142,5.429345628954441,2.6390573296152584
9019,0,0,23.764506611650173,0.06554825153483522,0.1979625550660793,0.0019323107366565914,5.91348808367778e-07,5.429345628954441,1.0986122886681098
9020,0,0,21.743173202167583,0.049598968797113674,0.1960352422907489,0.0035211983773575026,2.520420054559019e-06,5.429345628954441,0.6931471805599453
9021,0,0,25.305845613101887,0.03842380722535494,0.19968337004405287,0.0017112406528001349,9.384968680665207e-05,5.429345628954441,2.1972245773362196
9022,0,0,24.454477383283354,0.01349059102688276,0.19968337004405287,0.019507114446794527,5.0996081832740245e-06,5.429345628954441,2.1972245773362196
9023,0,0,22.38671926353625,0.006914675144557511,0.18226872246696035,0.006183730767332757,0.00010264095250260077,5.429345628954441,0.6931471805599453
9024,0,0,22.211469280133425,0.0077075423220274485,0.20044052863436124,0.00866283731714391,4.47712003653112e-06,5.429345628954441,1.3862943611198906
9025,0,0,23.01188029937446,0.04132009802458867,0.19039096916299558,0.004229304519456528,3.961008344018328e-06,5.429345628954441,1.6094379124341003
9026,0,0,24.395648602407064,0.0268874073812295,0.17552312775330398,0.007131597561533214,7.805657753670358e-06,5.429345628954441,1.6094379124341003
9027,0,0,25.05215398790167,0.03921501162447918,0.19309838472834068,0.0015149599642131546,1.9348626505357608e-06,5.429345628954441,1.9459101490553132
9028,0,0,23.302594964415267,0.054256192835973834,0.19920154185022027,0.025320761221846625,7.870191473869627e-05,5.429345628954441,1.6094379124341003
9029,0,0,23.444316573823656,0.031126077359959526,0.19383259911894274,0.0014943540558342752,2.4191154052418323e-06,5.429345628954441,1.3862943611198906
9030,0,0,24.527341510086124,0.022316089816515013,0.19628554265118142,0.008355699592706404,3.5808090408018144e-06,5.429345628954441,2.4849066497880004
9031,0,0,25.06742173484231,0.048836317988422785,0.1896108663729809,0.007431728572730888,3.5130242000474046e-05,5.429345628954441,1.9459101490553132
9032,0,0,24.91010595574132,0.012171814404880016,0.18909691629955946,0.002028981282425563,2.827705413857033e-06,5.429345628954441,1.791759469228055
9033,0,0,22.513345109887737,-0.018042153350209967,0.1960352422907489,0.0006923061697005824,4.1193782853976765e-07,5.429345628954441,0.6931471805599453
9101,0,0,23.94151088966304,-0.00037167193894594943,0.20255139500734215,0.0001430121846408442,6.0141187947702084e-09,5.429345628954441,1.9459101490553132
9102,0,0,24.561201068762394,0.007786135296646116,0.19926054122089365,0.0006438785863330863,5.17876395229974e-06,5.429345628954441,2.0794415416798357
9103,0,0,19.13936177952976,0.023519098025369826,0.2026431718061674,,0.0,5.429345628954441,1.0986122886681098
9104,1,0,19.38477360970426,0.022897304665047084,0.19658590308370044,1.3657192356115402,0.00022754005976579594,5.429345628954441,0.6931471805599453
9105,0,0,21.650652770178645,-0.0340543172344594,0.20227606461086636,0.0008312967244458784,2.439830680890955e-06,5.429345628954441,1.9459101490553132
9106,0,0,20.306024255614936,0.0012153008616858692,0.20154185022026433,0.006054304264918737,2.000752924612948e-06,5.429345628954441,1.0986122886681098
9107,0,0,20.67806829252314,-0.018281972599887477,0.20154185022026433,0.0004100339065778705,9.68176106818239e-07,5.429345628954441,0.6931471805599453
9108,0,0,21.805922800245604,-0.1090578132592858,0.2026431718061674,,0.0,5.429345628954441,1.791759469228055
9109,0,0,18.735739266391025,0.008471184167878652,0.2026431718061674,,0.0,5.429345628954441,1.0986122886681098
9110,0,0,20.298587771309833,-0.04578854899400476,0.2026431718061674,,0.0,5.429345628954441,1.6094379124341003
9111,0,0,21.787007322527792,-0.024100451746834818,0.20250550660792951,8.433405171548906e-05,1.1815646334583087e-09,5.429345628954441,1.6094379124341003
9112,0,0,17.894135129833888,-0.009177945320250186,0.2026431718061674,,0.0,5.429345628954441,1.0986122886681098
9113,0,0,22.039008774014086,0.028527725309669818,0.2026431718061674,0.0003057221222683039,6.451335835975525e-06,5.429345628954441,1.3862943611198906
9114,0,0,21.98324152039704,-0.011934227296726482,0.20250550660792951,0.0031264192915580664,1.1106717588149861e-07,5.429345628954441,1.6094379124341003
9201,0,0,21.144813141258414,0.007251655512526008,0.20245961820851688,0.012029490279143695,6.071638482571328e-06,5.429345628954441,1.3862943611198906
9202,0,0,21.241727439755483,-0.0022391997756611636,0.20099118942731278,0.0003431202905005584,6.715903901664173e-06,5.429345628954441,1.0986122886681098
9205,0,0,21.113025080071683,0.010076418554975975,0.2026431718061674,,0.0,5.429345628954441,1.0986122886681098
9206,0,0,20.56228122463591,-0.005620454281743694,0.20154185022026433,0.0006591413003421022,2.752252681254451e-06,5.429345628954441,0.6931471805599453
9207,0,0,22.113299671735977,0.014702810092623737,0.20154185022026433,0.0003731499427781992,1.8030619022723626e-07,5.429345628954441,1.0986122886681098
9208,0,0,19.276208528431294,-0.046234234867483306,0.2026431718061674,0.002049582439263026,1.2501991721317207e-05,5.429345628954441,1.0986122886681098
9209,0,0,21.752332505341887,0.009541828195968716,0.2025330396475771,2.5147181328679826e-05,2.571770807403954e-10,5.429345628954441,1.791759469228055
9301,1,1,21.409332628736117,0.07323005182520073,0.20209251101321585,3.3863109033535994,0.0005096099012061276,5.429345628954441,1.3862943611198906
9302,0,0,21.293713374270258,0.02056814464641559,0.2026431718061674,,0.0,5.429345628954441,0.6931471805599453
9303,0,0,21.66817223579002,0.01947981032962478,0.2026431718061674,0.007872243234052901,0.00013766519823788548,5.429345628954441,1.6094379124341003
9304,0,0,21.059524917365025,0.017732422107315977,0.20209251101321585,0.0020778330413908325,4.265775525591608e-08,5.429345628954441,0.6931471805599453
9305,0,0,22.0417279780492,0.029118029223586153,0.20223017621145375,0.04605319276858564,3.6827836082078673e-06,5.429345628954441,1.6094379124341003
9306,0,0,23.26099807036031,0.07899065117536352,0.2018171806167401,0.025545702683594924,7.637606479253057e-06,5.429345628954441,1.6094379124341003
9307,0,0,18.69970465653894,0.002472448257362137,0.20154185022026433,0.002803902280577305,4.928182921070089e-07,5.429345628954441,0.6931471805599453
9401,0,0,25.64675687802407,0.03416227133767171,0.19897209985315711,0.0009792210319652796,4.917771384902252e-06,5.429345628954441,2.5649493574615367
9402,0,0,22.6864569667103,0.021704220863793918,0.200715859030837,0.012978588822094368,5.414778492678557e-06,5.429345628954441,1.0986122886681098
9403,0,0,25.696105073771893,0.021729996687122236,0.19636563876651983,0.0022114849936265314,1.438286817201718e-05,5.429345628954441,2.3978952727983707
9404,0,0,24.044173090370517,0.04252314451177189,0.19790748898678415,0.0033351996738883844,0.00020092723181669783,5.429345628954441,1.791759469228055
9405,0,0,25.13376501453393,0.03447389311577535,0.19768722466960353,0.015223566144503433,6.793775067158038e-05,5.429345628954441,2.302585092994046
9406,0,0,23.412478302643482,-0.003175617728236607,0.197136563876652,0.01792438697248498,8.176686287771729e-05,5.429345628954441,0.6931471805599453
9503,0,0,25.16270058067714,0.0340942913970181,0.18337004405286345,4.906336463512393e-05,1.1916618545576254e-06,5.429345628954441,0.6931471805599453
9504,0,0,24.64069954818001,0.03337547673167037,0.201431718061674,0.0004314288927781106,7.252014218267702e-06,5.429345628954441,1.791759469228055
9505,0,0,23.257844479586872,0.03419246562732762,0.1998898678414097,0.0002398617362567937,4.1233720169679665e-05,5.429345628954441,1.0986122886681098
9506,0,0,24.564237261454632,0.026752715607213234,0.20137989116351387,0.0026572675827396725,4.130576529069349e-06,5.429345628954441,2.8903717578961645
9507,0,0,22.43450427819712,0.02185207885344951,0.20223017621145375,0.00020099947629941066,1.8446381009596627e-07,5.429345628954441,1.6094379124341003
9508,0,0,21.725296603523798,0.08697741536594569,0.20236784140969163,0.0011081692746423163,1.2185747850542673e-05,5.429345628954441,1.0986122886681098
9601,0,0,19.484774287892755,0.022311511980296423,0.20236784140969163,0.0037314275725541966,6.09251886133011e-07,5.429345628954441,1.0986122886681098
9602,0,0,21.23289642444772,0.004013299336591008,0.19548458149779735,0.005884063305114993,5.40022209430826e-06,5.429345628954441,0.6931471805599453
9603,0,0,23.47506788404584,0.037464583357227736,0.2000471994965387,0.007454283382314501,4.141962739383705e-05,5.429345628954441,2.0794415416798357
9604,0,0,18.12872475593437,0.03983353703943586,0.20044052863436124,0.04162963040264038,5.735849730701498e-06,5.429345628954441,0.6931471805599453
9605,0,0,20.154367501673597,0.03264647007418828,0.2026431718061674,0.005720973803284011,5.5156635639734226e-05,5.429345628954441,0.6931471805599453
9606,0,0,21.89807623552997,-0.005471022993601545,0.20220264317180617,0.000434573705135148,2.5709540579184465e-08,5.429345628954441,1.791759469228055
9607,0,0,22.31629483771937,0.030905762101666675,0.20209251101321585,0.0021124805810928985,1.8435010902728905e-07,5.429345628954441,1.3862943611198906
9608,0,0,23.11627738552668,0.01813339777404203,0.1984443832599119,0.0005947220481234783,1.758079066924808e-06,5.429345628954441,2.1972245773362196
9609,0,0,21.80553552651272,0.020813899194098557,0.20227606461086636,0.0007996137104299719,1.0282988561977903e-06,5.429345628954441,1.3862943611198906
9610,0,0,20.768608362525356,0.03468355854563496,0.20209251101321585,0.0001812683585771089,2.9022695229357117e-07,5.429345628954441,0.6931471805599453
9611,0,0,20.17591830064561,0.013940184074634043,0.20099118942731278,0.00014324679241350057,2.2647860349683765e-08,5.429345628954441,0.6931471805599453
9612,0,0,21.854194937386065,-0.00965896316607833,0.200715859030837,0.0005398773831495402,2.0006405196950774e-06,5.429345628954441,1.0986122886681098
9613,0,0,21.88060551485644,-0.010875911044256215,0.2026431718061674,0.005842703712921519,6.2512656866157676e-06,5.429345628954441,1.6094379124341003
9614,0,0,19.92555170620336,0.031923624128185946,0.1987885462555066,0.025926764772839166,1.9454499711201653e-06,5.429345628954441,0.6931471805599453
9615,0,0,21.70885380153102,-0.0003413973612968812,0.20080763582966227,0.0005443385017151062,1.3289688654449135e-07,5.429345628954441,1.3862943611198906
9616,0,0,21.649964099253758,0.05419721983977267,0.20154185022026433,0.0015504036735259365,1.0078653478448304e-05,5.429345628954441,1.0986122886681098
9617,0,0,21.98840523962976,0.09690182943760965,0.19823788546255505,0.001885833689647997,9.284732837043233e-07,5.429345628954441,0.6931471805599453
9618,0,0,20.88838564616386,-0.048856078942734,0.20209251101321585,0.003607288847365668,7.828017352021056e-05,5.429345628954441,0.6931471805599453
9619,0,0,24.056137441549925,0.013949649010045917,0.183920704845815,0.06850330350522933,0.0011796044865683925,5.429345628954441,0.6931471805599453
9701,0,0,24.040439712388615,0.038278251902415975,0.18915198237885464,0.002975176073028409,3.265306177272931e-05,5.429345628954441,1.0986122886681098
9702,0,0,20.481636178806518,0.013986211475647123,0.20154185022026433,0.015773147639539478,6.1033385594097245e-06,5.429345628954441,0.6931471805599453
9703,0,0,22.547058010359816,0.024820844538239722,0.19933920704845814,0.009695977392833358,8.376831910428756e-06,5.429345628954441,0.6931471805599453
9704,0,0,19.369741021314894,-0.04564457298771855,0.19548458149779735,0.008577843094915334,9.198178188043282e-07,5.429345628954441,0.6931471805599453
9705,0,0,21.639888721194257,0.021595577010508252,0.1866740088105727,0.01465054904618891,5.30763037132432e-06,5.429345628954441,0.6931471805599453
9706,0,0,22.47444810293222,0.008304695471537919,0.19548458149779735,0.002595999016612242,4.6942175797965587e-05,5.429345628954441,0.6931471805599453
