year,t,country_name,iso3,j,k,description_short,historical_partner_import_v,forecast_partner_import_v,latest_alg_export_v,market_penetration,rca,global_demand_rank,predicted_growth_abs,predicted_growth_pct,forecast_horizon,model,is_hydrocarbon,forecast_scope,series_id
2024,2024,Bulgaria,BGR,100,260300,Copper ores and concentrates,1976886.09,2088071.21139714,0.0,0.0,3.156534488379897e-07,0.9949003469290169,111185.12139713997,5.624255335679961,1,random_forest,False,non_hydrocarbon_diversification,100__260300
2025,2025,Bulgaria,BGR,100,260300,Copper ores and concentrates,1976886.09,2389720.937758227,0.0,0.0,3.156534488379897e-07,0.9949003469290169,412834.8477582268,20.883087287959356,2,random_forest,False,non_hydrocarbon_diversification,100__260300
2026,2026,Bulgaria,BGR,100,260300,Copper ores and concentrates,1976886.09,2536783.5062542083,0.0,0.0,3.156534488379897e-07,0.9949003469290169,559897.4162542082,28.32218907737917,3,random_forest,False,non_hydrocarbon_diversification,100__260300
2024,2024,Cambodia,KHM,116,710813,"Metals: gold, semi-manufactured",843129.805,2197433.293589045,0.0,0.0,0.008472153746123399,0.9960550813401023,1354303.4885890447,160.6281121314463,1,random_forest,False,non_hydrocarbon_diversification,116__710813
2025,2025,Cambodia,KHM,116,710813,"Metals: gold, semi-manufactured",843129.805,2569899.8688902487,0.0,0.0,0.008472153746123399,0.9960550813401023,1726770.0638902485,204.804770706718,2,random_forest,False,non_hydrocarbon_diversification,116__710813
2026,2026,Cambodia,KHM,116,710813,"Metals: gold, semi-manufactured",843129.805,2462041.234322085,0.0,0.0,0.008472153746123399,0.9960550813401023,1618911.4293220849,192.01212194391405,3,random_forest,False,non_hydrocarbon_diversification,116__710813
2024,2024,Canada,CAN,124,210690,Food preparations: n.e.c. in item no. 2106.10,1952857.043,1933259.3868360738,40.586,2.0782883286557088e-05,0.005065075257191559,0.990473865019856,-19597.656163926236,-1.0035376749247402,1,random_forest,False,non_hydrocarbon_diversification,124__210690
2025,2025,Canada,CAN,124,210690,Food preparations: n.e.c. in item no. 2106.10,1952857.043,1926229.1794981805,40.586,2.0782883286557088e-05,0.005065075257191559,0.990473865019856,-26627.86350181955,-1.363533679911026,2,random_forest,False,non_hydrocarbon_diversification,124__210690
2026,2026,Canada,CAN,124,210690,Food preparations: n.e.c. in item no. 2106.10,1952857.043,1912933.3969862594,40.586,2.0782883286557088e-05,0.005065075257191559,0.990473865019856,-39923.64601374068,-2.044371151326548,3,random_forest,False,non_hydrocarbon_diversification,124__210690
2024,2024,Canada,CAN,124,392690,Plastics: other articles n.e.c. in chapter 39,1827624.569,1810735.8052965193,0.136,7.44135323560536e-08,0.005497190715296392,0.9931682453123887,-16888.763703480596,-0.9240827678696301,1,random_forest,False,non_hydrocarbon_diversification,124__392690
2025,2025,Canada,CAN,124,392690,Plastics: other articles n.e.c. in chapter 39,1827624.569,1792969.3960264616,0.136,7.44135323560536e-08,0.005497190715296392,0.9931682453123887,-34655.17297353828,-1.8961866436551658,2,random_forest,False,non_hydrocarbon_diversification,124__392690
2026,2026,Canada,CAN,124,392690,Plastics: other articles n.e.c. in chapter 39,1827624.569,1781952.929852066,0.136,7.44135323560536e-08,0.005497190715296392,0.9931682453123887,-45671.639147933805,-2.4989617628593943,3,random_forest,False,non_hydrocarbon_diversification,124__392690
2024,2024,Canada,CAN,124,401110,"Rubber: new pneumatic tyres, of a kind used on motor cars (i",1487449.442,1499054.7172016252,0.0,0.0,0.08491395706720468,0.9881643961976851,11605.27520162519,0.7802130865047036,1,random_forest,False,non_hydrocarbon_diversification,124__401110
2025,2025,Canada,CAN,124,401110,"Rubber: new pneumatic tyres, of a kind used on motor cars (i",1487449.442,1516025.2286972154,0.0,0.0,0.08491395706720468,0.9881643961976851,28575.7866972154,1.9211265869173253,2,random_forest,False,non_hydrocarbon_diversification,124__401110
2026,2026,Canada,CAN,124,401110,"Rubber: new pneumatic tyres, of a kind used on motor cars (i",1487449.442,1534749.6508955522,0.0,0.0,0.08491395706720468,0.9881643961976851,47300.208895552205,3.179954058267226,3,random_forest,False,non_hydrocarbon_diversification,124__401110
2024,2024,Canada,CAN,124,710812,"Metals: gold, non-monetary, unwrought (but not powder)",8538284.578,10952722.007307118,0.0,0.0,,0.9995192845733587,2414437.429307118,28.27778117782851,1,random_forest,False,non_hydrocarbon_diversification,124__710812
2025,2025,Canada,CAN,124,710812,"Metals: gold, non-monetary, unwrought (but not powder)",8538284.578,11992430.65914338,0.0,0.0,,0.9995192845733587,3454146.081143381,40.45480154226105,2,random_forest,False,non_hydrocarbon_diversification,124__710812
2026,2026,Canada,CAN,124,710812,"Metals: gold, non-monetary, unwrought (but not powder)",8538284.578,12913594.232005905,0.0,0.0,,0.9995192845733587,4375309.654005906,51.24342734229613,3,random_forest,False,non_hydrocarbon_diversification,124__710812
2024,2024,Canada,CAN,124,841191,Turbines: parts of turbo-jets and turbo-propellers,3337690.065,3429744.523650155,0.0,0.0,0.04576604889443531,0.9927833338420269,92054.458650155,2.758028961869921,1,random_forest,False,non_hydrocarbon_diversification,124__841191
2025,2025,Canada,CAN,124,841191,Turbines: parts of turbo-jets and turbo-propellers,3337690.065,3499098.380534636,0.0,0.0,0.04576604889443531,0.9927833338420269,161408.3155346359,4.835928812780161,2,random_forest,False,non_hydrocarbon_diversification,124__841191
2026,2026,Canada,CAN,124,841191,Turbines: parts of turbo-jets and turbo-propellers,3337690.065,3754133.881622995,0.0,0.0,0.04576604889443531,0.9927833338420269,416443.81662299484,12.477006807490822,3,random_forest,False,non_hydrocarbon_diversification,124__841191
2024,2024,Canada,CAN,124,847130,"Automatic data processing machines: portable, weighing not m",5025424.233,3612538.9037354705,0.0,0.0,4.579819987309988e-05,0.9974022714863687,-1412885.3292645295,-28.114747407525577,1,random_forest,False,non_hydrocarbon_diversification,124__847130
2025,2025,Canada,CAN,124,847130,"Automatic data processing machines: portable, weighing not m",5025424.233,2986086.3825180987,0.0,0.0,4.579819987309988e-05,0.9974022714863687,-2039337.8504819013,-40.58041184046444,2,random_forest,False,non_hydrocarbon_diversification,124__847130
2026,2026,Canada,CAN,124,847130,"Automatic data processing machines: portable, weighing not m",5025424.233,2573569.209605224,0.0,0.0,4.579819987309988e-05,0.9974022714863687,-2451855.023394776,-48.789015806753206,3,random_forest,False,non_hydrocarbon_diversification,124__847130
2024,2024,Canada,CAN,124,847150,Units of automatic data processing machines: processing unit,2384413.248,1997637.334178942,0.0,0.0,0.00030882524913522914,0.9943229797234742,-386775.9138210581,-16.221010101561813,1,random_forest,False,non_hydrocarbon_diversification,124__847150
2025,2025,Canada,CAN,124,847150,Units of automatic data processing machines: processing unit,2384413.248,1861452.9128730656,0.0,0.0,0.00030882524913522914,0.9943229797234742,-522960.3351269346,-21.932453846479156,2,random_forest,False,non_hydrocarbon_diversification,124__847150
2026,2026,Canada,CAN,124,847150,Units of automatic data processing machines: processing unit,2384413.248,1770185.9190698632,0.0,0.0,0.00030882524913522914,0.9943229797234742,-614227.328930137,-25.76010385134955,3,random_forest,False,non_hydrocarbon_diversification,124__847150
2024,2024,Canada,CAN,124,848180,"Taps, cocks, valves and similar appliances: for pipes, boile",2278854.371,2273493.6463419003,0.14,6.143437763360265e-08,0.006752332649583884,0.9906663207550369,-5360.724658099469,-0.23523770216817724,1,random_forest,False,non_hydrocarbon_diversification,124__848180
2025,2025,Canada,CAN,124,848180,"Taps, cocks, valves and similar appliances: for pipes, boile",2278854.371,2282307.1830187542,0.14,6.143437763360265e-08,0.006752332649583884,0.9906663207550369,3452.8120187544264,0.15151525532714377,2,random_forest,False,non_hydrocarbon_diversification,124__848180
2026,2026,Canada,CAN,124,848180,"Taps, cocks, valves and similar appliances: for pipes, boile",2278854.371,2281423.223161721,0.14,6.143437763360265e-08,0.006752332649583884,0.9906663207550369,2568.8521617213264,0.11272559556291747,3,random_forest,False,non_hydrocarbon_diversification,124__848180
2024,2024,Canada,CAN,124,851712,Telephones for cellular networks or for other wireless netwo,6844306.716,7454718.612386678,0.0,0.0,0.0006325295349067288,0.9993268288381778,610411.8963866783,8.91853509369638,1,random_forest,False,non_hydrocarbon_diversification,124__851712
2025,2025,Canada,CAN,124,851712,Telephones for cellular networks or for other wireless netwo,6844306.716,8103909.961650143,0.0,0.0,0.0006325295349067288,0.9993268288381778,1259603.2456501434,18.40366450418648,2,random_forest,False,non_hydrocarbon_diversification,124__851712
2026,2026,Canada,CAN,124,851712,Telephones for cellular networks or for other wireless netwo,6844306.716,8958370.181471122,0.0,0.0,0.0006325295349067288,0.9993268288381778,2114063.4654711224,30.887912438655864,3,random_forest,False,non_hydrocarbon_diversification,124__851712
2024,2024,Canada,CAN,124,851762,Communication apparatus (excluding telephone sets or base st,4874407.175,5139707.109897262,0.03,6.154594584109605e-09,0.0011653840293270972,0.9975947272215496,265299.9348972626,5.442711808277744,1,random_forest,False,non_hydrocarbon_diversification,124__851762
2025,2025,Canada,CAN,124,851762,Communication apparatus (excluding telephone sets or base st,4874407.175,5394118.332506093,0.03,6.154594584109605e-09,0.0011653840293270972,0.9975947272215496,519711.1575060934,10.662038250961121,2,random_forest,False,non_hydrocarbon_diversification,124__851762
2026,2026,Canada,CAN,124,851762,Communication apparatus (excluding telephone sets or base st,4874407.175,5476518.999916837,0.03,6.154594584109605e-09,0.0011653840293270972,0.9975947272215496,602111.8249168368,12.35251392220505,3,random_forest,False,non_hydrocarbon_diversification,124__851762
2024,2024,Canada,CAN,124,852872,"Reception apparatus for television, whether or not incorpora",1002955.0909999999,746015.9205706373,0.0,0.0,0.00451394308869337,0.986432294581057,-256939.17042936257,-25.61821289258131,1,random_forest,False,non_hydrocarbon_diversification,124__852872
2025,2025,Canada,CAN,124,852872,"Reception apparatus for television, whether or not incorpora",1002955.0909999999,564701.5401591819,0.0,0.0,0.00451394308869337,0.986432294581057,-438253.550840818,-43.69622875176352,2,random_forest,False,non_hydrocarbon_diversification,124__852872
2026,2026,Canada,CAN,124,852872,"Reception apparatus for television, whether or not incorpora",1002955.0909999999,582525.7737228782,0.0,0.0,0.00451394308869337,0.986432294581057,-420429.3172771217,-41.9190570993494,3,random_forest,False,non_hydrocarbon_diversification,124__852872
2024,2024,Canada,CAN,124,853710,"Boards, panels, consoles, desks and other bases: for electri",2151096.0500000003,2585436.4726172355,0.0,0.0,0.0034796814384586484,0.9935531567827506,434340.4226172352,20.191586638692176,1,random_forest,False,non_hydrocarbon_diversification,124__853710
2025,2025,Canada,CAN,124,853710,"Boards, panels, consoles, desks and other bases: for electri",2151096.0500000003,2971087.2379490635,0.0,0.0,0.0034796814384586484,0.9935531567827506,819991.1879490633,38.119691956529,2,random_forest,False,non_hydrocarbon_diversification,124__853710
2026,2026,Canada,CAN,124,853710,"Boards, panels, consoles, desks and other bases: for electri",2151096.0500000003,3301281.329137569,0.0,0.0,0.0034796814384586484,0.9935531567827506,1150185.2791375685,53.46973135567649,3,random_forest,False,non_hydrocarbon_diversification,124__853710
2024,2024,Canada,CAN,124,870323,Vehicles: spark-ignition internal combustion reciprocating p,14689628.831,15976324.501445895,0.0,0.0,0.0001679715272888296,0.9983645501622732,1286695.6704458948,8.759211585595269,1,random_forest,False,non_hydrocarbon_diversification,124__870323
2025,2025,Canada,CAN,124,870323,Vehicles: spark-ignition internal combustion reciprocating p,14689628.831,18552525.45966206,0.0,0.0,0.0001679715272888296,0.9983645501622732,3862896.628662061,26.296761293995836,2,random_forest,False,non_hydrocarbon_diversification,124__870323
2026,2026,Canada,CAN,124,870323,Vehicles: spark-ignition internal combustion reciprocating p,14689628.831,22614575.112465423,0.0,0.0,0.0001679715272888296,0.9983645501622732,7924946.281465422,53.94926156841452,3,random_forest,False,non_hydrocarbon_diversification,124__870323
2024,2024,Canada,CAN,124,870324,Vehicles: spark-ignition internal combustion reciprocating p,8410198.392,9255074.728223465,0.0,0.0,1.9715719827969783e-05,0.9950928026641979,844876.3362234645,10.045855006549344,1,random_forest,False,non_hydrocarbon_diversification,124__870324
2025,2025,Canada,CAN,124,870324,Vehicles: spark-ignition internal combustion reciprocating p,8410198.392,9679509.078031886,0.0,0.0,1.9715719827969783e-05,0.9950928026641979,1269310.6860318854,15.092517760809146,2,random_forest,False,non_hydrocarbon_diversification,124__870324
2026,2026,Canada,CAN,124,870324,Vehicles: spark-ignition internal combustion reciprocating p,8410198.392,10629046.678304818,0.0,0.0,1.9715719827969783e-05,0.9950928026641979,2218848.2863048166,26.382829308942853,3,random_forest,False,non_hydrocarbon_diversification,124__870324
2024,2024,Canada,CAN,124,870390,Vehicles: for transport of persons (other than those of head,11028497.599,14591814.251282694,0.0,0.0,,0.9987494616326351,3563316.6522826944,32.310082314437786,1,random_forest,False,non_hydrocarbon_diversification,124__870390
2025,2025,Canada,CAN,124,870390,Vehicles: for transport of persons (other than those of head,11028497.599,18604805.081681203,0.0,0.0,,0.9987494616326351,7576307.482681204,68.69754846179755,2,random_forest,False,non_hydrocarbon_diversification,124__870390
2026,2026,Canada,CAN,124,870390,Vehicles: for transport of persons (other than those of head,11028497.599,24889015.053418204,0.0,0.0,,0.9987494616326351,13860517.454418205,125.67910841885659,3,random_forest,False,non_hydrocarbon_diversification,124__870390
2024,2024,Canada,CAN,124,870421,Vehicles: compression-ignition internal combustion piston en,2257247.517,2711762.593000888,0.0,0.0,5.4398730230638e-05,0.9933607010475697,454515.0760008879,20.135810210346904,1,random_forest,False,non_hydrocarbon_diversification,124__870421
2025,2025,Canada,CAN,124,870421,Vehicles: compression-ignition internal combustion piston en,2257247.517,3626324.6901367665,0.0,0.0,5.4398730230638e-05,0.9933607010475697,1369077.1731367665,60.65250544416776,2,random_forest,False,non_hydrocarbon_diversification,124__870421
2026,2026,Canada,CAN,124,870421,Vehicles: compression-ignition internal combustion piston en,2257247.517,5258505.257629445,0.0,0.0,5.4398730230638e-05,0.9933607010475697,3001257.740629445,132.96094991914194,3,random_forest,False,non_hydrocarbon_diversification,124__870421
2024,2024,Canada,CAN,124,870829,"Vehicles: parts and accessories, of bodies, other than safet",4946300.660999999,5437068.538779924,0.421,8.511411433588146e-08,0.002668926277810602,0.9939380682531124,490767.8777799243,9.921917639367786,1,random_forest,False,non_hydrocarbon_diversification,124__870829
2025,2025,Canada,CAN,124,870829,"Vehicles: parts and accessories, of bodies, other than safet",4946300.660999999,5683244.0733132735,0.421,8.511411433588146e-08,0.002668926277810602,0.9939380682531124,736943.4123132741,14.898880250524144,2,random_forest,False,non_hydrocarbon_diversification,124__870829
2026,2026,Canada,CAN,124,870829,"Vehicles: parts and accessories, of bodies, other than safet",4946300.660999999,5919852.88669142,0.421,8.511411433588146e-08,0.002668926277810602,0.9939380682531124,973552.225691421,19.68243122314762,3,random_forest,False,non_hydrocarbon_diversification,124__870829
2024,2024,Canada,CAN,124,870840,Vehicle parts: gear boxes and parts thereof,2796284.9930000002,2910296.5978806736,0.0,0.0,9.192471266073504e-06,0.9922059666364842,114011.60488067335,4.077252682258104,1,random_forest,False,non_hydrocarbon_diversification,124__870840
2025,2025,Canada,CAN,124,870840,Vehicle parts: gear boxes and parts thereof,2796284.9930000002,2981084.870695157,0.0,0.0,9.192471266073504e-06,0.9922059666364842,184799.87769515673,6.608764062238656,2,random_forest,False,non_hydrocarbon_diversification,124__870840
2026,2026,Canada,CAN,124,870840,Vehicle parts: gear boxes and parts thereof,2796284.9930000002,3006840.9818898435,0.0,0.0,9.192471266073504e-06,0.9922059666364842,210555.98888984323,7.529847258663996,3,random_forest,False,non_hydrocarbon_diversification,124__870840
2024,2024,Canada,CAN,124,870899,Vehicle parts and accessories: n.e.c. in heading no. 8708,4338919.74,4366603.364581917,1.478,3.40637782804436e-07,0.00021185249227684155,0.9954777141345597,27683.62458191719,0.6380303448967966,1,random_forest,False,non_hydrocarbon_diversification,124__870899
2025,2025,Canada,CAN,124,870899,Vehicle parts and accessories: n.e.c. in heading no. 8708,4338919.74,5024201.295539858,1.478,3.40637782804436e-07,0.00021185249227684155,0.9954777141345597,685281.5555398576,15.793828800803253,2,random_forest,False,non_hydrocarbon_diversification,124__870899
2026,2026,Canada,CAN,124,870899,Vehicle parts and accessories: n.e.c. in heading no. 8708,4338919.74,5603623.236206454,1.478,3.40637782804436e-07,0.00021185249227684155,0.9954777141345597,1264703.496206454,29.1478886909868,3,random_forest,False,non_hydrocarbon_diversification,124__870899
2024,2024,Canada,CAN,124,880330,Aircraft and spacecraft: parts of aeroplanes or helicopters ,3673278.999,4278738.452751372,0.0,0.0,0.009571838193574406,0.992590878106846,605459.4537513722,16.482806068262178,1,random_forest,False,non_hydrocarbon_diversification,124__880330
2025,2025,Canada,CAN,124,880330,Aircraft and spacecraft: parts of aeroplanes or helicopters ,3673278.999,5494734.674196071,0.0,0.0,0.009571838193574406,0.992590878106846,1821455.6751960712,49.58664113703146,2,random_forest,False,non_hydrocarbon_diversification,124__880330
2026,2026,Canada,CAN,124,880330,Aircraft and spacecraft: parts of aeroplanes or helicopters ,3673278.999,6145564.312848231,0.0,0.0,0.009571838193574406,0.992590878106846,2472285.313848231,67.30458847588972,3,random_forest,False,non_hydrocarbon_diversification,124__880330
2024,2024,Canada,CAN,124,950300,"Tricycles, scooters, pedal cars and similar wheeled toys: do",1627328.117,1533191.677603739,0.836,5.137255303750153e-07,0.0003212903647492182,0.9900889535494942,-94136.439396261,-5.78472395412197,1,random_forest,False,non_hydrocarbon_diversification,124__950300
2025,2025,Canada,CAN,124,950300,"Tricycles, scooters, pedal cars and similar wheeled toys: do",1627328.117,1310113.0995380431,0.836,5.137255303750153e-07,0.0003212903647492182,0.9900889535494942,-317215.01746195694,-19.492996780928657,2,random_forest,False,non_hydrocarbon_diversification,124__950300
2026,2026,Canada,CAN,124,950300,"Tricycles, scooters, pedal cars and similar wheeled toys: do",1627328.117,1239053.6206955665,0.836,5.137255303750153e-07,0.0003212903647492182,0.9900889535494942,-388274.49630443356,-23.85963176376639,3,random_forest,False,non_hydrocarbon_diversification,124__950300
2024,2024,Algeria,DZA,12,100199,"Cereals: wheat and meslin, other than durum wheat, other tha",1057189.22,1079476.7199203258,0.0,0.0,9.185849923801444e-05,0.9889342191384087,22287.49992032582,2.108184561352775,1,random_forest,False,non_hydrocarbon_diversification,12__100199
2025,2025,Algeria,DZA,12,100199,"Cereals: wheat and meslin, other than durum wheat, other tha",1057189.22,1060887.50937758,0.0,0.0,9.185849923801444e-05,0.9889342191384087,3698.289377579931,0.34982284227036775,2,random_forest,False,non_hydrocarbon_diversification,12__100199
2026,2026,Algeria,DZA,12,100199,"Cereals: wheat and meslin, other than durum wheat, other tha",1057189.22,950852.648977092,0.0,0.0,9.185849923801444e-05,0.9889342191384087,-106336.57102290797,-10.058423696649875,3,random_forest,False,non_hydrocarbon_diversification,12__100199
2024,2024,China,CHN,156,100199,"Cereals: wheat and meslin, other than durum wheat, other tha",3329663.688,3208940.920750438,0.0,0.0,9.185849923801444e-05,0.9889342191384087,-120722.76724956231,-3.6256744993388748,1,random_forest,False,non_hydrocarbon_diversification,156__100199
2025,2025,China,CHN,156,100199,"Cereals: wheat and meslin, other than durum wheat, other tha",3329663.688,3126590.9422951783,0.0,0.0,9.185849923801444e-05,0.9889342191384087,-203072.74570482178,-6.098896607386787,2,random_forest,False,non_hydrocarbon_diversification,156__100199
2026,2026,China,CHN,156,100199,"Cereals: wheat and meslin, other than durum wheat, other tha",3329663.688,2397079.8756178245,0.0,0.0,9.185849923801444e-05,0.9889342191384087,-932583.8123821756,-28.00834858316704,3,random_forest,False,non_hydrocarbon_diversification,156__100199
2024,2024,China,CHN,156,120190,"Soya beans: other than seed, whether or not broken",56795430.754,56261521.33627997,0.0,0.0,1.4519592151066263e-05,0.9945154354586551,-533909.4177200273,-0.9400569916135814,1,random_forest,False,non_hydrocarbon_diversification,156__120190
2025,2025,China,CHN,156,120190,"Soya beans: other than seed, whether or not broken",56795430.754,56662257.56604013,0.0,0.0,1.4519592151066263e-05,0.9945154354586551,-133173.1879598722,-0.2344787004727366,2,random_forest,False,non_hydrocarbon_diversification,156__120190
2026,2026,China,CHN,156,120190,"Soya beans: other than seed, whether or not broken",56795430.754,56919436.23517281,0.0,0.0,1.4519592151066263e-05,0.9945154354586551,124005.48117280751,0.21833707311758355,3,random_forest,False,non_hydrocarbon_diversification,156__120190
2024,2024,China,CHN,156,210690,Food preparations: n.e.c. in item no. 2106.10,4257227.305,4504131.586718372,150.506,3.535305709968428e-05,0.005065075257191559,0.990473865019856,246904.28171837237,5.799649960630241,1,random_forest,False,non_hydrocarbon_diversification,156__210690
2025,2025,China,CHN,156,210690,Food preparations: n.e.c. in item no. 2106.10,4257227.305,4733315.434293307,150.506,3.535305709968428e-05,0.005065075257191559,0.990473865019856,476088.12929330766,11.183056369439209,2,random_forest,False,non_hydrocarbon_diversification,156__210690
2026,2026,China,CHN,156,210690,Food preparations: n.e.c. in item no. 2106.10,4257227.305,4815821.5530269,150.506,3.535305709968428e-05,0.005065075257191559,0.990473865019856,558594.2480269,13.12108111706523,3,random_forest,False,non_hydrocarbon_diversification,156__210690
2024,2024,China,CHN,156,260111,Iron ores and concentrates: non-agglomerated,118108273.264,98008441.76939423,13.818,1.1699434441068742e-07,0.01523787365372311,0.9970173600160069,-20099831.494605765,-17.018140168451936,1,random_forest,False,non_hydrocarbon_diversification,156__260111
2025,2025,China,CHN,156,260111,Iron ores and concentrates: non-agglomerated,118108273.264,97446651.7246401,13.818,1.1699434441068742e-07,0.01523787365372311,0.9970173600160069,-20661621.539359897,-17.493796978283033,2,random_forest,False,non_hydrocarbon_diversification,156__260111
2026,2026,China,CHN,156,260111,Iron ores and concentrates: non-agglomerated,118108273.264,97446651.72463976,13.818,1.1699434441068742e-07,0.01523787365372311,0.9970173600160069,-20661621.53936024,-17.49379697828332,3,random_forest,False,non_hydrocarbon_diversification,156__260111
2024,2024,China,CHN,156,260300,Copper ores and concentrates,58920062.507,63342233.91465985,0.0,0.0,3.156534488379897e-07,0.9949003469290169,4422171.407659851,7.505374603318648,1,random_forest,False,non_hydrocarbon_diversification,156__260300
2025,2025,China,CHN,156,260300,Copper ores and concentrates,58920062.507,66242830.37507031,0.0,0.0,3.156534488379897e-07,0.9949003469290169,7322767.868070312,12.428309741185917,2,random_forest,False,non_hydrocarbon_diversification,156__260300
2026,2026,China,CHN,156,260300,Copper ores and concentrates,58920062.507,67952680.27056769,0.0,0.0,3.156534488379897e-07,0.9949003469290169,9032617.763567686,15.330292228550446,3,random_forest,False,non_hydrocarbon_diversification,156__260300
2024,2024,China,CHN,156,300210,"Blood, human or animal, antisera, other blood fractions and ",9411142.015,10959555.878311364,0.0,0.0,6.864140758500904e-07,0.9981720944270923,1548413.8633113634,16.452985842137068,1,random_forest,False,non_hydrocarbon_diversification,156__300210
2025,2025,China,CHN,156,300210,"Blood, human or animal, antisera, other blood fractions and ",9411142.015,12355532.253813086,0.0,0.0,6.864140758500904e-07,0.9981720944270923,2944390.2388130855,31.28621621180674,2,random_forest,False,non_hydrocarbon_diversification,156__300210
2026,2026,China,CHN,156,300210,"Blood, human or animal, antisera, other blood fractions and ",9411142.015,13924374.178354012,0.0,0.0,6.864140758500904e-07,0.9981720944270923,4513232.163354011,47.95626456556039,3,random_forest,False,non_hydrocarbon_diversification,156__300210
2024,2024,China,CHN,156,300490,Medicaments: consisting of mixed or unmixed products n.e.c. ,18498493.887,18339909.250663646,0.0,0.0,0.0038597822723884733,0.9991343731029969,-158584.63633635268,-0.8572840432582438,1,random_forest,False,non_hydrocarbon_diversification,156__300490
2025,2025,China,CHN,156,300490,Medicaments: consisting of mixed or unmixed products n.e.c. ,18498493.887,18421364.418595567,0.0,0.0,0.0038597822723884733,0.9991343731029969,-77129.4684044309,-0.41694998995909827,2,random_forest,False,non_hydrocarbon_diversification,156__300490
2026,2026,China,CHN,156,300490,Medicaments: consisting of mixed or unmixed products n.e.c. ,18498493.887,18869439.013981067,0.0,0.0,0.0038597822723884733,0.9991343731029969,370945.1269810684,2.005272046724592,3,random_forest,False,non_hydrocarbon_diversification,156__300490
2024,2024,China,CHN,156,392690,Plastics: other articles n.e.c. in chapter 39,3047789.795,2958412.208163289,0.981,3.218725916102754e-07,0.005497190715296392,0.9931682453123887,-89377.58683671104,-2.9325377682981264,1,random_forest,False,non_hydrocarbon_diversification,156__392690
2025,2025,China,CHN,156,392690,Plastics: other articles n.e.c. in chapter 39,3047789.795,2941843.4672378986,0.981,3.218725916102754e-07,0.005497190715296392,0.9931682453123887,-105946.32776210131,-3.4761691221589417,2,random_forest,False,non_hydrocarbon_diversification,156__392690
2026,2026,China,CHN,156,392690,Plastics: other articles n.e.c. in chapter 39,3047789.795,2893550.1575706913,0.981,3.218725916102754e-07,0.005497190715296392,0.9931682453123887,-154239.6374293086,-5.060704569663691,3,random_forest,False,non_hydrocarbon_diversification,156__392690
2024,2024,China,CHN,156,710239,"Diamonds: non-industrial, (other than unworked or simply saw",4894840.228,3054251.8645458953,0.0,0.0,,0.9912436879605796,-1840588.3634541049,-37.60262394113234,1,random_forest,False,non_hydrocarbon_diversification,156__710239
2025,2025,China,CHN,156,710239,"Diamonds: non-industrial, (other than unworked or simply saw",4894840.228,2520150.4741013567,0.0,0.0,,0.9912436879605796,-2374689.7538986434,-48.514142306722974,2,random_forest,False,non_hydrocarbon_diversification,156__710239
2026,2026,China,CHN,156,710239,"Diamonds: non-industrial, (other than unworked or simply saw",4894840.228,2119306.698018714,0.0,0.0,,0.9912436879605796,-2775533.5299812863,-56.70325078445617,3,random_forest,False,non_hydrocarbon_diversification,156__710239
2024,2024,China,CHN,156,710812,"Metals: gold, non-monetary, unwrought (but not powder)",67039061.993,69366110.50001225,0.0,0.0,,0.9995192845733587,2327048.507012248,3.471182975763042,1,random_forest,False,non_hydrocarbon_diversification,156__710812
2025,2025,China,CHN,156,710812,"Metals: gold, non-monetary, unwrought (but not powder)",67039061.993,70333069.67282213,0.0,0.0,,0.9995192845733587,3294007.679822132,4.9135646918300875,2,random_forest,False,non_hydrocarbon_diversification,156__710812
2026,2026,China,CHN,156,710812,"Metals: gold, non-monetary, unwrought (but not powder)",67039061.993,70580769.88272353,0.0,0.0,,0.9995192845733587,3541707.8897235245,5.2830510816117,3,random_forest,False,non_hydrocarbon_diversification,156__710812
2024,2024,China,CHN,156,710813,"Metals: gold, semi-manufactured",20851267.292999998,21377720.227618337,0.0,0.0,0.008472153746123399,0.9960550813401023,526452.934618339,2.5248006618526975,1,random_forest,False,non_hydrocarbon_diversification,156__710813
2025,2025,China,CHN,156,710813,"Metals: gold, semi-manufactured",20851267.292999998,23636948.77367955,0.0,0.0,0.008472153746123399,0.9960550813401023,2785681.480679553,13.359770615068262,2,random_forest,False,non_hydrocarbon_diversification,156__710813
2026,2026,China,CHN,156,710813,"Metals: gold, semi-manufactured",20851267.292999998,24638148.72516538,0.0,0.0,0.008472153746123399,0.9960550813401023,3786881.4321653806,18.16139699785384,3,random_forest,False,non_hydrocarbon_diversification,156__710813
2024,2024,China,CHN,156,711319,Jewellery: of precious metal (excluding silver) whether or n,4106322.499,4434015.581540753,0.0,0.0,0.000664679229625341,0.9956701698697406,327693.0825407533,7.980208145379604,1,random_forest,False,non_hydrocarbon_diversification,156__711319
2025,2025,China,CHN,156,711319,Jewellery: of precious metal (excluding silver) whether or n,4106322.499,5146272.888262979,0.0,0.0,0.000664679229625341,0.9956701698697406,1039950.3892629789,25.32558973427525,2,random_forest,False,non_hydrocarbon_diversification,156__711319
2026,2026,China,CHN,156,711319,Jewellery: of precious metal (excluding silver) whether or n,4106322.499,5770589.317163532,0.0,0.0,0.000664679229625341,0.9956701698697406,1664266.8181635318,40.52937436279848,3,random_forest,False,non_hydrocarbon_diversification,156__711319
2024,2024,China,CHN,156,732690,Iron or steel: articles n.e.c.in heading 7326,1955830.933,1875008.7107453535,0.0,0.0,0.0026880511270757357,0.9902814092846751,-80822.22225464648,-4.132372634615984,1,random_forest,False,non_hydrocarbon_diversification,156__732690
2025,2025,China,CHN,156,732690,Iron or steel: articles n.e.c.in heading 7326,1955830.933,1830811.548927307,0.0,0.0,0.0026880511270757357,0.9902814092846751,-125019.38407269306,-6.392136557577039,2,random_forest,False,non_hydrocarbon_diversification,156__732690
2026,2026,China,CHN,156,732690,Iron or steel: articles n.e.c.in heading 7326,1955830.933,1823085.7660968187,0.0,0.0,0.0026880511270757357,0.9902814092846751,-132745.16690318123,-6.787149372853346,3,random_forest,False,non_hydrocarbon_diversification,156__732690
2024,2024,China,CHN,156,740311,"Copper: refined, unwrought, cathodes and sections of cathode",28684964.002,28492967.407987077,0.0,0.0,,0.9937456125179315,-191996.59401292354,-0.6693283421918778,1,random_forest,False,non_hydrocarbon_diversification,156__740311
2025,2025,China,CHN,156,740311,"Copper: refined, unwrought, cathodes and sections of cathode",28684964.002,27766343.127499934,0.0,0.0,,0.9937456125179315,-918620.874500066,-3.202447367324627,2,random_forest,False,non_hydrocarbon_diversification,156__740311
2026,2026,China,CHN,156,740311,"Copper: refined, unwrought, cathodes and sections of cathode",28684964.002,27388846.33712087,0.0,0.0,,0.9937456125179315,-1296117.664879132,-4.518456654813173,3,random_forest,False,non_hydrocarbon_diversification,156__740311
2024,2024,China,CHN,156,841112,Turbo-jets: of a thrust exceeding 25kN,9000058.86,10324836.15470411,0.0,0.0,0.035205620912727636,0.9941305239882933,1324777.2947041113,14.719651452414073,1,random_forest,False,non_hydrocarbon_diversification,156__841112
2025,2025,China,CHN,156,841112,Turbo-jets: of a thrust exceeding 25kN,9000058.86,11498524.494537916,0.0,0.0,0.035205620912727636,0.9941305239882933,2498465.6345379166,27.76054771866144,2,random_forest,False,non_hydrocarbon_diversification,156__841112
2026,2026,China,CHN,156,841112,Turbo-jets: of a thrust exceeding 25kN,9000058.86,13464776.32010494,0.0,0.0,0.035205620912727636,0.9941305239882933,4464717.46010494,49.60764734493015,3,random_forest,False,non_hydrocarbon_diversification,156__841112
2024,2024,China,CHN,156,841191,Turbines: parts of turbo-jets and turbo-propellers,3840987.849,3899940.0613800096,0.0,0.0,0.04576604889443531,0.9927833338420269,58952.2123800097,1.534819028270498,1,random_forest,False,non_hydrocarbon_diversification,156__841191
2025,2025,China,CHN,156,841191,Turbines: parts of turbo-jets and turbo-propellers,3840987.849,4090053.598565766,0.0,0.0,0.04576604889443531,0.9927833338420269,249065.7495657662,6.48441909626479,2,random_forest,False,non_hydrocarbon_diversification,156__841191
2026,2026,China,CHN,156,841191,Turbines: parts of turbo-jets and turbo-propellers,3840987.849,4273315.412275713,0.0,0.0,0.04576604889443531,0.9927833338420269,432327.563275713,11.255634755217187,3,random_forest,False,non_hydrocarbon_diversification,156__841191
2024,2024,China,CHN,156,844399,"Printing machinery: parts and accessories, n.e.c. in item no",2302649.231,2054286.314226271,0.0,0.0,0.0015052307619635799,0.9860473831106951,-248362.91677372926,-10.785963985746521,1,random_forest,False,non_hydrocarbon_diversification,156__844399
2025,2025,China,CHN,156,844399,"Printing machinery: parts and accessories, n.e.c. in item no",2302649.231,1825976.0798079877,0.0,0.0,0.0015052307619635799,0.9860473831106951,-476673.1511920125,-20.701075299471544,2,random_forest,False,non_hydrocarbon_diversification,156__844399
2026,2026,China,CHN,156,844399,"Printing machinery: parts and accessories, n.e.c. in item no",2302649.231,1426479.6980701678,0.0,0.0,0.0015052307619635799,0.9860473831106951,-876169.5329298323,-38.050499447947935,3,random_forest,False,non_hydrocarbon_diversification,156__844399
2024,2024,China,CHN,156,847170,Units of automatic data processing machines: storage units,10442746.106,7367752.416626201,0.0,0.0,0.0002894165660946154,0.9895115863439514,-3074993.6893737996,-29.446217098077547,1,random_forest,False,non_hydrocarbon_diversification,156__847170
2025,2025,China,CHN,156,847170,Units of automatic data processing machines: storage units,10442746.106,6138707.112183448,0.0,0.0,0.0002894165660946154,0.9895115863439514,-4304038.993816553,-41.21558592086824,2,random_forest,False,non_hydrocarbon_diversification,156__847170
2026,2026,China,CHN,156,847170,Units of automatic data processing machines: storage units,10442746.106,4049973.8533234037,0.0,0.0,0.0002894165660946154,0.9895115863439514,-6392772.252676597,-61.21734827014089,3,random_forest,False,non_hydrocarbon_diversification,156__847170
2024,2024,China,CHN,156,847330,Machinery: parts and accessories of the machines of heading ,10491516.75,8052360.842775076,0.0,0.0,0.0011502606559259617,0.9958626256049214,-2439155.9072249243,-23.24883966109976,1,random_forest,False,non_hydrocarbon_diversification,156__847330
2025,2025,China,CHN,156,847330,Machinery: parts and accessories of the machines of heading ,10491516.75,7334551.545501371,0.0,0.0,0.0011502606559259617,0.9958626256049214,-3156965.204498629,-30.090646373877533,2,random_forest,False,non_hydrocarbon_diversification,156__847330
2026,2026,China,CHN,156,847330,Machinery: parts and accessories of the machines of heading ,10491516.75,6181513.962702906,0.0,0.0,0.0011502606559259617,0.9958626256049214,-4310002.787297094,-41.08083597442757,3,random_forest,False,non_hydrocarbon_diversification,156__847330
2024,2024,China,CHN,156,848180,"Taps, cocks, valves and similar appliances: for pipes, boile",4196046.327,4439876.482525198,0.095,2.2640360138235435e-08,0.006752332649583884,0.9906663207550369,243830.1555251982,5.810950035423625,1,random_forest,False,non_hydrocarbon_diversification,156__848180
2025,2025,China,CHN,156,848180,"Taps, cocks, valves and similar appliances: for pipes, boile",4196046.327,4717978.716795948,0.095,2.2640360138235435e-08,0.006752332649583884,0.9906663207550369,521932.38979594875,12.438670813463323,2,random_forest,False,non_hydrocarbon_diversification,156__848180
2026,2026,China,CHN,156,848180,"Taps, cocks, valves and similar appliances: for pipes, boile",4196046.327,4749320.296593808,0.095,2.2640360138235435e-08,0.006752332649583884,0.9906663207550369,553273.969593808,13.185602028120986,3,random_forest,False,non_hydrocarbon_diversification,156__848180
2024,2024,China,CHN,156,848620,Machines and apparatus of a kind used solely or principally ,26437900.645,22801214.492433935,0.0,0.0,,0.9920135109013033,-3636686.152566064,-13.755578407674527,1,random_forest,False,non_hydrocarbon_diversification,156__848620
2025,2025,China,CHN,156,848620,Machines and apparatus of a kind used solely or principally ,26437900.645,22802695.531301428,0.0,0.0,,0.9920135109013033,-3635205.113698572,-13.749976454299413,2,random_forest,False,non_hydrocarbon_diversification,156__848620
2026,2026,China,CHN,156,848620,Machines and apparatus of a kind used solely or principally ,26437900.645,23447317.72351751,0.0,0.0,,0.9920135109013033,-2990582.9214824885,-11.31172615268934,3,random_forest,False,non_hydrocarbon_diversification,156__848620
2024,2024,China,CHN,156,850440,Electrical static converters,4656028.354,4989887.246990358,0.031,6.658035055428272e-09,0.0010363946534344636,0.9952852583993788,333858.8929903582,7.17046520353639,1,random_forest,False,non_hydrocarbon_diversification,156__850440
2025,2025,China,CHN,156,850440,Electrical static converters,4656028.354,5444845.665438935,0.031,6.658035055428272e-09,0.0010363946534344636,0.9952852583993788,788817.3114389349,16.941849393190676,2,random_forest,False,non_hydrocarbon_diversification,156__850440
2026,2026,China,CHN,156,850440,Electrical static converters,4656028.354,5929694.370428492,0.031,6.658035055428272e-09,0.0010363946534344636,0.9952852583993788,1273666.016428492,27.355203181576073,3,random_forest,False,non_hydrocarbon_diversification,156__850440
2024,2024,China,CHN,156,851712,Telephones for cellular networks or for other wireless netwo,32081627.159,30847078.202574678,1.214,3.7840973401482575e-08,0.0006325295349067288,0.9993268288381778,-1234548.956425324,-3.8481494417560755,1,random_forest,False,non_hydrocarbon_diversification,156__851712
2025,2025,China,CHN,156,851712,Telephones for cellular networks or for other wireless netwo,32081627.159,33861577.47354611,1.214,3.7840973401482575e-08,0.0006325295349067288,0.9993268288381778,1779950.3145461082,5.5481921341597875,2,random_forest,False,non_hydrocarbon_diversification,156__851712
2026,2026,China,CHN,156,851712,Telephones for cellular networks or for other wireless netwo,32081627.159,37527397.64744776,1.214,3.7840973401482575e-08,0.0006325295349067288,0.9993268288381778,5445770.488447756,16.974732800982725,3,random_forest,False,non_hydrocarbon_diversification,156__851712
2024,2024,China,CHN,156,851770,Telephone sets and other apparatus for the transmission or r,4600712.726,3558007.6562693687,0.0,0.0,0.00044352889636002565,0.9914361436957605,-1042705.0697306311,-22.66398994742692,1,random_forest,False,non_hydrocarbon_diversification,156__851770
2025,2025,China,CHN,156,851770,Telephone sets and other apparatus for the transmission or r,4600712.726,2927114.675800575,0.0,0.0,0.00044352889636002565,0.9914361436957605,-1673598.0501994248,-36.37693005132494,2,random_forest,False,non_hydrocarbon_diversification,156__851770
2026,2026,China,CHN,156,851770,Telephone sets and other apparatus for the transmission or r,4600712.726,2446959.502467579,0.0,0.0,0.00044352889636002565,0.9914361436957605,-2153753.2235324206,-46.813468951471776,3,random_forest,False,non_hydrocarbon_diversification,156__851770
2024,2024,China,CHN,156,852990,Reception and transmission apparatus: for use with the appar,8965656.176,8357617.570607361,0.0,0.0,0.006108660443749396,0.9873945732569614,-608038.6053926395,-6.781863964628567,1,random_forest,False,non_hydrocarbon_diversification,156__852990
2025,2025,China,CHN,156,852990,Reception and transmission apparatus: for use with the appar,8965656.176,7036240.979549917,0.0,0.0,0.006108660443749396,0.9873945732569614,-1929415.1964500835,-21.520066781223434,2,random_forest,False,non_hydrocarbon_diversification,156__852990
2026,2026,China,CHN,156,852990,Reception and transmission apparatus: for use with the appar,8965656.176,6160978.49887319,0.0,0.0,0.006108660443749396,0.9873945732569614,-2804677.677126811,-31.282458551495658,3,random_forest,False,non_hydrocarbon_diversification,156__852990
2024,2024,China,CHN,156,853400,Circuits: printed,5524466.513,3902481.3914908045,1.2,2.172155441934887e-07,1.1002339092700973e-05,0.988356851932866,-1621985.1215091958,-29.36003173686349,1,random_forest,False,non_hydrocarbon_diversification,156__853400
2025,2025,China,CHN,156,853400,Circuits: printed,5524466.513,3469068.809995268,1.2,2.172155441934887e-07,1.1002339092700973e-05,0.988356851932866,-2055397.7030047323,-37.20536088268497,2,random_forest,False,non_hydrocarbon_diversification,156__853400
2026,2026,China,CHN,156,853400,Circuits: printed,5524466.513,3207497.1978516676,1.2,2.172155441934887e-07,1.1002339092700973e-05,0.988356851932866,-2316969.3151483326,-41.940145889129994,3,random_forest,False,non_hydrocarbon_diversification,156__853400
2024,2024,China,CHN,156,853710,"Boards, panels, consoles, desks and other bases: for electri",6401345.955,6898014.543775446,0.736,1.1497581995628917e-07,0.0034796814384586484,0.9935531567827506,496668.5887754457,7.758814978395363,1,random_forest,False,non_hydrocarbon_diversification,156__853710
2025,2025,China,CHN,156,853710,"Boards, panels, consoles, desks and other bases: for electri",6401345.955,7596502.383721862,0.736,1.1497581995628917e-07,0.0034796814384586484,0.9935531567827506,1195156.428721862,18.670392713087818,2,random_forest,False,non_hydrocarbon_diversification,156__853710
2026,2026,China,CHN,156,853710,"Boards, panels, consoles, desks and other bases: for electri",6401345.955,7841209.86258536,0.736,1.1497581995628917e-07,0.0034796814384586484,0.9935531567827506,1439863.90758536,22.493143125012686,3,random_forest,False,non_hydrocarbon_diversification,156__853710
2024,2024,China,CHN,156,854140,"Electrical apparatus: photosensitive, including photovoltaic",3505895.0560000003,4196177.161892206,0.208,5.9328644091621655e-08,2.6114010762027728e-05,0.994707891193836,690282.1058922061,19.689183357352782,1,random_forest,False,non_hydrocarbon_diversification,156__854140
2025,2025,China,CHN,156,854140,"Electrical apparatus: photosensitive, including photovoltaic",3505895.0560000003,4527044.4023735495,0.208,5.9328644091621655e-08,2.6114010762027728e-05,0.994707891193836,1021149.3463735492,29.12663756509057,2,random_forest,False,non_hydrocarbon_diversification,156__854140
2026,2026,China,CHN,156,854140,"Electrical apparatus: photosensitive, including photovoltaic",3505895.0560000003,4826515.27073065,0.208,5.9328644091621655e-08,2.6114010762027728e-05,0.994707891193836,1320620.2147306497,37.66856091344024,3,random_forest,False,non_hydrocarbon_diversification,156__854140
2024,2024,China,CHN,156,854231,"Electronic integrated circuits: processors and controllers, ",62441725.147,57565153.950699314,0.237,3.795538951591356e-09,0.0014564602011438417,0.998941917367816,-4876571.196300685,-7.8097957492690755,1,random_forest,False,non_hydrocarbon_diversification,156__854231
2025,2025,China,CHN,156,854231,"Electronic integrated circuits: processors and controllers, ",62441725.147,53937800.75156141,0.237,3.795538951591356e-09,0.0014564602011438417,0.998941917367816,-8503924.39543859,-13.618977335137188,2,random_forest,False,non_hydrocarbon_diversification,156__854231
2026,2026,China,CHN,156,854231,"Electronic integrated circuits: processors and controllers, ",62441725.147,51086914.749641545,0.237,3.795538951591356e-09,0.0014564602011438417,0.998941917367816,-11354810.397358455,-18.184651962493053,3,random_forest,False,non_hydrocarbon_diversification,156__854231
2024,2024,China,CHN,156,854232,Electronic integrated circuits: memories,50040819.658,48368662.35907707,0.0,0.0,,0.9972098157511878,-1672157.2989229262,-3.3415865494433388,1,random_forest,False,non_hydrocarbon_diversification,156__854232
2025,2025,China,CHN,156,854232,Electronic integrated circuits: memories,50040819.658,42465729.63811567,0.0,0.0,,0.9972098157511878,-7575090.019884333,-15.137821625736114,2,random_forest,False,non_hydrocarbon_diversification,156__854232
2026,2026,China,CHN,156,854232,Electronic integrated circuits: memories,50040819.658,39943524.938128665,0.0,0.0,,0.9972098157511878,-10097294.719871335,-20.17811616372492,3,random_forest,False,non_hydrocarbon_diversification,156__854232
2024,2024,China,CHN,156,854239,Electronic integrated circuits: n.e.c. in heading no. 8542,54460526.07999999,52088149.39375937,1.697,3.1160183754141224e-08,0.00015457184563047468,0.9985570058974541,-2372376.686240621,-4.356139863128956,1,random_forest,False,non_hydrocarbon_diversification,156__854239
2025,2025,China,CHN,156,854239,Electronic integrated circuits: n.e.c. in heading no. 8542,54460526.07999999,50627279.39970535,1.697,3.1160183754141224e-08,0.00015457184563047468,0.9985570058974541,-3833246.6802946404,-7.038578133938292,2,random_forest,False,non_hydrocarbon_diversification,156__854239
2026,2026,China,CHN,156,854239,Electronic integrated circuits: n.e.c. in heading no. 8542,54460526.07999999,48103917.90902792,1.697,3.1160183754141224e-08,0.00015457184563047468,0.9985570058974541,-6356608.170972072,-11.67195513615588,3,random_forest,False,non_hydrocarbon_diversification,156__854239
2024,2024,China,CHN,156,870323,Vehicles: spark-ignition internal combustion reciprocating p,28082398.968000002,29752075.87392232,0.0,0.0,0.0001679715272888296,0.9983645501622732,1669676.905922316,5.945634871952781,1,random_forest,False,non_hydrocarbon_diversification,156__870323
2025,2025,China,CHN,156,870323,Vehicles: spark-ignition internal combustion reciprocating p,28082398.968000002,33397038.30142622,0.0,0.0,0.0001679715272888296,0.9983645501622732,5314639.3334262185,18.92516141331896,2,random_forest,False,non_hydrocarbon_diversification,156__870323
2026,2026,China,CHN,156,870323,Vehicles: spark-ignition internal combustion reciprocating p,28082398.968000002,35696012.88503755,0.0,0.0,0.0001679715272888296,0.9983645501622732,7613613.917037547,27.11169343371728,3,random_forest,False,non_hydrocarbon_diversification,156__870323
2024,2024,China,CHN,156,870324,Vehicles: spark-ignition internal combustion reciprocating p,4147166.149,4587328.215698606,0.0,0.0,1.9715719827969783e-05,0.9950928026641979,440162.0666986061,10.61356239138723,1,random_forest,False,non_hydrocarbon_diversification,156__870324
2025,2025,China,CHN,156,870324,Vehicles: spark-ignition internal combustion reciprocating p,4147166.149,4904784.978638792,0.0,0.0,1.9715719827969783e-05,0.9950928026641979,757618.8296387922,18.268350059268197,2,random_forest,False,non_hydrocarbon_diversification,156__870324
2026,2026,China,CHN,156,870324,Vehicles: spark-ignition internal combustion reciprocating p,4147166.149,5380355.673951613,0.0,0.0,1.9715719827969783e-05,0.9950928026641979,1233189.5249516126,29.735715441470067,3,random_forest,False,non_hydrocarbon_diversification,156__870324
2024,2024,China,CHN,156,870390,Vehicles: for transport of persons (other than those of head,8696478.246000001,13570552.51486055,0.0,0.0,,0.9987494616326351,4874074.268860549,56.04652976740796,1,random_forest,False,non_hydrocarbon_diversification,156__870390
2025,2025,China,CHN,156,870390,Vehicles: for transport of persons (other than those of head,8696478.246000001,16593916.254453126,0.0,0.0,,0.9987494616326351,7897438.008453125,90.8119101210378,2,random_forest,False,non_hydrocarbon_diversification,156__870390
2026,2026,China,CHN,156,870390,Vehicles: for transport of persons (other than those of head,8696478.246000001,21088660.325468864,0.0,0.0,,0.9987494616326351,12392182.079468863,142.49655698464747,3,random_forest,False,non_hydrocarbon_diversification,156__870390
2024,2024,China,CHN,156,870829,"Vehicles: parts and accessories, of bodies, other than safet",3709447.75,4211898.55492693,0.0,0.0,0.002668926277810602,0.9939380682531124,502450.80492693,13.545164638777566,1,random_forest,False,non_hydrocarbon_diversification,156__870829
2025,2025,China,CHN,156,870829,"Vehicles: parts and accessories, of bodies, other than safet",3709447.75,4500127.997006826,0.0,0.0,0.002668926277810602,0.9939380682531124,790680.2470068261,21.315308916450597,2,random_forest,False,non_hydrocarbon_diversification,156__870829
2026,2026,China,CHN,156,870829,"Vehicles: parts and accessories, of bodies, other than safet",3709447.75,4724617.700072213,0.0,0.0,0.002668926277810602,0.9939380682531124,1015169.9500722131,27.367145151787437,3,random_forest,False,non_hydrocarbon_diversification,156__870829
2024,2024,China,CHN,156,870840,Vehicle parts: gear boxes and parts thereof,7889017.257,8021902.485181629,0.0,0.0,9.192471266073504e-06,0.9922059666364842,132885.2281816285,1.6844332298008118,1,random_forest,False,non_hydrocarbon_diversification,156__870840
2025,2025,China,CHN,156,870840,Vehicle parts: gear boxes and parts thereof,7889017.257,8487325.608272796,0.0,0.0,9.192471266073504e-06,0.9922059666364842,598308.3512727963,7.584066960202319,2,random_forest,False,non_hydrocarbon_diversification,156__870840
2026,2026,China,CHN,156,870840,Vehicle parts: gear boxes and parts thereof,7889017.257,9327454.885765119,0.0,0.0,9.192471266073504e-06,0.9922059666364842,1438437.6287651183,18.233419726503687,3,random_forest,False,non_hydrocarbon_diversification,156__870840
2024,2024,China,CHN,156,870899,Vehicle parts and accessories: n.e.c. in heading no. 8708,2433238.6900000004,2561588.128848888,0.0,0.0,0.00021185249227684155,0.9954777141345597,128349.43884888757,5.274839635600548,1,random_forest,False,non_hydrocarbon_diversification,156__870899
2025,2025,China,CHN,156,870899,Vehicle parts and accessories: n.e.c. in heading no. 8708,2433238.6900000004,2914903.8356401892,0.0,0.0,0.00021185249227684155,0.9954777141345597,481665.1456401888,19.795227965908627,2,random_forest,False,non_hydrocarbon_diversification,156__870899
2026,2026,China,CHN,156,870899,Vehicle parts and accessories: n.e.c. in heading no. 8708,2433238.6900000004,3090379.805718399,0.0,0.0,0.00021185249227684155,0.9954777141345597,657141.1157183987,27.006849694568952,3,random_forest,False,non_hydrocarbon_diversification,156__870899
2024,2024,China,CHN,156,880240,Aeroplanes and other aircraft: of an unladen weight exceedin,9441362.504999999,10901218.251554703,0.0,0.0,,0.9962475370752832,1459855.7465547044,15.462341857773044,1,random_forest,False,non_hydrocarbon_diversification,156__880240
2025,2025,China,CHN,156,880240,Aeroplanes and other aircraft: of an unladen weight exceedin,9441362.504999999,13368472.973997563,0.0,0.0,,0.9962475370752832,3927110.468997564,41.59474299305664,2,random_forest,False,non_hydrocarbon_diversification,156__880240
2026,2026,China,CHN,156,880240,Aeroplanes and other aircraft: of an unladen weight exceedin,9441362.504999999,16322216.13035745,0.0,0.0,,0.9962475370752832,6880853.625357451,72.87987959061478,3,random_forest,False,non_hydrocarbon_diversification,156__880240
2024,2024,China,CHN,156,880330,Aircraft and spacecraft: parts of aeroplanes or helicopters ,2190773.4359999998,2580686.7008309322,0.0,0.0,0.009571838193574406,0.992590878106846,389913.2648309325,17.797973009151118,1,random_forest,False,non_hydrocarbon_diversification,156__880330
2025,2025,China,CHN,156,880330,Aircraft and spacecraft: parts of aeroplanes or helicopters ,2190773.4359999998,3287908.7865888686,0.0,0.0,0.009571838193574406,0.992590878106846,1097135.3505888688,50.07981804782432,2,random_forest,False,non_hydrocarbon_diversification,156__880330
2026,2026,China,CHN,156,880330,Aircraft and spacecraft: parts of aeroplanes or helicopters ,2190773.4359999998,4103339.789476947,0.0,0.0,0.009571838193574406,0.992590878106846,1912566.3534769472,87.30096513170189,3,random_forest,False,non_hydrocarbon_diversification,156__880330
2024,2024,China,CHN,156,901380,"Optical devices, appliances and instruments: n.e.c. in headi",1527016.138,1256784.7633599346,0.0,0.0,,0.8755777911168537,-270231.3746400655,-17.696694089559482,1,random_forest,False,non_hydrocarbon_diversification,156__901380
2025,2025,China,CHN,156,901380,"Optical devices, appliances and instruments: n.e.c. in headi",1527016.138,948080.4098581673,0.0,0.0,,0.8755777911168537,-578935.7281418327,-37.912875557431256,2,random_forest,False,non_hydrocarbon_diversification,156__901380
2026,2026,China,CHN,156,901380,"Optical devices, appliances and instruments: n.e.c. in headi",1527016.138,321120.1380967027,0.0,0.0,,0.8755777911168537,-1205895.9999032973,-78.97074365453086,3,random_forest,False,non_hydrocarbon_diversification,156__901380
2024,2024,China,CHN,156,901890,"Medical, surgical or dental instruments and appliances: n.e.",4779873.748,5018792.168663882,0.0,0.0,0.0022967341751617453,0.9923984223716651,238918.42066388205,4.998425340498806,1,random_forest,False,non_hydrocarbon_diversification,156__901890
2025,2025,China,CHN,156,901890,"Medical, surgical or dental instruments and appliances: n.e.",4779873.748,5423707.089731447,0.0,0.0,0.0022967341751617453,0.9923984223716651,643833.3417314477,13.469672541054903,2,random_forest,False,non_hydrocarbon_diversification,156__901890
2026,2026,China,CHN,156,901890,"Medical, surgical or dental instruments and appliances: n.e.",4779873.748,5801021.160422039,0.0,0.0,0.0022967341751617453,0.9923984223716651,1021147.4124220395,21.363480841922012,3,random_forest,False,non_hydrocarbon_diversification,156__901890
2024,2024,Czechia,CZE,203,392690,Plastics: other articles n.e.c. in chapter 39,2035258.071,1881161.244095826,0.246,1.208691927108442e-07,0.005497190715296392,0.9931682453123887,-154096.82690417394,-7.571365474475692,1,random_forest,False,non_hydrocarbon_diversification,203__392690
2025,2025,Czechia,CZE,203,392690,Plastics: other articles n.e.c. in chapter 39,2035258.071,1813501.9264833191,0.246,1.208691927108442e-07,0.005497190715296392,0.9931682453123887,-221756.14451668086,-10.895726083902648,2,random_forest,False,non_hydrocarbon_diversification,203__392690
2026,2026,Czechia,CZE,203,392690,Plastics: other articles n.e.c. in chapter 39,2035258.071,1798776.3852733038,0.246,1.208691927108442e-07,0.005497190715296392,0.9931682453123887,-236481.68572669616,-11.619248148246069,3,random_forest,False,non_hydrocarbon_diversification,203__392690
2024,2024,Czechia,CZE,203,847170,Units of automatic data processing machines: storage units,1635465.101,1472740.8282094274,0.0,0.0,0.0002894165660946154,0.9895115863439514,-162724.2727905726,-9.949724557930056,1,random_forest,False,non_hydrocarbon_diversification,203__847170
2025,2025,Czechia,CZE,203,847170,Units of automatic data processing machines: storage units,1635465.101,1246118.2557119133,0.0,0.0,0.0002894165660946154,0.9895115863439514,-389346.8452880867,-23.806490584850863,2,random_forest,False,non_hydrocarbon_diversification,203__847170
2026,2026,Czechia,CZE,203,847170,Units of automatic data processing machines: storage units,1635465.101,1117832.0902621103,0.0,0.0,0.0002894165660946154,0.9895115863439514,-517633.0107378897,-31.650507884355623,3,random_forest,False,non_hydrocarbon_diversification,203__847170
2024,2024,Czechia,CZE,203,847330,Machinery: parts and accessories of the machines of heading ,2008311.697,1672431.3626843288,0.0,0.0,0.0011502606559259617,0.9958626256049214,-335880.3343156711,-16.72451217693979,1,random_forest,False,non_hydrocarbon_diversification,203__847330
2025,2025,Czechia,CZE,203,847330,Machinery: parts and accessories of the machines of heading ,2008311.697,1606088.029133023,0.0,0.0,0.0011502606559259617,0.9958626256049214,-402223.66786697693,-20.02795026627667,2,random_forest,False,non_hydrocarbon_diversification,203__847330
2026,2026,Czechia,CZE,203,847330,Machinery: parts and accessories of the machines of heading ,2008311.697,1574400.356645529,0.0,0.0,0.0011502606559259617,0.9958626256049214,-433911.340354471,-21.605776683103738,3,random_forest,False,non_hydrocarbon_diversification,203__847330
2024,2024,Czechia,CZE,203,870829,"Vehicles: parts and accessories, of bodies, other than safet",3232332.632,3651404.6286879526,0.0,0.0,0.002668926277810602,0.9939380682531124,419071.9966879524,12.965002194983018,1,random_forest,False,non_hydrocarbon_diversification,203__870829
2025,2025,Czechia,CZE,203,870829,"Vehicles: parts and accessories, of bodies, other than safet",3232332.632,3880854.2017178666,0.0,0.0,0.002668926277810602,0.9939380682531124,648521.5697178664,20.063577717760896,2,random_forest,False,non_hydrocarbon_diversification,203__870829
2026,2026,Czechia,CZE,203,870829,"Vehicles: parts and accessories, of bodies, other than safet",3232332.632,4267417.835482934,0.0,0.0,0.002668926277810602,0.9939380682531124,1035085.2034829333,32.02285535948929,3,random_forest,False,non_hydrocarbon_diversification,203__870829
2024,2024,Finland,FIN,246,260300,Copper ores and concentrates,854368.201,921812.0684339701,0.0,0.0,3.156534488379897e-07,0.9949003469290169,67443.8674339701,7.894004874599739,1,random_forest,False,non_hydrocarbon_diversification,246__260300
2025,2025,Finland,FIN,246,260300,Copper ores and concentrates,854368.201,915547.2985522123,0.0,0.0,3.156534488379897e-07,0.9949003469290169,61179.097552212304,7.160741408751507,2,random_forest,False,non_hydrocarbon_diversification,246__260300
2026,2026,Finland,FIN,246,260300,Copper ores and concentrates,854368.201,914095.0204927109,0.0,0.0,3.156534488379897e-07,0.9949003469290169,59726.81949271087,6.990758717705467,3,random_forest,False,non_hydrocarbon_diversification,246__260300
2024,2024,France,FRA,251,210690,Food preparations: n.e.c. in item no. 2106.10,1632526.948,1727092.1442099863,216.177,0.00013241864109185902,0.005065075257191559,0.990473865019856,94565.19620998623,5.792565710834822,1,random_forest,False,non_hydrocarbon_diversification,251__210690
2025,2025,France,FRA,251,210690,Food preparations: n.e.c. in item no. 2106.10,1632526.948,1789823.0440711912,216.177,0.00013241864109185902,0.005065075257191559,0.990473865019856,157296.09607119113,9.635130143725574,2,random_forest,False,non_hydrocarbon_diversification,251__210690
2026,2026,France,FRA,251,210690,Food preparations: n.e.c. in item no. 2106.10,1632526.948,1805455.4945230673,216.177,0.00013241864109185902,0.005065075257191559,0.990473865019856,172928.54652306717,10.59269170012299,3,random_forest,False,non_hydrocarbon_diversification,251__210690
2024,2024,France,FRA,251,260111,Iron ores and concentrates: non-agglomerated,611355.117,848507.6518251781,0.0,0.0,0.01523787365372311,0.9970173600160069,237152.5348251781,38.79128974807912,1,random_forest,False,non_hydrocarbon_diversification,251__260111
2025,2025,France,FRA,251,260111,Iron ores and concentrates: non-agglomerated,611355.117,869202.232667168,0.0,0.0,0.01523787365372311,0.9970173600160069,257847.11566716805,42.176324119516295,2,random_forest,False,non_hydrocarbon_diversification,251__260111
2026,2026,France,FRA,251,260111,Iron ores and concentrates: non-agglomerated,611355.117,850904.3909154868,0.0,0.0,0.01523787365372311,0.9970173600160069,239549.27391548688,39.18332688388816,3,random_forest,False,non_hydrocarbon_diversification,251__260111
2024,2024,France,FRA,251,300210,"Blood, human or animal, antisera, other blood fractions and ",11502781.949,12766825.709096616,0.35,3.0427421953384714e-08,6.864140758500904e-07,0.9981720944270923,1264043.760096617,10.989026530286505,1,random_forest,False,non_hydrocarbon_diversification,251__300210
2025,2025,France,FRA,251,300210,"Blood, human or animal, antisera, other blood fractions and ",11502781.949,13908454.005848827,0.35,3.0427421953384714e-08,6.864140758500904e-07,0.9981720944270923,2405672.0568488277,20.913828215773194,2,random_forest,False,non_hydrocarbon_diversification,251__300210
2026,2026,France,FRA,251,300210,"Blood, human or animal, antisera, other blood fractions and ",11502781.949,15901762.925478328,0.35,3.0427421953384714e-08,6.864140758500904e-07,0.9981720944270923,4398980.976478329,38.24275723891956,3,random_forest,False,non_hydrocarbon_diversification,251__300210
2024,2024,France,FRA,251,300490,Medicaments: consisting of mixed or unmixed products n.e.c. ,13080685.542,12739716.378185095,40.339,3.083859777110144e-06,0.0038597822723884733,0.9991343731029969,-340969.16381490417,-2.6066612695497224,1,random_forest,False,non_hydrocarbon_diversification,251__300490
2025,2025,France,FRA,251,300490,Medicaments: consisting of mixed or unmixed products n.e.c. ,13080685.542,12816671.839020927,40.339,3.083859777110144e-06,0.0038597822723884733,0.9991343731029969,-264013.7029790729,-2.0183476021296203,2,random_forest,False,non_hydrocarbon_diversification,251__300490
2026,2026,France,FRA,251,300490,Medicaments: consisting of mixed or unmixed products n.e.c. ,13080685.542,12635411.172384806,40.339,3.083859777110144e-06,0.0038597822723884733,0.9991343731029969,-445274.36961519346,-3.4040598880348307,3,random_forest,False,non_hydrocarbon_diversification,251__300490
2024,2024,France,FRA,251,392690,Plastics: other articles n.e.c. in chapter 39,3408266.778,3601792.092377162,118.655,3.481388275293044e-05,0.005497190715296392,0.9931682453123887,193525.31437716214,5.678115211706651,1,random_forest,False,non_hydrocarbon_diversification,251__392690
2025,2025,France,FRA,251,392690,Plastics: other articles n.e.c. in chapter 39,3408266.778,3617527.2561160857,118.655,3.481388275293044e-05,0.005497190715296392,0.9931682453123887,209260.47811608575,6.139791622734462,2,random_forest,False,non_hydrocarbon_diversification,251__392690
2026,2026,France,FRA,251,392690,Plastics: other articles n.e.c. in chapter 39,3408266.778,3618005.8138548727,118.655,3.481388275293044e-05,0.005497190715296392,0.9931682453123887,209739.03585487278,6.15383271077006,3,random_forest,False,non_hydrocarbon_diversification,251__392690
2024,2024,France,FRA,251,401110,"Rubber: new pneumatic tyres, of a kind used on motor cars (i",3072399.219,3014653.289969513,114.498,3.726664142209574e-05,0.08491395706720468,0.9881643961976851,-57745.92903048685,-1.8795060444417737,1,random_forest,False,non_hydrocarbon_diversification,251__401110
2025,2025,France,FRA,251,401110,"Rubber: new pneumatic tyres, of a kind used on motor cars (i",3072399.219,3006248.087352565,114.498,3.726664142209574e-05,0.08491395706720468,0.9881643961976851,-66151.13164743502,-2.1530773487491572,2,random_forest,False,non_hydrocarbon_diversification,251__401110
2026,2026,France,FRA,251,401110,"Rubber: new pneumatic tyres, of a kind used on motor cars (i",3072399.219,3038432.6524055083,114.498,3.726664142209574e-05,0.08491395706720468,0.9881643961976851,-33966.56659449171,-1.1055388370248025,3,random_forest,False,non_hydrocarbon_diversification,251__401110
2024,2024,France,FRA,251,711319,Jewellery: of precious metal (excluding silver) whether or n,4762869.603,4997522.410355145,1.507,3.164058909046727e-07,0.000664679229625341,0.9956701698697406,234652.807355145,4.926710720934784,1,random_forest,False,non_hydrocarbon_diversification,251__711319
2025,2025,France,FRA,251,711319,Jewellery: of precious metal (excluding silver) whether or n,4762869.603,5565111.729302745,1.507,3.164058909046727e-07,0.000664679229625341,0.9956701698697406,802242.1263027452,16.843671844331723,2,random_forest,False,non_hydrocarbon_diversification,251__711319
2026,2026,France,FRA,251,711319,Jewellery: of precious metal (excluding silver) whether or n,4762869.603,6242182.306510891,1.507,3.164058909046727e-07,0.000664679229625341,0.9956701698697406,1479312.7035108907,31.05927364837182,3,random_forest,False,non_hydrocarbon_diversification,251__711319
2024,2024,France,FRA,251,732690,Iron or steel: articles n.e.c.in heading 7326,2488093.856,2425144.9218877098,1.854,7.451487392764978e-07,0.0026880511270757357,0.9902814092846751,-62948.934112290386,-2.5300064127601134,1,random_forest,False,non_hydrocarbon_diversification,251__732690
2025,2025,France,FRA,251,732690,Iron or steel: articles n.e.c.in heading 7326,2488093.856,2378156.908963893,1.854,7.451487392764978e-07,0.0026880511270757357,0.9902814092846751,-109936.94703610707,-4.418520899884697,2,random_forest,False,non_hydrocarbon_diversification,251__732690
2026,2026,France,FRA,251,732690,Iron or steel: articles n.e.c.in heading 7326,2488093.856,2215247.7984813657,1.854,7.451487392764978e-07,0.0026880511270757357,0.9902814092846751,-272846.0575186345,-10.966067733364254,3,random_forest,False,non_hydrocarbon_diversification,251__732690
2024,2024,France,FRA,251,841112,Turbo-jets: of a thrust exceeding 25kN,4855194.632999999,5531546.64009497,785.748,0.00016183656050766608,0.035205620912727636,0.9941305239882933,676352.0070949709,13.930481849232407,1,random_forest,False,non_hydrocarbon_diversification,251__841112
2025,2025,France,FRA,251,841112,Turbo-jets: of a thrust exceeding 25kN,4855194.632999999,5974961.11444903,785.748,0.00016183656050766608,0.035205620912727636,0.9941305239882933,1119766.4814490303,23.063266585404268,2,random_forest,False,non_hydrocarbon_diversification,251__841112
2026,2026,France,FRA,251,841112,Turbo-jets: of a thrust exceeding 25kN,4855194.632999999,6308354.233073408,785.748,0.00016183656050766608,0.035205620912727636,0.9941305239882933,1453159.6000734083,29.929996836718132,3,random_forest,False,non_hydrocarbon_diversification,251__841112
2024,2024,France,FRA,251,841191,Turbines: parts of turbo-jets and turbo-propellers,2594631.828,3348072.1909342697,8387.438,0.003232612006638808,0.04576604889443531,0.9927833338420269,753440.3629342695,29.038430609056316,1,random_forest,False,non_hydrocarbon_diversification,251__841191
2025,2025,France,FRA,251,841191,Turbines: parts of turbo-jets and turbo-propellers,2594631.828,4141784.5910486993,8387.438,0.003232612006638808,0.04576604889443531,0.9927833338420269,1547152.7630486991,59.628990377462486,2,random_forest,False,non_hydrocarbon_diversification,251__841191
2026,2026,France,FRA,251,841191,Turbines: parts of turbo-jets and turbo-propellers,2594631.828,4422182.4024827005,8387.438,0.003232612006638808,0.04576604889443531,0.9927833338420269,1827550.5744827003,70.43583427755208,3,random_forest,False,non_hydrocarbon_diversification,251__841191
2024,2024,France,FRA,251,844399,"Printing machinery: parts and accessories, n.e.c. in item no",1667143.5999999999,1424295.954173312,78.463,4.706433207073464e-05,0.0015052307619635799,0.9860473831106951,-242847.6458266878,-14.566690345492002,1,random_forest,False,non_hydrocarbon_diversification,251__844399
2025,2025,France,FRA,251,844399,"Printing machinery: parts and accessories, n.e.c. in item no",1667143.5999999999,1346020.950196419,78.463,4.706433207073464e-05,0.0015052307619635799,0.9860473831106951,-321122.64980358095,-19.261847018072167,2,random_forest,False,non_hydrocarbon_diversification,251__844399
2026,2026,France,FRA,251,844399,"Printing machinery: parts and accessories, n.e.c. in item no",1667143.5999999999,1204511.5597397631,78.463,4.706433207073464e-05,0.0015052307619635799,0.9860473831106951,-462632.0402602367,-27.749981480913625,3,random_forest,False,non_hydrocarbon_diversification,251__844399
2024,2024,France,FRA,251,847130,"Automatic data processing machines: portable, weighing not m",5009558.856,3764245.1364438767,2.814,5.617261082040475e-07,4.579819987309988e-05,0.9974022714863687,-1245313.719556123,-24.858750148520524,1,random_forest,False,non_hydrocarbon_diversification,251__847130
2025,2025,France,FRA,251,847130,"Automatic data processing machines: portable, weighing not m",5009558.856,3079234.150579778,2.814,5.617261082040475e-07,4.579819987309988e-05,0.9974022714863687,-1930324.7054202217,-38.5328281572788,2,random_forest,False,non_hydrocarbon_diversification,251__847130
2026,2026,France,FRA,251,847130,"Automatic data processing machines: portable, weighing not m",5009558.856,2582182.7973541934,2.814,5.617261082040475e-07,4.579819987309988e-05,0.9974022714863687,-2427376.0586458063,-48.454886516374856,3,random_forest,False,non_hydrocarbon_diversification,251__847130
2024,2024,France,FRA,251,847150,Units of automatic data processing machines: processing unit,1550663.419,1390958.9284148389,0.0,0.0,0.00030882524913522914,0.9943229797234742,-159704.49058516114,-10.299107377418641,1,random_forest,False,non_hydrocarbon_diversification,251__847150
2025,2025,France,FRA,251,847150,Units of automatic data processing machines: processing unit,1550663.419,1255625.1940273405,0.0,0.0,0.00030882524913522914,0.9943229797234742,-295038.2249726595,-19.02658058206631,2,random_forest,False,non_hydrocarbon_diversification,251__847150
2026,2026,France,FRA,251,847150,Units of automatic data processing machines: processing unit,1550663.419,1201822.4704988885,0.0,0.0,0.00030882524913522914,0.9943229797234742,-348840.9485011115,-22.496238979189556,3,random_forest,False,non_hydrocarbon_diversification,251__847150
2024,2024,France,FRA,251,848180,"Taps, cocks, valves and similar appliances: for pipes, boile",2308107.378,2271583.966618372,0.426,1.8456680311343816e-07,0.006752332649583884,0.9906663207550369,-36523.4113816279,-1.582396544015029,1,random_forest,False,non_hydrocarbon_diversification,251__848180
2025,2025,France,FRA,251,848180,"Taps, cocks, valves and similar appliances: for pipes, boile",2308107.378,2268892.480368943,0.426,1.8456680311343816e-07,0.006752332649583884,0.9906663207550369,-39214.89763105707,-1.6990066408884845,2,random_forest,False,non_hydrocarbon_diversification,251__848180
2026,2026,France,FRA,251,848180,"Taps, cocks, valves and similar appliances: for pipes, boile",2308107.378,2273716.2676356896,0.426,1.8456680311343816e-07,0.006752332649583884,0.9906663207550369,-34391.11036431044,-1.490013449639016,3,random_forest,False,non_hydrocarbon_diversification,251__848180
2024,2024,France,FRA,251,848620,Machines and apparatus of a kind used solely or principally ,1250580.1409999998,1347550.9983722817,0.0,0.0,,0.9920135109013033,96970.85737228184,7.754069826723872,1,random_forest,False,non_hydrocarbon_diversification,251__848620
2025,2025,France,FRA,251,848620,Machines and apparatus of a kind used solely or principally ,1250580.1409999998,1256026.3821258168,0.0,0.0,,0.9920135109013033,5446.241125816945,0.43549717025427687,2,random_forest,False,non_hydrocarbon_diversification,251__848620
2026,2026,France,FRA,251,848620,Machines and apparatus of a kind used solely or principally ,1250580.1409999998,1213755.82703403,0.0,0.0,,0.9920135109013033,-36824.31396596972,-2.944578500704796,3,random_forest,False,non_hydrocarbon_diversification,251__848620
2024,2024,France,FRA,251,850440,Electrical static converters,3387493.591,3660868.9649483827,0.52,1.5350582548157508e-07,0.0010363946534344636,0.9952852583993788,273375.3739483827,8.070137008515529,1,random_forest,False,non_hydrocarbon_diversification,251__850440
2025,2025,France,FRA,251,850440,Electrical static converters,3387493.591,3867316.710267769,0.52,1.5350582548157508e-07,0.0010363946534344636,0.9952852583993788,479823.11926776916,14.164546924681373,2,random_forest,False,non_hydrocarbon_diversification,251__850440
2026,2026,France,FRA,251,850440,Electrical static converters,3387493.591,4368458.739804989,0.52,1.5350582548157508e-07,0.0010363946534344636,0.9952852583993788,980965.1488049887,28.958435564608827,3,random_forest,False,non_hydrocarbon_diversification,251__850440
2024,2024,France,FRA,251,851712,Telephones for cellular networks or for other wireless netwo,6709631.948000001,6774389.27960359,64.085,9.551194535953998e-06,0.0006325295349067288,0.9993268288381778,64757.33160358947,0.9651398482876883,1,random_forest,False,non_hydrocarbon_diversification,251__851712
2025,2025,France,FRA,251,851712,Telephones for cellular networks or for other wireless netwo,6709631.948000001,6712358.681800221,64.085,9.551194535953998e-06,0.0006325295349067288,0.9993268288381778,2726.7338002203032,0.04063909647135094,2,random_forest,False,non_hydrocarbon_diversification,251__851712
2026,2026,France,FRA,251,851712,Telephones for cellular networks or for other wireless netwo,6709631.948000001,6680404.92086541,64.085,9.551194535953998e-06,0.0006325295349067288,0.9993268288381778,-29227.027134590782,-0.43559806798795786,3,random_forest,False,non_hydrocarbon_diversification,251__851712
2024,2024,France,FRA,251,851762,Communication apparatus (excluding telephone sets or base st,6023542.033,5678161.088127886,114.957,1.9084618214699524e-05,0.0011653840293270972,0.9975947272215496,-345380.9448721139,-5.7338513283370975,1,random_forest,False,non_hydrocarbon_diversification,251__851762
2025,2025,France,FRA,251,851762,Communication apparatus (excluding telephone sets or base st,6023542.033,5420287.126280556,114.957,1.9084618214699524e-05,0.0011653840293270972,0.9975947272215496,-603254.9067194434,-10.014953052780388,2,random_forest,False,non_hydrocarbon_diversification,251__851762
2026,2026,France,FRA,251,851762,Communication apparatus (excluding telephone sets or base st,6023542.033,5223278.935614216,114.957,1.9084618214699524e-05,0.0011653840293270972,0.9975947272215496,-800263.0973857837,-13.285589990101156,3,random_forest,False,non_hydrocarbon_diversification,251__851762
2024,2024,France,FRA,251,852872,"Reception apparatus for television, whether or not incorpora",1340662.073,1099250.226226201,4.385,3.270772022503541e-06,0.00451394308869337,0.986432294581057,-241411.84677379904,-18.00691252744934,1,random_forest,False,non_hydrocarbon_diversification,251__852872
2025,2025,France,FRA,251,852872,"Reception apparatus for television, whether or not incorpora",1340662.073,873486.3977354306,4.385,3.270772022503541e-06,0.00451394308869337,0.986432294581057,-467175.67526456947,-34.84663918471045,2,random_forest,False,non_hydrocarbon_diversification,251__852872
2026,2026,France,FRA,251,852872,"Reception apparatus for television, whether or not incorpora",1340662.073,582583.5417326082,4.385,3.270772022503541e-06,0.00451394308869337,0.986432294581057,-758078.5312673919,-56.545086680272775,3,random_forest,False,non_hydrocarbon_diversification,251__852872
2024,2024,France,FRA,251,853710,"Boards, panels, consoles, desks and other bases: for electri",2454544.651,2777539.232729756,141.595,5.768687073682409e-05,0.0034796814384586484,0.9935531567827506,322994.58172975574,13.159042822796696,1,random_forest,False,non_hydrocarbon_diversification,251__853710
2025,2025,France,FRA,251,853710,"Boards, panels, consoles, desks and other bases: for electri",2454544.651,3191828.296171878,141.595,5.768687073682409e-05,0.0034796814384586484,0.9935531567827506,737283.6451718779,30.037491673720538,2,random_forest,False,non_hydrocarbon_diversification,251__853710
2026,2026,France,FRA,251,853710,"Boards, panels, consoles, desks and other bases: for electri",2454544.651,3662042.5611840487,141.595,5.768687073682409e-05,0.0034796814384586484,0.9935531567827506,1207497.9101840486,49.19437540857547,3,random_forest,False,non_hydrocarbon_diversification,251__853710
2024,2024,France,FRA,251,870322,Vehicles: spark-ignition internal combustion reciprocating p,10127720.742999999,11608182.6424249,0.0,0.0,6.24687399865046e-05,0.996632448545645,1480461.8994249012,14.617917861214288,1,random_forest,False,non_hydrocarbon_diversification,251__870322
2025,2025,France,FRA,251,870322,Vehicles: spark-ignition internal combustion reciprocating p,10127720.742999999,14738680.763532992,0.0,0.0,6.24687399865046e-05,0.996632448545645,4610960.020532994,45.52811177895048,2,random_forest,False,non_hydrocarbon_diversification,251__870322
2026,2026,France,FRA,251,870322,Vehicles: spark-ignition internal combustion reciprocating p,10127720.742999999,17705877.83657775,0.0,0.0,6.24687399865046e-05,0.996632448545645,7578157.093577752,74.82588912036861,3,random_forest,False,non_hydrocarbon_diversification,251__870322
2024,2024,France,FRA,251,870332,Vehicles: compression-ignition internal combustion piston en,4396922.973,5014019.915704475,1.635,3.718509535054345e-07,0.0006749819510078269,0.9916285994309415,617096.9427044746,14.034745354736842,1,random_forest,False,non_hydrocarbon_diversification,251__870332
2025,2025,France,FRA,251,870332,Vehicles: compression-ignition internal combustion piston en,4396922.973,5391124.519576007,1.635,3.718509535054345e-07,0.0006749819510078269,0.9916285994309415,994201.5465760063,22.61130232849331,2,random_forest,False,non_hydrocarbon_diversification,251__870332
2026,2026,France,FRA,251,870332,Vehicles: compression-ignition internal combustion piston en,4396922.973,5911274.620066832,1.635,3.718509535054345e-07,0.0006749819510078269,0.9916285994309415,1514351.6470668316,34.44116843451538,3,random_forest,False,non_hydrocarbon_diversification,251__870332
2024,2024,France,FRA,251,870390,Vehicles: for transport of persons (other than those of head,20990153.224,25141547.626159757,0.0,0.0,,0.9987494616326351,4151394.402159758,19.777818474488704,1,random_forest,False,non_hydrocarbon_diversification,251__870390
2025,2025,France,FRA,251,870390,Vehicles: for transport of persons (other than those of head,20990153.224,32253629.668306667,0.0,0.0,,0.9987494616326351,11263476.444306668,53.66076333081783,2,random_forest,False,non_hydrocarbon_diversification,251__870390
2026,2026,France,FRA,251,870390,Vehicles: for transport of persons (other than those of head,20990153.224,42173647.2111579,0.0,0.0,,0.9987494616326351,21183493.987157904,100.92110220013468,3,random_forest,False,non_hydrocarbon_diversification,251__870390
2024,2024,France,FRA,251,870421,Vehicles: compression-ignition internal combustion piston en,4848334.581,5947126.482846782,0.0,0.0,5.4398730230638e-05,0.9933607010475697,1098791.9018467814,22.66328537128616,1,random_forest,False,non_hydrocarbon_diversification,251__870421
2025,2025,France,FRA,251,870421,Vehicles: compression-ignition internal combustion piston en,4848334.581,7172253.723745595,0.0,0.0,5.4398730230638e-05,0.9933607010475697,2323919.1427455945,47.932317869578036,2,random_forest,False,non_hydrocarbon_diversification,251__870421
2026,2026,France,FRA,251,870421,Vehicles: compression-ignition internal combustion piston en,4848334.581,8978065.650994483,0.0,0.0,5.4398730230638e-05,0.9933607010475697,4129731.069994483,85.17834322281239,3,random_forest,False,non_hydrocarbon_diversification,251__870421
2024,2024,France,FRA,251,870829,"Vehicles: parts and accessories, of bodies, other than safet",2527396.386,2795959.4257713105,566.658,0.00022420622389858876,0.002668926277810602,0.9939380682531124,268563.0397713105,10.626075168064695,1,random_forest,False,non_hydrocarbon_diversification,251__870829
2025,2025,France,FRA,251,870829,"Vehicles: parts and accessories, of bodies, other than safet",2527396.386,3068328.0393443247,566.658,0.00022420622389858876,0.002668926277810602,0.9939380682531124,540931.6533443248,21.40272322698197,2,random_forest,False,non_hydrocarbon_diversification,251__870829
2026,2026,France,FRA,251,870829,"Vehicles: parts and accessories, of bodies, other than safet",2527396.386,3184730.872277747,566.658,0.00022420622389858876,0.002668926277810602,0.9939380682531124,657334.486277747,26.00836536440893,3,random_forest,False,non_hydrocarbon_diversification,251__870829
2024,2024,France,FRA,251,870840,Vehicle parts: gear boxes and parts thereof,1838144.045,2024991.795044537,0.0,0.0,9.192471266073504e-06,0.9922059666364842,186847.750044537,10.165022189245079,1,random_forest,False,non_hydrocarbon_diversification,251__870840
2025,2025,France,FRA,251,870840,Vehicle parts: gear boxes and parts thereof,1838144.045,2158094.2540017795,0.0,0.0,9.192471266073504e-06,0.9922059666364842,319950.20900177956,17.406155402896054,2,random_forest,False,non_hydrocarbon_diversification,251__870840
2026,2026,France,FRA,251,870840,Vehicle parts: gear boxes and parts thereof,1838144.045,2266210.6647576853,0.0,0.0,9.192471266073504e-06,0.9922059666364842,428066.61975768534,23.28798011897296,3,random_forest,False,non_hydrocarbon_diversification,251__870840
2024,2024,France,FRA,251,870899,Vehicle parts and accessories: n.e.c. in heading no. 8708,7943673.7020000005,8665988.598601151,2.531,3.186183238320531e-07,0.00021185249227684155,0.9954777141345597,722314.8966011507,9.092957788778403,1,random_forest,False,non_hydrocarbon_diversification,251__870899
2025,2025,France,FRA,251,870899,Vehicle parts and accessories: n.e.c. in heading no. 8708,7943673.7020000005,9368110.18480228,2.531,3.186183238320531e-07,0.00021185249227684155,0.9954777141345597,1424436.4828022802,17.93170938584305,2,random_forest,False,non_hydrocarbon_diversification,251__870899
2026,2026,France,FRA,251,870899,Vehicle parts and accessories: n.e.c. in heading no. 8708,7943673.7020000005,9654998.783500772,2.531,3.186183238320531e-07,0.00021185249227684155,0.9954777141345597,1711325.0815007715,21.543244922936683,3,random_forest,False,non_hydrocarbon_diversification,251__870899
2024,2024,France,FRA,251,880240,Aeroplanes and other aircraft: of an unladen weight exceedin,2170841.825,2754377.9960649027,0.0,0.0,,0.9962475370752832,583536.1710649026,26.88063977507447,1,random_forest,False,non_hydrocarbon_diversification,251__880240
2025,2025,France,FRA,251,880240,Aeroplanes and other aircraft: of an unladen weight exceedin,2170841.825,3482276.192220313,0.0,0.0,,0.9962475370752832,1311434.3672203128,60.41132762956198,2,random_forest,False,non_hydrocarbon_diversification,251__880240
2026,2026,France,FRA,251,880240,Aeroplanes and other aircraft: of an unladen weight exceedin,2170841.825,4117950.659589234,0.0,0.0,,0.9962475370752832,1947108.8345892336,89.69372213884047,3,random_forest,False,non_hydrocarbon_diversification,251__880240
2024,2024,France,FRA,251,880330,Aircraft and spacecraft: parts of aeroplanes or helicopters ,9851570.159,10991497.059964595,947.398,9.616720834439728e-05,0.009571838193574406,0.992590878106846,1139926.9009645954,11.571017437491463,1,random_forest,False,non_hydrocarbon_diversification,251__880330
2025,2025,France,FRA,251,880330,Aircraft and spacecraft: parts of aeroplanes or helicopters ,9851570.159,13572645.835659869,947.398,9.616720834439728e-05,0.009571838193574406,0.992590878106846,3721075.676659869,37.77139701188082,2,random_forest,False,non_hydrocarbon_diversification,251__880330
2026,2026,France,FRA,251,880330,Aircraft and spacecraft: parts of aeroplanes or helicopters ,9851570.159,16744272.91134401,947.398,9.616720834439728e-05,0.009571838193574406,0.992590878106846,6892702.75234401,69.96552469402162,3,random_forest,False,non_hydrocarbon_diversification,251__880330
2024,2024,France,FRA,251,901890,"Medical, surgical or dental instruments and appliances: n.e.",2278976.719,2417418.150516445,3.417,1.4993571331871073e-06,0.0022967341751617453,0.9923984223716651,138441.43151644478,6.0747189895468505,1,random_forest,False,non_hydrocarbon_diversification,251__901890
2025,2025,France,FRA,251,901890,"Medical, surgical or dental instruments and appliances: n.e.",2278976.719,2473235.15324309,3.417,1.4993571331871073e-06,0.0022967341751617453,0.9923984223716651,194258.43424308999,8.52393236945085,2,random_forest,False,non_hydrocarbon_diversification,251__901890
2026,2026,France,FRA,251,901890,"Medical, surgical or dental instruments and appliances: n.e.",2278976.719,2554552.456903278,3.417,1.4993571331871073e-06,0.0022967341751617453,0.9923984223716651,275575.73790327786,12.092082187842562,3,random_forest,False,non_hydrocarbon_diversification,251__901890
2024,2024,France,FRA,251,950300,"Tricycles, scooters, pedal cars and similar wheeled toys: do",2396512.59,1875506.16590761,2.934,1.2242789844888736e-06,0.0003212903647492182,0.9900889535494942,-521006.4240923899,-21.740191404226668,1,random_forest,False,non_hydrocarbon_diversification,251__950300
2025,2025,France,FRA,251,950300,"Tricycles, scooters, pedal cars and similar wheeled toys: do",2396512.59,1622599.4348734093,2.934,1.2242789844888736e-06,0.0003212903647492182,0.9900889535494942,-773913.1551265905,-32.293306463563816,2,random_forest,False,non_hydrocarbon_diversification,251__950300
2026,2026,France,FRA,251,950300,"Tricycles, scooters, pedal cars and similar wheeled toys: do",2396512.59,1509094.5835045737,2.934,1.2242789844888736e-06,0.0003212903647492182,0.9900889535494942,-887418.0064954262,-37.02955745771509,3,random_forest,False,non_hydrocarbon_diversification,251__950300
2024,2024,Germany,DEU,276,120190,"Soya beans: other than seed, whether or not broken",2176150.4359999998,2295259.980654128,0.0,0.0,1.4519592151066263e-05,0.9945154354586551,119109.54465412814,5.4734058217530395,1,random_forest,False,non_hydrocarbon_diversification,276__120190
2025,2025,Germany,DEU,276,120190,"Soya beans: other than seed, whether or not broken",2176150.4359999998,2204910.1959732785,0.0,0.0,1.4519592151066263e-05,0.9945154354586551,28759.759973278735,1.32158877885953,2,random_forest,False,non_hydrocarbon_diversification,276__120190
2026,2026,Germany,DEU,276,120190,"Soya beans: other than seed, whether or not broken",2176150.4359999998,2194845.667020142,0.0,0.0,1.4519592151066263e-05,0.9945154354586551,18695.231020142324,0.8590964443848921,3,random_forest,False,non_hydrocarbon_diversification,276__120190
2024,2024,Germany,DEU,276,210690,Food preparations: n.e.c. in item no. 2106.10,2999406.143,3068484.8926691264,0.0,0.0,0.005065075257191559,0.990473865019856,69078.74966912623,2.3030808892067482,1,random_forest,False,non_hydrocarbon_diversification,276__210690
2025,2025,Germany,DEU,276,210690,Food preparations: n.e.c. in item no. 2106.10,2999406.143,3119293.8791067586,0.0,0.0,0.005065075257191559,0.990473865019856,119887.73610675847,3.9970490954201687,2,random_forest,False,non_hydrocarbon_diversification,276__210690
2026,2026,Germany,DEU,276,210690,Food preparations: n.e.c. in item no. 2106.10,2999406.143,3117905.937320507,0.0,0.0,0.005065075257191559,0.990473865019856,118499.79432050698,3.950775209188033,3,random_forest,False,non_hydrocarbon_diversification,276__210690
2024,2024,Germany,DEU,276,260111,Iron ores and concentrates: non-agglomerated,1775468.035,1867772.0851144288,0.0,0.0,0.01523787365372311,0.9970173600160069,92304.05011442886,5.198857331972685,1,random_forest,False,non_hydrocarbon_diversification,276__260111
2025,2025,Germany,DEU,276,260111,Iron ores and concentrates: non-agglomerated,1775468.035,1924427.8111679016,0.0,0.0,0.01523787365372311,0.9970173600160069,148959.7761679017,8.389887806000502,2,random_forest,False,non_hydrocarbon_diversification,276__260111
2026,2026,Germany,DEU,276,260111,Iron ores and concentrates: non-agglomerated,1775468.035,2000838.7061361857,0.0,0.0,0.01523787365372311,0.9970173600160069,225370.67113618576,12.69359215110768,3,random_forest,False,non_hydrocarbon_diversification,276__260111
2024,2024,Germany,DEU,276,260300,Copper ores and concentrates,3096421.9639999997,2775383.8674223092,0.0,0.0,3.156534488379897e-07,0.9949003469290169,-321038.09657769045,-10.368034470436617,1,random_forest,False,non_hydrocarbon_diversification,276__260300
2025,2025,Germany,DEU,276,260300,Copper ores and concentrates,3096421.9639999997,2762455.3924014955,0.0,0.0,3.156534488379897e-07,0.9949003469290169,-333966.5715985042,-10.78556396645248,2,random_forest,False,non_hydrocarbon_diversification,276__260300
2026,2026,Germany,DEU,276,260300,Copper ores and concentrates,3096421.9639999997,2784031.7885016766,0.0,0.0,3.156534488379897e-07,0.9949003469290169,-312390.17549832305,-10.088746919194863,3,random_forest,False,non_hydrocarbon_diversification,276__260300
2024,2024,Germany,DEU,276,300210,"Blood, human or animal, antisera, other blood fractions and ",30761030.585,34456118.50615878,0.0,0.0,6.864140758500904e-07,0.9981720944270923,3695087.9211587757,12.012237076870276,1,random_forest,False,non_hydrocarbon_diversification,276__300210
2025,2025,Germany,DEU,276,300210,"Blood, human or animal, antisera, other blood fractions and ",30761030.585,37926790.04452043,0.0,0.0,6.864140758500904e-07,0.9981720944270923,7165759.459520429,23.29492648082691,2,random_forest,False,non_hydrocarbon_diversification,276__300210
2026,2026,Germany,DEU,276,300210,"Blood, human or animal, antisera, other blood fractions and ",30761030.585,40772547.17876443,0.0,0.0,6.864140758500904e-07,0.9981720944270923,10011516.593764432,32.54610266096334,3,random_forest,False,non_hydrocarbon_diversification,276__300210
2024,2024,Germany,DEU,276,300490,Medicaments: consisting of mixed or unmixed products n.e.c. ,26135783.508,25684814.672541533,0.769,2.9423261780715848e-08,0.0038597822723884733,0.9991343731029969,-450968.83545846865,-1.7254842783665922,1,random_forest,False,non_hydrocarbon_diversification,276__300490
2025,2025,Germany,DEU,276,300490,Medicaments: consisting of mixed or unmixed products n.e.c. ,26135783.508,25779712.60845041,0.769,2.9423261780715848e-08,0.0038597822723884733,0.9991343731029969,-356070.8995495923,-1.3623884642318114,2,random_forest,False,non_hydrocarbon_diversification,276__300490
2026,2026,Germany,DEU,276,300490,Medicaments: consisting of mixed or unmixed products n.e.c. ,26135783.508,25784670.053689655,0.769,2.9423261780715848e-08,0.0038597822723884733,0.9991343731029969,-351113.4543103464,-1.3434204266456093,3,random_forest,False,non_hydrocarbon_diversification,276__300490
2024,2024,Germany,DEU,276,392690,Plastics: other articles n.e.c. in chapter 39,6835037.7069999995,6813484.250669878,0.288,4.213583192160727e-08,0.005497190715296392,0.9931682453123887,-21553.456330121495,-0.315337782380452,1,random_forest,False,non_hydrocarbon_diversification,276__392690
2025,2025,Germany,DEU,276,392690,Plastics: other articles n.e.c. in chapter 39,6835037.7069999995,6788024.237115167,0.288,4.213583192160727e-08,0.005497190715296392,0.9931682453123887,-47013.46988483239,-0.6878304392773761,2,random_forest,False,non_hydrocarbon_diversification,276__392690
2026,2026,Germany,DEU,276,392690,Plastics: other articles n.e.c. in chapter 39,6835037.7069999995,6752605.161010037,0.288,4.213583192160727e-08,0.005497190715296392,0.9931682453123887,-82432.5459899623,-1.2060291328830601,3,random_forest,False,non_hydrocarbon_diversification,276__392690
2024,2024,Germany,DEU,276,401110,"Rubber: new pneumatic tyres, of a kind used on motor cars (i",4877662.0139999995,5244439.7933179,4.081,8.366713372690855e-07,0.08491395706720468,0.9881643961976851,366777.77931790054,7.519540678816303,1,random_forest,False,non_hydrocarbon_diversification,276__401110
2025,2025,Germany,DEU,276,401110,"Rubber: new pneumatic tyres, of a kind used on motor cars (i",4877662.0139999995,5671751.766609977,4.081,8.366713372690855e-07,0.08491395706720468,0.9881643961976851,794089.7526099775,16.28013073334641,2,random_forest,False,non_hydrocarbon_diversification,276__401110
2026,2026,Germany,DEU,276,401110,"Rubber: new pneumatic tyres, of a kind used on motor cars (i",4877662.0139999995,5852325.109766013,4.081,8.366713372690855e-07,0.08491395706720468,0.9881643961976851,974663.0957660135,19.982177792731616,3,random_forest,False,non_hydrocarbon_diversification,276__401110
2024,2024,Germany,DEU,276,710813,"Metals: gold, semi-manufactured",1621625.159,1642647.9626651546,0.0,0.0,0.008472153746123399,0.9960550813401023,21022.803665154614,1.296403398065102,1,random_forest,False,non_hydrocarbon_diversification,276__710813
2025,2025,Germany,DEU,276,710813,"Metals: gold, semi-manufactured",1621625.159,1573845.6288472,0.0,0.0,0.008472153746123399,0.9960550813401023,-47779.53015280003,-2.9463979321993254,2,random_forest,False,non_hydrocarbon_diversification,276__710813
2026,2026,Germany,DEU,276,710813,"Metals: gold, semi-manufactured",1621625.159,1632311.6893461084,0.0,0.0,0.008472153746123399,0.9960550813401023,10686.530346108368,0.6590012671423019,3,random_forest,False,non_hydrocarbon_diversification,276__710813
2024,2024,Germany,DEU,276,732690,Iron or steel: articles n.e.c.in heading 7326,5979176.897,5467941.846468933,0.498,8.3289056098987e-08,0.0026880511270757357,0.9902814092846751,-511235.05053106695,-8.550257992660741,1,random_forest,False,non_hydrocarbon_diversification,276__732690
2025,2025,Germany,DEU,276,732690,Iron or steel: articles n.e.c.in heading 7326,5979176.897,5153050.172346159,0.498,8.3289056098987e-08,0.0026880511270757357,0.9902814092846751,-826126.724653841,-13.816729942683967,2,random_forest,False,non_hydrocarbon_diversification,276__732690
2026,2026,Germany,DEU,276,732690,Iron or steel: articles n.e.c.in heading 7326,5979176.897,4921446.557533246,0.498,8.3289056098987e-08,0.0026880511270757357,0.9902814092846751,-1057730.3394667534,-17.690233249286543,3,random_forest,False,non_hydrocarbon_diversification,276__732690
2024,2024,Germany,DEU,276,740311,"Copper: refined, unwrought, cathodes and sections of cathode",3747845.857,3859531.5255248873,0.0,0.0,,0.9937456125179315,111685.66852488741,2.9799963175189736,1,random_forest,False,non_hydrocarbon_diversification,276__740311
2025,2025,Germany,DEU,276,740311,"Copper: refined, unwrought, cathodes and sections of cathode",3747845.857,3860051.0798549806,0.0,0.0,,0.9937456125179315,112205.22285498073,2.9938590629444004,2,random_forest,False,non_hydrocarbon_diversification,276__740311
2026,2026,Germany,DEU,276,740311,"Copper: refined, unwrought, cathodes and sections of cathode",3747845.857,3862326.8225424574,0.0,0.0,,0.9937456125179315,114480.96554245753,3.054580415270732,3,random_forest,False,non_hydrocarbon_diversification,276__740311
2024,2024,Germany,DEU,276,841112,Turbo-jets: of a thrust exceeding 25kN,4617571.843,5192345.631530043,0.0,0.0,0.035205620912727636,0.9941305239882933,574773.7885300424,12.447533207336441,1,random_forest,False,non_hydrocarbon_diversification,276__841112
2025,2025,Germany,DEU,276,841112,Turbo-jets: of a thrust exceeding 25kN,4617571.843,5764431.078939253,0.0,0.0,0.035205620912727636,0.9941305239882933,1146859.2359392531,24.836846614045268,2,random_forest,False,non_hydrocarbon_diversification,276__841112
2026,2026,Germany,DEU,276,841112,Turbo-jets: of a thrust exceeding 25kN,4617571.843,6932863.56438886,0.0,0.0,0.035205620912727636,0.9941305239882933,2315291.7213888597,50.14089222886098,3,random_forest,False,non_hydrocarbon_diversification,276__841112
2024,2024,Germany,DEU,276,841191,Turbines: parts of turbo-jets and turbo-propellers,7602104.722999999,8181320.680881945,0.0,0.0,0.04576604889443531,0.9927833338420269,579215.9578819461,7.619152576648163,1,random_forest,False,non_hydrocarbon_diversification,276__841191
2025,2025,Germany,DEU,276,841191,Turbines: parts of turbo-jets and turbo-propellers,7602104.722999999,8770026.661854725,0.0,0.0,0.04576604889443531,0.9927833338420269,1167921.938854726,15.36313930695014,2,random_forest,False,non_hydrocarbon_diversification,276__841191
2026,2026,Germany,DEU,276,841191,Turbines: parts of turbo-jets and turbo-propellers,7602104.722999999,9709849.379392192,0.0,0.0,0.04576604889443531,0.9927833338420269,2107744.6563921925,27.72580401339721,3,random_forest,False,non_hydrocarbon_diversification,276__841191
2024,2024,Germany,DEU,276,844399,"Printing machinery: parts and accessories, n.e.c. in item no",4473650.559,3887913.797054269,54.766,1.2241903849602839e-05,0.0015052307619635799,0.9860473831106951,-585736.7619457315,-13.093037871886484,1,random_forest,False,non_hydrocarbon_diversification,276__844399
2025,2025,Germany,DEU,276,844399,"Printing machinery: parts and accessories, n.e.c. in item no",4473650.559,3419841.1376799275,54.766,1.2241903849602839e-05,0.0015052307619635799,0.9860473831106951,-1053809.4213200728,-23.555917196081403,2,random_forest,False,non_hydrocarbon_diversification,276__844399
2026,2026,Germany,DEU,276,844399,"Printing machinery: parts and accessories, n.e.c. in item no",4473650.559,3127715.8208523598,54.766,1.2241903849602839e-05,0.0015052307619635799,0.9860473831106951,-1345934.7381476406,-30.085826337953826,3,random_forest,False,non_hydrocarbon_diversification,276__844399
2024,2024,Germany,DEU,276,847130,"Automatic data processing machines: portable, weighing not m",11383832.436999999,7630264.588263593,0.436,3.829993127647439e-08,4.579819987309988e-05,0.9974022714863687,-3753567.8487364063,-32.97279602022665,1,random_forest,False,non_hydrocarbon_diversification,276__847130
2025,2025,Germany,DEU,276,847130,"Automatic data processing machines: portable, weighing not m",11383832.436999999,5907306.300589186,0.436,3.829993127647439e-08,4.579819987309988e-05,0.9974022714863687,-5476526.136410813,-48.10792996751146,2,random_forest,False,non_hydrocarbon_diversification,276__847130
2026,2026,Germany,DEU,276,847130,"Automatic data processing machines: portable, weighing not m",11383832.436999999,4298939.972397119,0.436,3.829993127647439e-08,4.579819987309988e-05,0.9974022714863687,-7084892.46460288,-62.23644369162881,3,random_forest,False,non_hydrocarbon_diversification,276__847130
2024,2024,Germany,DEU,276,847150,Units of automatic data processing machines: processing unit,4483298.064,3758775.7297082855,0.0,0.0,0.00030882524913522914,0.9943229797234742,-724522.3342917147,-16.16047659444029,1,random_forest,False,non_hydrocarbon_diversification,276__847150
2025,2025,Germany,DEU,276,847150,Units of automatic data processing machines: processing unit,4483298.064,3870003.009829215,0.0,0.0,0.00030882524913522914,0.9943229797234742,-613295.0541707855,-13.679551201278004,2,random_forest,False,non_hydrocarbon_diversification,276__847150
2026,2026,Germany,DEU,276,847150,Units of automatic data processing machines: processing unit,4483298.064,3731292.8880592375,0.0,0.0,0.00030882524913522914,0.9943229797234742,-752005.1759407627,-16.773481602287745,3,random_forest,False,non_hydrocarbon_diversification,276__847150
2024,2024,Germany,DEU,276,847170,Units of automatic data processing machines: storage units,3614004.643,3012890.0101912627,0.0,0.0,0.0002894165660946154,0.9895115863439514,-601114.6328087375,-16.632923645326304,1,random_forest,False,non_hydrocarbon_diversification,276__847170
2025,2025,Germany,DEU,276,847170,Units of automatic data processing machines: storage units,3614004.643,2219503.9621391934,0.0,0.0,0.0002894165660946154,0.9895115863439514,-1394500.6808608067,-38.58602350060142,2,random_forest,False,non_hydrocarbon_diversification,276__847170
2026,2026,Germany,DEU,276,847170,Units of automatic data processing machines: storage units,3614004.643,1865192.5649319715,0.0,0.0,0.0002894165660946154,0.9895115863439514,-1748812.0780680287,-48.38986804998492,3,random_forest,False,non_hydrocarbon_diversification,276__847170
2024,2024,Germany,DEU,276,847330,Machinery: parts and accessories of the machines of heading ,3945351.1640000003,3269833.4844977763,7.428,1.8827221434122257e-06,0.0011502606559259617,0.9958626256049214,-675517.6795022241,-17.121864478530966,1,random_forest,False,non_hydrocarbon_diversification,276__847330
2025,2025,Germany,DEU,276,847330,Machinery: parts and accessories of the machines of heading ,3945351.1640000003,2770793.536658167,7.428,1.8827221434122257e-06,0.0011502606559259617,0.9958626256049214,-1174557.6273418334,-29.770673851779684,2,random_forest,False,non_hydrocarbon_diversification,276__847330
2026,2026,Germany,DEU,276,847330,Machinery: parts and accessories of the machines of heading ,3945351.1640000003,2489803.1911425483,7.428,1.8827221434122257e-06,0.0011502606559259617,0.9958626256049214,-1455547.972857452,-36.89273558558834,3,random_forest,False,non_hydrocarbon_diversification,276__847330
2024,2024,Germany,DEU,276,848180,"Taps, cocks, valves and similar appliances: for pipes, boile",3781894.349,3944391.7171114665,2.418,6.393621230163033e-07,0.006752332649583884,0.9906663207550369,162497.36811146652,4.29671886932626,1,random_forest,False,non_hydrocarbon_diversification,276__848180
2025,2025,Germany,DEU,276,848180,"Taps, cocks, valves and similar appliances: for pipes, boile",3781894.349,4027507.7887681015,2.418,6.393621230163033e-07,0.006752332649583884,0.9906663207550369,245613.43976810155,6.494455347041783,2,random_forest,False,non_hydrocarbon_diversification,276__848180
2026,2026,Germany,DEU,276,848180,"Taps, cocks, valves and similar appliances: for pipes, boile",3781894.349,4006567.2629825594,2.418,6.393621230163033e-07,0.006752332649583884,0.9906663207550369,224672.91398255946,5.940750672793569,3,random_forest,False,non_hydrocarbon_diversification,276__848180
2024,2024,Germany,DEU,276,848620,Machines and apparatus of a kind used solely or principally ,830214.3559999999,826713.2645715616,0.0,0.0,,0.9920135109013033,-3501.091428438318,-0.42170933363603724,1,random_forest,False,non_hydrocarbon_diversification,276__848620
2025,2025,Germany,DEU,276,848620,Machines and apparatus of a kind used solely or principally ,830214.3559999999,830869.1644085932,0.0,0.0,,0.9920135109013033,654.8084085932933,0.07887220979268315,2,random_forest,False,non_hydrocarbon_diversification,276__848620
2026,2026,Germany,DEU,276,848620,Machines and apparatus of a kind used solely or principally ,830214.3559999999,833616.3190480806,0.0,0.0,,0.9920135109013033,3401.963048080681,0.409769238931431,3,random_forest,False,non_hydrocarbon_diversification,276__848620
2024,2024,Germany,DEU,276,850440,Electrical static converters,10229458.508,10466319.793918796,0.0,0.0,0.0010363946534344636,0.9952852583993788,236861.28591879643,2.315482151216097,1,random_forest,False,non_hydrocarbon_diversification,276__850440
2025,2025,Germany,DEU,276,850440,Electrical static converters,10229458.508,10882919.320001839,0.0,0.0,0.0010363946534344636,0.9952852583993788,653460.8120018393,6.388029351610322,2,random_forest,False,non_hydrocarbon_diversification,276__850440
2026,2026,Germany,DEU,276,850440,Electrical static converters,10229458.508,11901808.465962898,0.0,0.0,0.0010363946534344636,0.9952852583993788,1672349.9579628985,16.3483722687279,3,random_forest,False,non_hydrocarbon_diversification,276__850440
2024,2024,Germany,DEU,276,851712,Telephones for cellular networks or for other wireless netwo,15882469.139,17099547.313860036,0.24,1.511100055662447e-08,0.0006325295349067288,0.9993268288381778,1217078.174860036,7.6630287407356255,1,random_forest,False,non_hydrocarbon_diversification,276__851712
2025,2025,Germany,DEU,276,851712,Telephones for cellular networks or for other wireless netwo,15882469.139,19105692.524209358,0.24,1.511100055662447e-08,0.0006325295349067288,0.9993268288381778,3223223.3852093574,20.294220986676507,2,random_forest,False,non_hydrocarbon_diversification,276__851712
2026,2026,Germany,DEU,276,851712,Telephones for cellular networks or for other wireless netwo,15882469.139,21438099.580431063,0.24,1.511100055662447e-08,0.0006325295349067288,0.9993268288381778,5555630.441431062,34.97963945536027,3,random_forest,False,non_hydrocarbon_diversification,276__851712
2024,2024,Germany,DEU,276,851762,Communication apparatus (excluding telephone sets or base st,12791870.339,13379813.840861486,2.648,2.070064759745686e-07,0.0011653840293270972,0.9975947272215496,587943.5018614866,4.596227809384197,1,random_forest,False,non_hydrocarbon_diversification,276__851762
2025,2025,Germany,DEU,276,851762,Communication apparatus (excluding telephone sets or base st,12791870.339,13727911.38467548,2.648,2.070064759745686e-07,0.0011653840293270972,0.9975947272215496,936041.0456754807,7.317468211209648,2,random_forest,False,non_hydrocarbon_diversification,276__851762
2026,2026,Germany,DEU,276,851762,Communication apparatus (excluding telephone sets or base st,12791870.339,13919761.859517455,2.648,2.070064759745686e-07,0.0011653840293270972,0.9975947272215496,1127891.5205174554,8.817252603622215,3,random_forest,False,non_hydrocarbon_diversification,276__851762
2024,2024,Germany,DEU,276,852872,"Reception apparatus for television, whether or not incorpora",2282808.833,1867695.8391309867,0.0,0.0,0.00451394308869337,0.986432294581057,-415112.9938690134,-18.184308202605127,1,random_forest,False,non_hydrocarbon_diversification,276__852872
2025,2025,Germany,DEU,276,852872,"Reception apparatus for television, whether or not incorpora",2282808.833,1473572.9666095267,0.0,0.0,0.00451394308869337,0.986432294581057,-809235.8663904734,-35.44912980413693,2,random_forest,False,non_hydrocarbon_diversification,276__852872
2026,2026,Germany,DEU,276,852872,"Reception apparatus for television, whether or not incorpora",2282808.833,1341197.962450793,0.0,0.0,0.00451394308869337,0.986432294581057,-941610.8705492071,-41.2479072683353,3,random_forest,False,non_hydrocarbon_diversification,276__852872
2024,2024,Germany,DEU,276,852990,Reception and transmission apparatus: for use with the appar,3137349.2770000002,1776301.3669074324,0.216,6.884792891359032e-08,0.006108660443749396,0.9873945732569614,-1361047.9100925678,-43.3820971120573,1,random_forest,False,non_hydrocarbon_diversification,276__852990
2025,2025,Germany,DEU,276,852990,Reception and transmission apparatus: for use with the appar,3137349.2770000002,1438613.1141379997,0.216,6.884792891359032e-08,0.006108660443749396,0.9873945732569614,-1698736.1628620005,-54.145586381327874,2,random_forest,False,non_hydrocarbon_diversification,276__852990
2026,2026,Germany,DEU,276,852990,Reception and transmission apparatus: for use with the appar,3137349.2770000002,1342617.236330246,0.216,6.884792891359032e-08,0.006108660443749396,0.9873945732569614,-1794732.0406697541,-57.20536294211765,3,random_forest,False,non_hydrocarbon_diversification,276__852990
2024,2024,Germany,DEU,276,853400,Circuits: printed,2103105.459,1612739.8873412109,0.0,0.0,1.1002339092700973e-05,0.988356851932866,-490365.57165878895,-23.316261652991553,1,random_forest,False,non_hydrocarbon_diversification,276__853400
2025,2025,Germany,DEU,276,853400,Circuits: printed,2103105.459,1410123.3400027633,0.0,0.0,1.1002339092700973e-05,0.988356851932866,-692982.1189972365,-32.95042176946946,2,random_forest,False,non_hydrocarbon_diversification,276__853400
2026,2026,Germany,DEU,276,853400,Circuits: printed,2103105.459,1245413.7214532318,0.0,0.0,1.1002339092700973e-05,0.988356851932866,-857691.737546768,-40.78215544904675,3,random_forest,False,non_hydrocarbon_diversification,276__853400
2024,2024,Germany,DEU,276,853710,"Boards, panels, consoles, desks and other bases: for electri",11063109.120000001,11967829.23948601,152.183,1.375589794417575e-05,0.0034796814384586484,0.9935531567827506,904720.1194860097,8.177810682988271,1,random_forest,False,non_hydrocarbon_diversification,276__853710
2025,2025,Germany,DEU,276,853710,"Boards, panels, consoles, desks and other bases: for electri",11063109.120000001,13487559.713844044,152.183,1.375589794417575e-05,0.0034796814384586484,0.9935531567827506,2424450.593844043,21.9147309092441,2,random_forest,False,non_hydrocarbon_diversification,276__853710
2026,2026,Germany,DEU,276,853710,"Boards, panels, consoles, desks and other bases: for electri",11063109.120000001,15298214.597591765,152.183,1.375589794417575e-05,0.0034796814384586484,0.9935531567827506,4235105.477591764,38.28133151046569,3,random_forest,False,non_hydrocarbon_diversification,276__853710
2024,2024,Germany,DEU,276,854140,"Electrical apparatus: photosensitive, including photovoltaic",5611287.358999999,6321358.081496765,0.0,0.0,2.6114010762027728e-05,0.994707891193836,710070.7224967657,12.6543282685011,1,random_forest,False,non_hydrocarbon_diversification,276__854140
2025,2025,Germany,DEU,276,854140,"Electrical apparatus: photosensitive, including photovoltaic",5611287.358999999,7217953.128786888,0.0,0.0,2.6114010762027728e-05,0.994707891193836,1606665.7697868887,28.632748012983892,2,random_forest,False,non_hydrocarbon_diversification,276__854140
2026,2026,Germany,DEU,276,854140,"Electrical apparatus: photosensitive, including photovoltaic",5611287.358999999,7859744.731996232,0.0,0.0,2.6114010762027728e-05,0.994707891193836,2248457.3729962325,40.070258911084096,3,random_forest,False,non_hydrocarbon_diversification,276__854140
2024,2024,Germany,DEU,276,854231,"Electronic integrated circuits: processors and controllers, ",11373883.131,9398691.26641254,208.967,1.8372529205127107e-05,0.0014564602011438417,0.998941917367816,-1975191.8645874597,-17.366029190189153,1,random_forest,False,non_hydrocarbon_diversification,276__854231
2025,2025,Germany,DEU,276,854231,"Electronic integrated circuits: processors and controllers, ",11373883.131,8363176.087710057,208.967,1.8372529205127107e-05,0.0014564602011438417,0.998941917367816,-3010707.0432899417,-26.470353252392165,2,random_forest,False,non_hydrocarbon_diversification,276__854231
2026,2026,Germany,DEU,276,854231,"Electronic integrated circuits: processors and controllers, ",11373883.131,6970594.335801015,208.967,1.8372529205127107e-05,0.0014564602011438417,0.998941917367816,-4403288.795198984,-38.7140323536263,3,random_forest,False,non_hydrocarbon_diversification,276__854231
2024,2024,Germany,DEU,276,854239,Electronic integrated circuits: n.e.c. in heading no. 8542,10479719.161,8898517.19618088,0.0,0.0,0.00015457184563047468,0.9985570058974541,-1581201.9648191202,-15.088209335833366,1,random_forest,False,non_hydrocarbon_diversification,276__854239
2025,2025,Germany,DEU,276,854239,Electronic integrated circuits: n.e.c. in heading no. 8542,10479719.161,8111234.453520759,0.0,0.0,0.00015457184563047468,0.9985570058974541,-2368484.7074792413,-22.60065056221635,2,random_forest,False,non_hydrocarbon_diversification,276__854239
2026,2026,Germany,DEU,276,854239,Electronic integrated circuits: n.e.c. in heading no. 8542,10479719.161,6918723.122648784,0.0,0.0,0.00015457184563047468,0.9985570058974541,-3560996.0383512164,-33.97988041133173,3,random_forest,False,non_hydrocarbon_diversification,276__854239
2024,2024,Germany,DEU,276,870322,Vehicles: spark-ignition internal combustion reciprocating p,9037594.929,10786320.523314398,0.0,0.0,6.24687399865046e-05,0.996632448545645,1748725.5943143982,19.34945754985163,1,random_forest,False,non_hydrocarbon_diversification,276__870322
2025,2025,Germany,DEU,276,870322,Vehicles: spark-ignition internal combustion reciprocating p,9037594.929,13185287.118360521,0.0,0.0,6.24687399865046e-05,0.996632448545645,4147692.1893605217,45.89376069568388,2,random_forest,False,non_hydrocarbon_diversification,276__870322
2026,2026,Germany,DEU,276,870322,Vehicles: spark-ignition internal combustion reciprocating p,9037594.929,15812357.821661832,0.0,0.0,6.24687399865046e-05,0.996632448545645,6774762.892661832,74.96201086555504,3,random_forest,False,non_hydrocarbon_diversification,276__870322
2024,2024,Germany,DEU,276,870323,Vehicles: spark-ignition internal combustion reciprocating p,12057211.352,13048786.48183803,0.0,0.0,0.0001679715272888296,0.9983645501622732,991575.1298380308,8.223917628130094,1,random_forest,False,non_hydrocarbon_diversification,276__870323
2025,2025,Germany,DEU,276,870323,Vehicles: spark-ignition internal combustion reciprocating p,12057211.352,14233547.596057013,0.0,0.0,0.0001679715272888296,0.9983645501622732,2176336.2440570127,18.050079579106086,2,random_forest,False,non_hydrocarbon_diversification,276__870323
2026,2026,Germany,DEU,276,870323,Vehicles: spark-ignition internal combustion reciprocating p,12057211.352,16260203.96324941,0.0,0.0,0.0001679715272888296,0.9983645501622732,4202992.61124941,34.85874543081833,3,random_forest,False,non_hydrocarbon_diversification,276__870323
2024,2024,Germany,DEU,276,870324,Vehicles: spark-ignition internal combustion reciprocating p,4825370.102,5138578.360979941,0.0,0.0,1.9715719827969783e-05,0.9950928026641979,313208.2589799408,6.490864998109129,1,random_forest,False,non_hydrocarbon_diversification,276__870324
2025,2025,Germany,DEU,276,870324,Vehicles: spark-ignition internal combustion reciprocating p,4825370.102,5804404.007250078,0.0,0.0,1.9715719827969783e-05,0.9950928026641979,979033.9052500781,20.289301847422898,2,random_forest,False,non_hydrocarbon_diversification,276__870324
2026,2026,Germany,DEU,276,870324,Vehicles: spark-ignition internal combustion reciprocating p,4825370.102,6247480.062291143,0.0,0.0,1.9715719827969783e-05,0.9950928026641979,1422109.9602911435,29.471520945133577,3,random_forest,False,non_hydrocarbon_diversification,276__870324
2024,2024,Germany,DEU,276,870332,Vehicles: compression-ignition internal combustion piston en,13091209.992,15082954.964092985,0.0,0.0,0.0006749819510078269,0.9916285994309415,1991744.9720929842,15.214368826946734,1,random_forest,False,non_hydrocarbon_diversification,276__870332
2025,2025,Germany,DEU,276,870332,Vehicles: compression-ignition internal combustion piston en,13091209.992,16545527.599818425,0.0,0.0,0.0006749819510078269,0.9916285994309415,3454317.6078184247,26.386541885198906,2,random_forest,False,non_hydrocarbon_diversification,276__870332
2026,2026,Germany,DEU,276,870332,Vehicles: compression-ignition internal combustion piston en,13091209.992,19647486.084971674,0.0,0.0,0.0006749819510078269,0.9916285994309415,6556276.092971673,50.081513450461756,3,random_forest,False,non_hydrocarbon_diversification,276__870332
2024,2024,Germany,DEU,276,870390,Vehicles: for transport of persons (other than those of head,29667571.359,36699293.584429964,0.0,0.0,,0.9987494616326351,7031722.225429963,23.70171167818497,1,random_forest,False,non_hydrocarbon_diversification,276__870390
2025,2025,Germany,DEU,276,870390,Vehicles: for transport of persons (other than those of head,29667571.359,46732867.04153116,0.0,0.0,,0.9987494616326351,17065295.68253116,57.52171445390054,2,random_forest,False,non_hydrocarbon_diversification,276__870390
2026,2026,Germany,DEU,276,870390,Vehicles: for transport of persons (other than those of head,29667571.359,52787864.88447248,0.0,0.0,,0.9987494616326351,23120293.52547248,77.93119715024692,3,random_forest,False,non_hydrocarbon_diversification,276__870390
2024,2024,Germany,DEU,276,870421,Vehicles: compression-ignition internal combustion piston en,5611782.486,6672479.979845255,0.0,0.0,5.4398730230638e-05,0.9933607010475697,1060697.493845255,18.90125813841558,1,random_forest,False,non_hydrocarbon_diversification,276__870421
2025,2025,Germany,DEU,276,870421,Vehicles: compression-ignition internal combustion piston en,5611782.486,8612316.062361913,0.0,0.0,5.4398730230638e-05,0.9933607010475697,3000533.5763619132,53.46845826343942,2,random_forest,False,non_hydrocarbon_diversification,276__870421
2026,2026,Germany,DEU,276,870421,Vehicles: compression-ignition internal combustion piston en,5611782.486,10776852.335027482,0.0,0.0,5.4398730230638e-05,0.9933607010475697,5165069.849027483,92.03973714079343,3,random_forest,False,non_hydrocarbon_diversification,276__870421
2024,2024,Germany,DEU,276,870829,"Vehicles: parts and accessories, of bodies, other than safet",11247181.501,11806779.641331857,0.0,0.0,0.002668926277810602,0.9939380682531124,559598.1403318569,4.975452208022983,1,random_forest,False,non_hydrocarbon_diversification,276__870829
2025,2025,Germany,DEU,276,870829,"Vehicles: parts and accessories, of bodies, other than safet",11247181.501,12628376.662829444,0.0,0.0,0.002668926277810602,0.9939380682531124,1381195.1618294436,12.280366967552181,2,random_forest,False,non_hydrocarbon_diversification,276__870829
2026,2026,Germany,DEU,276,870829,"Vehicles: parts and accessories, of bodies, other than safet",11247181.501,13408922.251667004,0.0,0.0,0.002668926277810602,0.9939380682531124,2161740.750667004,19.22028866053954,3,random_forest,False,non_hydrocarbon_diversification,276__870829
2024,2024,Germany,DEU,276,870840,Vehicle parts: gear boxes and parts thereof,6896127.285,7079095.988828312,0.301,4.364768623901639e-08,9.192471266073504e-06,0.9922059666364842,182968.70382831153,2.653209493773309,1,random_forest,False,non_hydrocarbon_diversification,276__870840
2025,2025,Germany,DEU,276,870840,Vehicle parts: gear boxes and parts thereof,6896127.285,7504738.521648829,0.301,4.364768623901639e-08,9.192471266073504e-06,0.9922059666364842,608611.2366488287,8.825406079331506,2,random_forest,False,non_hydrocarbon_diversification,276__870840
2026,2026,Germany,DEU,276,870840,Vehicle parts: gear boxes and parts thereof,6896127.285,7350957.716104446,0.301,4.364768623901639e-08,9.192471266073504e-06,0.9922059666364842,454830.43110444583,6.595447159070902,3,random_forest,False,non_hydrocarbon_diversification,276__870840
2024,2024,Germany,DEU,276,870899,Vehicle parts and accessories: n.e.c. in heading no. 8708,9698449.108000001,10146614.27036369,0.176,1.8147231381027932e-08,0.00021185249227684155,0.9954777141345597,448165.1623636894,4.6209982376874,1,random_forest,False,non_hydrocarbon_diversification,276__870899
2025,2025,Germany,DEU,276,870899,Vehicle parts and accessories: n.e.c. in heading no. 8708,9698449.108000001,10105342.92625593,0.176,1.8147231381027932e-08,0.00021185249227684155,0.9954777141345597,406893.8182559293,4.195452424659249,2,random_forest,False,non_hydrocarbon_diversification,276__870899
2026,2026,Germany,DEU,276,870899,Vehicle parts and accessories: n.e.c. in heading no. 8708,9698449.108000001,10611583.36630531,0.176,1.8147231381027932e-08,0.00021185249227684155,0.9954777141345597,913134.2583053093,9.415260606482828,3,random_forest,False,non_hydrocarbon_diversification,276__870899
2024,2024,Germany,DEU,276,880240,Aeroplanes and other aircraft: of an unladen weight exceedin,4369660.544,5524246.226910143,0.0,0.0,,0.9962475370752832,1154585.6829101434,26.42277749688154,1,random_forest,False,non_hydrocarbon_diversification,276__880240
2025,2025,Germany,DEU,276,880240,Aeroplanes and other aircraft: of an unladen weight exceedin,4369660.544,6570205.094513077,0.0,0.0,,0.9962475370752832,2200544.5505130775,50.359622408991356,2,random_forest,False,non_hydrocarbon_diversification,276__880240
2026,2026,Germany,DEU,276,880240,Aeroplanes and other aircraft: of an unladen weight exceedin,4369660.544,8331906.656209134,0.0,0.0,,0.9962475370752832,3962246.112209134,90.67629103706263,3,random_forest,False,non_hydrocarbon_diversification,276__880240
2024,2024,Germany,DEU,276,880330,Aircraft and spacecraft: parts of aeroplanes or helicopters ,10159052.115,10787590.336482363,0.0,0.0,0.009571838193574406,0.992590878106846,628538.2214823626,6.186977036512255,1,random_forest,False,non_hydrocarbon_diversification,276__880330
2025,2025,Germany,DEU,276,880330,Aircraft and spacecraft: parts of aeroplanes or helicopters ,10159052.115,12360484.583754366,0.0,0.0,0.009571838193574406,0.992590878106846,2201432.468754366,21.66966409694775,2,random_forest,False,non_hydrocarbon_diversification,276__880330
2026,2026,Germany,DEU,276,880330,Aircraft and spacecraft: parts of aeroplanes or helicopters ,10159052.115,15035878.627303068,0.0,0.0,0.009571838193574406,0.992590878106846,4876826.512303067,48.00473958689862,3,random_forest,False,non_hydrocarbon_diversification,276__880330
2024,2024,Germany,DEU,276,901890,"Medical, surgical or dental instruments and appliances: n.e.",4554831.934,4705326.32208156,1.886,4.1406577176245815e-07,0.0022967341751617453,0.9923984223716651,150494.3880815599,3.304060177460763,1,random_forest,False,non_hydrocarbon_diversification,276__901890
2025,2025,Germany,DEU,276,901890,"Medical, surgical or dental instruments and appliances: n.e.",4554831.934,4845726.76763285,1.886,4.1406577176245815e-07,0.0022967341751617453,0.9923984223716651,290894.8336328501,6.38651080540286,2,random_forest,False,non_hydrocarbon_diversification,276__901890
2026,2026,Germany,DEU,276,901890,"Medical, surgical or dental instruments and appliances: n.e.",4554831.934,5103333.792921222,1.886,4.1406577176245815e-07,0.0022967341751617453,0.9923984223716651,548501.8589212215,12.042197535915085,3,random_forest,False,non_hydrocarbon_diversification,276__901890
2024,2024,Germany,DEU,276,950300,"Tricycles, scooters, pedal cars and similar wheeled toys: do",3712641.679,3079278.6127468273,2.847,7.668394222107746e-07,0.0003212903647492182,0.9900889535494942,-633363.0662531727,-17.059633571311117,1,random_forest,False,non_hydrocarbon_diversification,276__950300
2025,2025,Germany,DEU,276,950300,"Tricycles, scooters, pedal cars and similar wheeled toys: do",3712641.679,2439838.368927388,2.847,7.668394222107746e-07,0.0003212903647492182,0.9900889535494942,-1272803.310072612,-34.282955914437764,2,random_forest,False,non_hydrocarbon_diversification,276__950300
2026,2026,Germany,DEU,276,950300,"Tricycles, scooters, pedal cars and similar wheeled toys: do",3712641.679,1858426.1667793696,2.847,7.668394222107746e-07,0.0003212903647492182,0.9900889535494942,-1854215.5122206304,-49.943293011785165,3,random_forest,False,non_hydrocarbon_diversification,276__950300
2024,2024,Argentina,ARG,32,120190,"Soya beans: other than seed, whether or not broken",5505321.657,4988781.291898184,0.0,0.0,1.4519592151066263e-05,0.9945154354586551,-516540.3651018152,-9.38256467621716,1,random_forest,False,non_hydrocarbon_diversification,32__120190
2025,2025,Argentina,ARG,32,120190,"Soya beans: other than seed, whether or not broken",5505321.657,4602665.249767024,0.0,0.0,1.4519592151066263e-05,0.9945154354586551,-902656.4072329756,-16.396070265671955,2,random_forest,False,non_hydrocarbon_diversification,32__120190
2026,2026,Argentina,ARG,32,120190,"Soya beans: other than seed, whether or not broken",5505321.657,4464504.834046247,0.0,0.0,1.4519592151066263e-05,0.9945154354586551,-1040816.8229537522,-18.905649620496867,3,random_forest,False,non_hydrocarbon_diversification,32__120190
2024,2024,"China, Hong Kong SAR",HKG,344,710239,"Diamonds: non-industrial, (other than unworked or simply saw",14537425.370000001,9865566.474326424,0.0,0.0,,0.9912436879605796,-4671858.895673577,-32.136769591365244,1,random_forest,False,non_hydrocarbon_diversification,344__710239
2025,2025,"China, Hong Kong SAR",HKG,344,710239,"Diamonds: non-industrial, (other than unworked or simply saw",14537425.370000001,7789925.966257506,0.0,0.0,,0.9912436879605796,-6747499.403742495,-46.414679573639624,2,random_forest,False,non_hydrocarbon_diversification,344__710239
2026,2026,"China, Hong Kong SAR",HKG,344,710239,"Diamonds: non-industrial, (other than unworked or simply saw",14537425.370000001,6374768.947777241,0.0,0.0,,0.9912436879605796,-8162656.4222227605,-56.14925761935492,3,random_forest,False,non_hydrocarbon_diversification,344__710239
2024,2024,"China, Hong Kong SAR",HKG,344,710812,"Metals: gold, non-monetary, unwrought (but not powder)",54356936.535000004,52054170.11899737,0.0,0.0,,0.9995192845733587,-2302766.416002631,-4.236380051550363,1,random_forest,False,non_hydrocarbon_diversification,344__710812
2025,2025,"China, Hong Kong SAR",HKG,344,710812,"Metals: gold, non-monetary, unwrought (but not powder)",54356936.535000004,55003812.21476513,0.0,0.0,,0.9995192845733587,646875.6797651276,1.1900517597208766,2,random_forest,False,non_hydrocarbon_diversification,344__710812
2026,2026,"China, Hong Kong SAR",HKG,344,710812,"Metals: gold, non-monetary, unwrought (but not powder)",54356936.535000004,59584860.18190645,0.0,0.0,,0.9995192845733587,5227923.646906443,9.617767262399388,3,random_forest,False,non_hydrocarbon_diversification,344__710812
2024,2024,"China, Hong Kong SAR",HKG,344,710813,"Metals: gold, semi-manufactured",4316792.933,4028309.9203382754,0.0,0.0,0.008472153746123399,0.9960550813401023,-288483.0126617248,-6.68280867623735,1,random_forest,False,non_hydrocarbon_diversification,344__710813
2025,2025,"China, Hong Kong SAR",HKG,344,710813,"Metals: gold, semi-manufactured",4316792.933,3660599.296240662,0.0,0.0,0.008472153746123399,0.9960550813401023,-656193.636759338,-15.200952349208682,2,random_forest,False,non_hydrocarbon_diversification,344__710813
2026,2026,"China, Hong Kong SAR",HKG,344,710813,"Metals: gold, semi-manufactured",4316792.933,4028745.0106079783,0.0,0.0,0.008472153746123399,0.9960550813401023,-288047.92239202186,-6.672729659790283,3,random_forest,False,non_hydrocarbon_diversification,344__710813
2024,2024,"China, Hong Kong SAR",HKG,344,711319,Jewellery: of precious metal (excluding silver) whether or n,19828154.378000002,22399277.722615432,16.888,8.517182022113868e-07,0.000664679229625341,0.9956701698697406,2571123.3446154296,12.9670331166484,1,random_forest,False,non_hydrocarbon_diversification,344__711319
2025,2025,"China, Hong Kong SAR",HKG,344,711319,Jewellery: of precious metal (excluding silver) whether or n,19828154.378000002,25826514.60421463,16.888,8.517182022113868e-07,0.000664679229625341,0.9956701698697406,5998360.226214629,30.251732520652595,2,random_forest,False,non_hydrocarbon_diversification,344__711319
2026,2026,"China, Hong Kong SAR",HKG,344,711319,Jewellery: of precious metal (excluding silver) whether or n,19828154.378000002,28023086.879553504,16.888,8.517182022113868e-07,0.000664679229625341,0.9956701698697406,8194932.501553502,41.32977959182148,3,random_forest,False,non_hydrocarbon_diversification,344__711319
2024,2024,"China, Hong Kong SAR",HKG,344,841112,Turbo-jets: of a thrust exceeding 25kN,10335302.734000001,10935948.149131818,0.0,0.0,0.035205620912727636,0.9941305239882933,600645.4151318166,5.81158995136036,1,random_forest,False,non_hydrocarbon_diversification,344__841112
2025,2025,"China, Hong Kong SAR",HKG,344,841112,Turbo-jets: of a thrust exceeding 25kN,10335302.734000001,12967064.642293373,0.0,0.0,0.035205620912727636,0.9941305239882933,2631761.908293372,25.46381055327655,2,random_forest,False,non_hydrocarbon_diversification,344__841112
2026,2026,"China, Hong Kong SAR",HKG,344,841112,Turbo-jets: of a thrust exceeding 25kN,10335302.734000001,15001241.925040657,0.0,0.0,0.035205620912727636,0.9941305239882933,4665939.191040656,45.145646055351,3,random_forest,False,non_hydrocarbon_diversification,344__841112
2024,2024,"China, Hong Kong SAR",HKG,344,841191,Turbines: parts of turbo-jets and turbo-propellers,6764314.314,6354443.817489847,0.0,0.0,0.04576604889443531,0.9927833338420269,-409870.49651015364,-6.059305902770526,1,random_forest,False,non_hydrocarbon_diversification,344__841191
2025,2025,"China, Hong Kong SAR",HKG,344,841191,Turbines: parts of turbo-jets and turbo-propellers,6764314.314,6895927.691821645,0.0,0.0,0.04576604889443531,0.9927833338420269,131613.37782164477,1.9457016884807752,2,random_forest,False,non_hydrocarbon_diversification,344__841191
2026,2026,"China, Hong Kong SAR",HKG,344,841191,Turbines: parts of turbo-jets and turbo-propellers,6764314.314,7631741.029136721,0.0,0.0,0.04576604889443531,0.9927833338420269,867426.7151367208,12.823571981884708,3,random_forest,False,non_hydrocarbon_diversification,344__841191
2024,2024,"China, Hong Kong SAR",HKG,344,844399,"Printing machinery: parts and accessories, n.e.c. in item no",2007906.5920000002,1758825.1976015207,0.0,0.0,0.0015052307619635799,0.9860473831106951,-249081.3943984795,-12.405028968522828,1,random_forest,False,non_hydrocarbon_diversification,344__844399
2025,2025,"China, Hong Kong SAR",HKG,344,844399,"Printing machinery: parts and accessories, n.e.c. in item no",2007906.5920000002,1416269.1258570584,0.0,0.0,0.0015052307619635799,0.9860473831106951,-591637.4661429417,-29.46538790699591,2,random_forest,False,non_hydrocarbon_diversification,344__844399
2026,2026,"China, Hong Kong SAR",HKG,344,844399,"Printing machinery: parts and accessories, n.e.c. in item no",2007906.5920000002,1269449.1422057727,0.0,0.0,0.0015052307619635799,0.9860473831106951,-738457.4497942275,-36.777480224250766,3,random_forest,False,non_hydrocarbon_diversification,344__844399
2024,2024,"China, Hong Kong SAR",HKG,344,847130,"Automatic data processing machines: portable, weighing not m",5825156.930999999,4381524.671490046,0.0,0.0,4.579819987309988e-05,0.9974022714863687,-1443632.2595099527,-24.782718759512044,1,random_forest,False,non_hydrocarbon_diversification,344__847130
2025,2025,"China, Hong Kong SAR",HKG,344,847130,"Automatic data processing machines: portable, weighing not m",5825156.930999999,3625916.17037172,0.0,0.0,4.579819987309988e-05,0.9974022714863687,-2199240.760628279,-37.754189057542476,2,random_forest,False,non_hydrocarbon_diversification,344__847130
2026,2026,"China, Hong Kong SAR",HKG,344,847130,"Automatic data processing machines: portable, weighing not m",5825156.930999999,2865886.443134603,0.0,0.0,4.579819987309988e-05,0.9974022714863687,-2959270.487865396,-50.801558188362506,3,random_forest,False,non_hydrocarbon_diversification,344__847130
2024,2024,"China, Hong Kong SAR",HKG,344,847150,Units of automatic data processing machines: processing unit,3201283.684,3349142.3250669315,0.0,0.0,0.00030882524913522914,0.9943229797234742,147858.64106693165,4.618729724139364,1,random_forest,False,non_hydrocarbon_diversification,344__847150
2025,2025,"China, Hong Kong SAR",HKG,344,847150,Units of automatic data processing machines: processing unit,3201283.684,3382240.696791763,0.0,0.0,0.00030882524913522914,0.9943229797234742,180957.01279176306,5.652639086507245,2,random_forest,False,non_hydrocarbon_diversification,344__847150
2026,2026,"China, Hong Kong SAR",HKG,344,847150,Units of automatic data processing machines: processing unit,3201283.684,3418796.434935153,0.0,0.0,0.00030882524913522914,0.9943229797234742,217512.7509351531,6.794547825370202,3,random_forest,False,non_hydrocarbon_diversification,344__847150
2024,2024,"China, Hong Kong SAR",HKG,344,847170,Units of automatic data processing machines: storage units,5498926.444,4117590.0857956475,0.0,0.0,0.0002894165660946154,0.9895115863439514,-1381336.3582043527,-25.120109757270153,1,random_forest,False,non_hydrocarbon_diversification,344__847170
2025,2025,"China, Hong Kong SAR",HKG,344,847170,Units of automatic data processing machines: storage units,5498926.444,3470500.0630989466,0.0,0.0,0.0002894165660946154,0.9895115863439514,-2028426.3809010535,-36.88767983274835,2,random_forest,False,non_hydrocarbon_diversification,344__847170
2026,2026,"China, Hong Kong SAR",HKG,344,847170,Units of automatic data processing machines: storage units,5498926.444,3105504.6594726685,0.0,0.0,0.0002894165660946154,0.9895115863439514,-2393421.7845273316,-43.52525550035038,3,random_forest,False,non_hydrocarbon_diversification,344__847170
2024,2024,"China, Hong Kong SAR",HKG,344,847330,Machinery: parts and accessories of the machines of heading ,15365095.025,10531605.934440969,0.0,0.0,0.0011502606559259617,0.9958626256049214,-4833489.090559032,-31.45759321823024,1,random_forest,False,non_hydrocarbon_diversification,344__847330
2025,2025,"China, Hong Kong SAR",HKG,344,847330,Machinery: parts and accessories of the machines of heading ,15365095.025,8690128.268219223,0.0,0.0,0.0011502606559259617,0.9958626256049214,-6674966.756780777,-43.44240465757078,2,random_forest,False,non_hydrocarbon_diversification,344__847330
2026,2026,"China, Hong Kong SAR",HKG,344,847330,Machinery: parts and accessories of the machines of heading ,15365095.025,7726518.724094452,0.0,0.0,0.0011502606559259617,0.9958626256049214,-7638576.300905548,-49.71382401786056,3,random_forest,False,non_hydrocarbon_diversification,344__847330
2024,2024,"China, Hong Kong SAR",HKG,344,850440,Electrical static converters,3394363.788,3939154.323391025,0.0,0.0,0.0010363946534344636,0.9952852583993788,544790.5353910248,16.049857039985156,1,random_forest,False,non_hydrocarbon_diversification,344__850440
2025,2025,"China, Hong Kong SAR",HKG,344,850440,Electrical static converters,3394363.788,4290887.97817154,0.0,0.0,0.0010363946534344636,0.9952852583993788,896524.1901715402,26.412142191152206,2,random_forest,False,non_hydrocarbon_diversification,344__850440
2026,2026,"China, Hong Kong SAR",HKG,344,850440,Electrical static converters,3394363.788,4848369.106170019,0.0,0.0,0.0010363946534344636,0.9952852583993788,1454005.318170019,42.835871726840935,3,random_forest,False,non_hydrocarbon_diversification,344__850440
2024,2024,"China, Hong Kong SAR",HKG,344,851712,Telephones for cellular networks or for other wireless netwo,46422080.378000006,48658976.93592861,0.0,0.0,0.0006325295349067288,0.9993268288381778,2236896.557928607,4.818604723688126,1,random_forest,False,non_hydrocarbon_diversification,344__851712
2025,2025,"China, Hong Kong SAR",HKG,344,851712,Telephones for cellular networks or for other wireless netwo,46422080.378000006,51615803.54452841,0.0,0.0,0.0006325295349067288,0.9993268288381778,5193723.166528404,11.188044836072821,2,random_forest,False,non_hydrocarbon_diversification,344__851712
2026,2026,"China, Hong Kong SAR",HKG,344,851712,Telephones for cellular networks or for other wireless netwo,46422080.378000006,57399085.987181984,0.0,0.0,0.0006325295349067288,0.9993268288381778,10977005.609181978,23.646087206346134,3,random_forest,False,non_hydrocarbon_diversification,344__851712
2024,2024,"China, Hong Kong SAR",HKG,344,851762,Communication apparatus (excluding telephone sets or base st,13741188.51,13340588.527176159,0.0,0.0,0.0011653840293270972,0.9975947272215496,-400599.9828238413,-2.915322663191099,1,random_forest,False,non_hydrocarbon_diversification,344__851762
2025,2025,"China, Hong Kong SAR",HKG,344,851762,Communication apparatus (excluding telephone sets or base st,13741188.51,14260009.292729778,0.0,0.0,0.0011653840293270972,0.9975947272215496,518820.78272977844,3.775661634742965,2,random_forest,False,non_hydrocarbon_diversification,344__851762
2026,2026,"China, Hong Kong SAR",HKG,344,851762,Communication apparatus (excluding telephone sets or base st,13741188.51,14663392.124709295,0.0,0.0,0.0011653840293270972,0.9975947272215496,922203.6147092953,6.7112361790115305,3,random_forest,False,non_hydrocarbon_diversification,344__851762
2024,2024,"China, Hong Kong SAR",HKG,344,851770,Telephone sets and other apparatus for the transmission or r,8888244.149,7630796.908411362,0.0,0.0,0.00044352889636002565,0.9914361436957605,-1257447.240588638,-14.147307606644796,1,random_forest,False,non_hydrocarbon_diversification,344__851770
2025,2025,"China, Hong Kong SAR",HKG,344,851770,Telephone sets and other apparatus for the transmission or r,8888244.149,6176609.892963967,0.0,0.0,0.00044352889636002565,0.9914361436957605,-2711634.256036033,-30.50809823154007,2,random_forest,False,non_hydrocarbon_diversification,344__851770
2026,2026,"China, Hong Kong SAR",HKG,344,851770,Telephone sets and other apparatus for the transmission or r,8888244.149,4775877.718952886,0.0,0.0,0.00044352889636002565,0.9914361436957605,-4112366.4300471144,-46.26747826801977,3,random_forest,False,non_hydrocarbon_diversification,344__851770
2024,2024,"China, Hong Kong SAR",HKG,344,852990,Reception and transmission apparatus: for use with the appar,5390088.204,4252240.026207053,0.0,0.0,0.006108660443749396,0.9873945732569614,-1137848.1777929468,-21.11001035100959,1,random_forest,False,non_hydrocarbon_diversification,344__852990
2025,2025,"China, Hong Kong SAR",HKG,344,852990,Reception and transmission apparatus: for use with the appar,5390088.204,3876871.267510738,0.0,0.0,0.006108660443749396,0.9873945732569614,-1513216.9364892617,-28.074066308716418,2,random_forest,False,non_hydrocarbon_diversification,344__852990
2026,2026,"China, Hong Kong SAR",HKG,344,852990,Reception and transmission apparatus: for use with the appar,5390088.204,3357667.612435432,0.0,0.0,0.006108660443749396,0.9873945732569614,-2032420.5915645678,-37.7066295511881,3,random_forest,False,non_hydrocarbon_diversification,344__852990
2024,2024,"China, Hong Kong SAR",HKG,344,853400,Circuits: printed,7381013.494,7036948.000224263,0.0,0.0,1.1002339092700973e-05,0.988356851932866,-344065.49377573654,-4.6614938999288675,1,random_forest,False,non_hydrocarbon_diversification,344__853400
2025,2025,"China, Hong Kong SAR",HKG,344,853400,Circuits: printed,7381013.494,6792495.229932982,0.0,0.0,1.1002339092700973e-05,0.988356851932866,-588518.2640670184,-7.973407236627095,2,random_forest,False,non_hydrocarbon_diversification,344__853400
2026,2026,"China, Hong Kong SAR",HKG,344,853400,Circuits: printed,7381013.494,6557857.057943854,0.0,0.0,1.1002339092700973e-05,0.988356851932866,-823156.4360561464,-11.152349697304949,3,random_forest,False,non_hydrocarbon_diversification,344__853400
2024,2024,"China, Hong Kong SAR",HKG,344,854140,"Electrical apparatus: photosensitive, including photovoltaic",3398220.6950000003,4084390.311699513,0.0,0.0,2.6114010762027728e-05,0.994707891193836,686169.6166995126,20.192026306858583,1,random_forest,False,non_hydrocarbon_diversification,344__854140
2025,2025,"China, Hong Kong SAR",HKG,344,854140,"Electrical apparatus: photosensitive, including photovoltaic",3398220.6950000003,4300184.034412725,0.0,0.0,2.6114010762027728e-05,0.994707891193836,901963.3394127246,26.54222372136794,2,random_forest,False,non_hydrocarbon_diversification,344__854140
2026,2026,"China, Hong Kong SAR",HKG,344,854140,"Electrical apparatus: photosensitive, including photovoltaic",3398220.6950000003,4679591.601811421,0.0,0.0,2.6114010762027728e-05,0.994707891193836,1281370.9068114208,37.70711268684745,3,random_forest,False,non_hydrocarbon_diversification,344__854140
2024,2024,"China, Hong Kong SAR",HKG,344,854231,"Electronic integrated circuits: processors and controllers, ",62526996.69100001,56394393.784818985,0.0,0.0,0.0014564602011438417,0.998941917367816,-6132602.9061810225,-9.807928144202286,1,random_forest,False,non_hydrocarbon_diversification,344__854231
2025,2025,"China, Hong Kong SAR",HKG,344,854231,"Electronic integrated circuits: processors and controllers, ",62526996.69100001,53306946.02186599,0.0,0.0,0.0014564602011438417,0.998941917367816,-9220050.66913402,-14.745711703855328,2,random_forest,False,non_hydrocarbon_diversification,344__854231
2026,2026,"China, Hong Kong SAR",HKG,344,854231,"Electronic integrated circuits: processors and controllers, ",62526996.69100001,50602958.2816091,0.0,0.0,0.0014564602011438417,0.998941917367816,-11924038.409390904,-19.070224127856157,3,random_forest,False,non_hydrocarbon_diversification,344__854231
2024,2024,"China, Hong Kong SAR",HKG,344,854232,Electronic integrated circuits: memories,33214031.291000005,30061159.227883875,0.0,0.0,,0.9972098157511878,-3152872.0631161295,-9.49259075326536,1,random_forest,False,non_hydrocarbon_diversification,344__854232
2025,2025,"China, Hong Kong SAR",HKG,344,854232,Electronic integrated circuits: memories,33214031.291000005,29669453.634512093,0.0,0.0,,0.9972098157511878,-3544577.656487912,-10.671928455274218,2,random_forest,False,non_hydrocarbon_diversification,344__854232
2026,2026,"China, Hong Kong SAR",HKG,344,854232,Electronic integrated circuits: memories,33214031.291000005,28269160.15817571,0.0,0.0,,0.9972098157511878,-4944871.132824294,-14.88789809794695,3,random_forest,False,non_hydrocarbon_diversification,344__854232
2024,2024,"China, Hong Kong SAR",HKG,344,854239,Electronic integrated circuits: n.e.c. in heading no. 8542,73976459.685,61800205.942546114,0.0,0.0,0.00015457184563047468,0.9985570058974541,-12176253.742453888,-16.45963296202837,1,random_forest,False,non_hydrocarbon_diversification,344__854239
2025,2025,"China, Hong Kong SAR",HKG,344,854239,Electronic integrated circuits: n.e.c. in heading no. 8542,73976459.685,56980947.932590164,0.0,0.0,0.00015457184563047468,0.9985570058974541,-16995511.75240984,-22.974216155759034,2,random_forest,False,non_hydrocarbon_diversification,344__854239
2026,2026,"China, Hong Kong SAR",HKG,344,854239,Electronic integrated circuits: n.e.c. in heading no. 8542,73976459.685,52818537.898246005,0.0,0.0,0.00015457184563047468,0.9985570058974541,-21157921.786753997,-28.600884493319604,3,random_forest,False,non_hydrocarbon_diversification,344__854239
2024,2024,"China, Hong Kong SAR",HKG,344,901380,"Optical devices, appliances and instruments: n.e.c. in headi",95363.617,224746.14139214891,0.0,0.0,,0.8755777911168537,129382.52439214892,135.67283672991232,1,random_forest,False,non_hydrocarbon_diversification,344__901380
2025,2025,"China, Hong Kong SAR",HKG,344,901380,"Optical devices, appliances and instruments: n.e.c. in headi",95363.617,163206.47851293444,0.0,0.0,,0.8755777911168537,67842.86151293444,71.14124196121298,2,random_forest,False,non_hydrocarbon_diversification,344__901380
2026,2026,"China, Hong Kong SAR",HKG,344,901380,"Optical devices, appliances and instruments: n.e.c. in headi",95363.617,271348.4011549844,0.0,0.0,,0.8755777911168537,175984.78415498443,184.5408025525966,3,random_forest,False,non_hydrocarbon_diversification,344__901380
2024,2024,"China, Hong Kong SAR",HKG,344,950300,"Tricycles, scooters, pedal cars and similar wheeled toys: do",715545.065,763725.6512034499,0.0,0.0,0.0003212903647492182,0.9900889535494942,48180.58620344999,6.733410453113809,1,random_forest,False,non_hydrocarbon_diversification,344__950300
2025,2025,"China, Hong Kong SAR",HKG,344,950300,"Tricycles, scooters, pedal cars and similar wheeled toys: do",715545.065,783463.0265021276,0.0,0.0,0.0003212903647492182,0.9900889535494942,67917.9615021277,9.491779738866303,2,random_forest,False,non_hydrocarbon_diversification,344__950300
2026,2026,"China, Hong Kong SAR",HKG,344,950300,"Tricycles, scooters, pedal cars and similar wheeled toys: do",715545.065,786063.2052058422,0.0,0.0,0.0003212903647492182,0.9900889535494942,70518.14020584221,9.855164077728942,3,random_forest,False,non_hydrocarbon_diversification,344__950300
2024,2024,Indonesia,IDN,360,100199,"Cereals: wheat and meslin, other than durum wheat, other tha",3529014.352,3187082.8784296685,0.0,0.0,9.185849923801444e-05,0.9889342191384087,-341931.47357033147,-9.68914941863437,1,random_forest,False,non_hydrocarbon_diversification,360__100199
2025,2025,Indonesia,IDN,360,100199,"Cereals: wheat and meslin, other than durum wheat, other tha",3529014.352,3110415.3386058295,0.0,0.0,9.185849923801444e-05,0.9889342191384087,-418599.01339417044,-11.861641003441587,2,random_forest,False,non_hydrocarbon_diversification,360__100199
2026,2026,Indonesia,IDN,360,100199,"Cereals: wheat and meslin, other than durum wheat, other tha",3529014.352,2316841.607737746,0.0,0.0,9.185849923801444e-05,0.9889342191384087,-1212172.7442622539,-34.34876210053605,3,random_forest,False,non_hydrocarbon_diversification,360__100199
2024,2024,Indonesia,IDN,360,851770,Telephone sets and other apparatus for the transmission or r,2429193.3619999997,1956022.569007792,0.0,0.0,0.00044352889636002565,0.9914361436957605,-473170.7929922077,-19.47851498337034,1,random_forest,False,non_hydrocarbon_diversification,360__851770
2025,2025,Indonesia,IDN,360,851770,Telephone sets and other apparatus for the transmission or r,2429193.3619999997,1470092.7426147712,0.0,0.0,0.00044352889636002565,0.9914361436957605,-959100.6193852285,-39.482267422120046,2,random_forest,False,non_hydrocarbon_diversification,360__851770
2026,2026,Indonesia,IDN,360,851770,Telephone sets and other apparatus for the transmission or r,2429193.3619999997,1253153.8654197294,0.0,0.0,0.00044352889636002565,0.9914361436957605,-1176039.4965802704,-48.41275770702812,3,random_forest,False,non_hydrocarbon_diversification,360__851770
2024,2024,Iran,IRN,364,120190,"Soya beans: other than seed, whether or not broken",1240857.775,1190764.6549255014,0.0,0.0,1.4519592151066263e-05,0.9945154354586551,-50093.12007449847,-4.036975154102449,1,random_forest,False,non_hydrocarbon_diversification,364__120190
2025,2025,Iran,IRN,364,120190,"Soya beans: other than seed, whether or not broken",1240857.775,1264480.8471095539,0.0,0.0,1.4519592151066263e-05,0.9945154354586551,23623.072109553963,1.9037695202058078,2,random_forest,False,non_hydrocarbon_diversification,364__120190
2026,2026,Iran,IRN,364,120190,"Soya beans: other than seed, whether or not broken",1240857.775,1237056.8564040668,0.0,0.0,1.4519592151066263e-05,0.9945154354586551,-3800.9185959331226,-0.3063137994145318,3,random_forest,False,non_hydrocarbon_diversification,364__120190
2024,2024,Iraq,IRQ,368,711319,Jewellery: of precious metal (excluding silver) whether or n,2656636.965,3120620.00818461,0.0,0.0,0.000664679229625341,0.9956701698697406,463983.0431846101,17.465052594591526,1,random_forest,False,non_hydrocarbon_diversification,368__711319
2025,2025,Iraq,IRQ,368,711319,Jewellery: of precious metal (excluding silver) whether or n,2656636.965,3327801.8124614614,0.0,0.0,0.000664679229625341,0.9956701698697406,671164.8474614616,25.26370205277414,2,random_forest,False,non_hydrocarbon_diversification,368__711319
2026,2026,Iraq,IRQ,368,711319,Jewellery: of precious metal (excluding silver) whether or n,2656636.965,3669059.5244611893,0.0,0.0,0.000664679229625341,0.9956701698697406,1012422.5594611894,38.10917986911281,3,random_forest,False,non_hydrocarbon_diversification,368__711319
2024,2024,Australia,AUS,36,210690,Food preparations: n.e.c. in item no. 2106.10,1515405.12,1615272.265173142,0.0,0.0,0.005065075257191559,0.990473865019856,99867.14517314197,6.590128530985956,1,random_forest,False,non_hydrocarbon_diversification,36__210690
2025,2025,Australia,AUS,36,210690,Food preparations: n.e.c. in item no. 2106.10,1515405.12,1680043.56585889,0.0,0.0,0.005065075257191559,0.990473865019856,164638.44585888996,10.86431896566972,2,random_forest,False,non_hydrocarbon_diversification,36__210690
2026,2026,Australia,AUS,36,210690,Food preparations: n.e.c. in item no. 2106.10,1515405.12,1709665.6634151633,0.0,0.0,0.005065075257191559,0.990473865019856,194260.54341516318,12.819050223029679,3,random_forest,False,non_hydrocarbon_diversification,36__210690
2024,2024,Australia,AUS,36,852872,"Reception apparatus for television, whether or not incorpora",856950.517,421549.0646021547,0.0,0.0,0.00451394308869337,0.986432294581057,-435401.4523978453,-50.80823732064395,1,random_forest,False,non_hydrocarbon_diversification,36__852872
2025,2025,Australia,AUS,36,852872,"Reception apparatus for television, whether or not incorpora",856950.517,479588.63225149055,0.0,0.0,0.00451394308869337,0.986432294581057,-377361.88474850944,-44.03543463274548,2,random_forest,False,non_hydrocarbon_diversification,36__852872
2026,2026,Australia,AUS,36,852872,"Reception apparatus for television, whether or not incorpora",856950.517,559505.7949222506,0.0,0.0,0.00451394308869337,0.986432294581057,-297444.72207774944,-34.709672983107545,3,random_forest,False,non_hydrocarbon_diversification,36__852872
2024,2024,Australia,AUS,36,870323,Vehicles: spark-ignition internal combustion reciprocating p,8740539.443,9445539.331635669,0.0,0.0,0.0001679715272888296,0.9983645501622732,704999.8886356689,8.065862447429138,1,random_forest,False,non_hydrocarbon_diversification,36__870323
2025,2025,Australia,AUS,36,870323,Vehicles: spark-ignition internal combustion reciprocating p,8740539.443,10104998.295065215,0.0,0.0,0.0001679715272888296,0.9983645501622732,1364458.852065215,15.610693836041934,2,random_forest,False,non_hydrocarbon_diversification,36__870323
2026,2026,Australia,AUS,36,870323,Vehicles: spark-ignition internal combustion reciprocating p,8740539.443,10900918.266063645,0.0,0.0,0.0001679715272888296,0.9983645501622732,2160378.8230636455,24.71676762232129,3,random_forest,False,non_hydrocarbon_diversification,36__870323
2024,2024,Australia,AUS,36,870324,Vehicles: spark-ignition internal combustion reciprocating p,1816797.4819999998,1929934.3022422784,0.0,0.0,1.9715719827969783e-05,0.9950928026641979,113136.82024227851,6.227266459976221,1,random_forest,False,non_hydrocarbon_diversification,36__870324
2025,2025,Australia,AUS,36,870324,Vehicles: spark-ignition internal combustion reciprocating p,1816797.4819999998,1984942.162433413,0.0,0.0,1.9715719827969783e-05,0.9950928026641979,168144.68043341325,9.255004044166396,2,random_forest,False,non_hydrocarbon_diversification,36__870324
2026,2026,Australia,AUS,36,870324,Vehicles: spark-ignition internal combustion reciprocating p,1816797.4819999998,2617152.7249010964,0.0,0.0,1.9715719827969783e-05,0.9950928026641979,800355.2429010966,44.05307970924944,3,random_forest,False,non_hydrocarbon_diversification,36__870324
2024,2024,Australia,AUS,36,870421,Vehicles: compression-ignition internal combustion piston en,7415503.362000001,9165648.59017399,0.0,0.0,5.4398730230638e-05,0.9933607010475697,1750145.2281739889,23.601165595075198,1,random_forest,False,non_hydrocarbon_diversification,36__870421
2025,2025,Australia,AUS,36,870421,Vehicles: compression-ignition internal combustion piston en,7415503.362000001,11162294.126794478,0.0,0.0,5.4398730230638e-05,0.9933607010475697,3746790.7647944773,50.52645224320885,2,random_forest,False,non_hydrocarbon_diversification,36__870421
2026,2026,Australia,AUS,36,870421,Vehicles: compression-ignition internal combustion piston en,7415503.362000001,14164668.82975023,0.0,0.0,5.4398730230638e-05,0.9933607010475697,6749165.46775023,91.01425942756156,3,random_forest,False,non_hydrocarbon_diversification,36__870421
2024,2024,Ireland,IRL,372,848620,Machines and apparatus of a kind used solely or principally ,2018281.925,1787040.893045644,0.0,0.0,,0.9920135109013033,-231241.031954356,-11.45732065922138,1,random_forest,False,non_hydrocarbon_diversification,372__848620
2025,2025,Ireland,IRL,372,848620,Machines and apparatus of a kind used solely or principally ,2018281.925,1819210.9017964257,0.0,0.0,,0.9920135109013033,-199071.02320357435,-9.863390279510845,2,random_forest,False,non_hydrocarbon_diversification,372__848620
2026,2026,Ireland,IRL,372,848620,Machines and apparatus of a kind used solely or principally ,2018281.925,1823532.0810086704,0.0,0.0,,0.9920135109013033,-194749.84399132966,-9.649288416004104,3,random_forest,False,non_hydrocarbon_diversification,372__848620
2024,2024,Ireland,IRL,372,880240,Aeroplanes and other aircraft: of an unladen weight exceedin,20895049.652999997,23982220.292892914,0.0,0.0,,0.9962475370752832,3087170.639892917,14.774650891770808,1,random_forest,False,non_hydrocarbon_diversification,372__880240
2025,2025,Ireland,IRL,372,880240,Aeroplanes and other aircraft: of an unladen weight exceedin,20895049.652999997,27942440.270273566,0.0,0.0,,0.9962475370752832,7047390.617273569,33.727560997978976,2,random_forest,False,non_hydrocarbon_diversification,372__880240
2026,2026,Ireland,IRL,372,880240,Aeroplanes and other aircraft: of an unladen weight exceedin,20895049.652999997,31748687.227693804,0.0,0.0,,0.9962475370752832,10853637.574693806,51.943583551788784,3,random_forest,False,non_hydrocarbon_diversification,372__880240
2024,2024,Israel,ISR,376,710239,"Diamonds: non-industrial, (other than unworked or simply saw",3316857.809,3038403.1638700403,0.0,0.0,,0.9912436879605796,-278454.64512995956,-8.395133622381929,1,random_forest,False,non_hydrocarbon_diversification,376__710239
2025,2025,Israel,ISR,376,710239,"Diamonds: non-industrial, (other than unworked or simply saw",3316857.809,2185715.131870001,0.0,0.0,,0.9912436879605796,-1131142.6771299988,-34.102838959835516,2,random_forest,False,non_hydrocarbon_diversification,376__710239
2026,2026,Israel,ISR,376,710239,"Diamonds: non-industrial, (other than unworked or simply saw",3316857.809,1715543.9024416676,0.0,0.0,,0.9912436879605796,-1601313.9065583323,-48.27803899863626,3,random_forest,False,non_hydrocarbon_diversification,376__710239
2024,2024,Israel,ISR,376,848620,Machines and apparatus of a kind used solely or principally ,78493.20999999999,274703.0561297,0.0,0.0,,0.9920135109013033,196209.8461297,249.97047022245619,1,random_forest,False,non_hydrocarbon_diversification,376__848620
2025,2025,Israel,ISR,376,848620,Machines and apparatus of a kind used solely or principally ,78493.20999999999,212069.79284658228,0.0,0.0,,0.9920135109013033,133576.58284658229,170.17597171345435,2,random_forest,False,non_hydrocarbon_diversification,376__848620
2026,2026,Israel,ISR,376,848620,Machines and apparatus of a kind used solely or principally ,78493.20999999999,328849.6829948118,0.0,0.0,,0.9920135109013033,250356.4729948118,318.95303172696316,3,random_forest,False,non_hydrocarbon_diversification,376__848620
2024,2024,Italy,ITA,380,300210,"Blood, human or animal, antisera, other blood fractions and ",8329670.42,8639811.15230623,0.0,0.0,6.864140758500904e-07,0.9981720944270923,310140.7323062308,3.723325373853517,1,random_forest,False,non_hydrocarbon_diversification,380__300210
2025,2025,Italy,ITA,380,300210,"Blood, human or animal, antisera, other blood fractions and ",8329670.42,9433497.755367238,0.0,0.0,6.864140758500904e-07,0.9981720944270923,1103827.3353672381,13.251752827061292,2,random_forest,False,non_hydrocarbon_diversification,380__300210
2026,2026,Italy,ITA,380,300210,"Blood, human or animal, antisera, other blood fractions and ",8329670.42,10240687.58571706,0.0,0.0,6.864140758500904e-07,0.9981720944270923,1911017.1657170597,22.94229026311295,3,random_forest,False,non_hydrocarbon_diversification,380__300210
2024,2024,Italy,ITA,380,300490,Medicaments: consisting of mixed or unmixed products n.e.c. ,17275418.902,16394559.356406143,0.0,0.0,0.0038597822723884733,0.9991343731029969,-880859.5455938559,-5.098918588259979,1,random_forest,False,non_hydrocarbon_diversification,380__300490
2025,2025,Italy,ITA,380,300490,Medicaments: consisting of mixed or unmixed products n.e.c. ,17275418.902,16270581.948331933,0.0,0.0,0.0038597822723884733,0.9991343731029969,-1004836.9536680654,-5.816570697175592,2,random_forest,False,non_hydrocarbon_diversification,380__300490
2026,2026,Italy,ITA,380,300490,Medicaments: consisting of mixed or unmixed products n.e.c. ,17275418.902,15958920.024058755,0.0,0.0,0.0038597822723884733,0.9991343731029969,-1316498.8779412434,-7.620648074639918,3,random_forest,False,non_hydrocarbon_diversification,380__300490
2024,2024,Italy,ITA,380,401110,"Rubber: new pneumatic tyres, of a kind used on motor cars (i",1930825.055,1931797.7359904682,644.424,0.0003337557684634458,0.08491395706720468,0.9881643961976851,972.680990468245,0.05037644337323171,1,random_forest,False,non_hydrocarbon_diversification,380__401110
2025,2025,Italy,ITA,380,401110,"Rubber: new pneumatic tyres, of a kind used on motor cars (i",1930825.055,1918684.016084941,644.424,0.0003337557684634458,0.08491395706720468,0.9881643961976851,-12141.03891505883,-0.6288005681104459,2,random_forest,False,non_hydrocarbon_diversification,380__401110
2026,2026,Italy,ITA,380,401110,"Rubber: new pneumatic tyres, of a kind used on motor cars (i",1930825.055,1909312.275494229,644.424,0.0003337557684634458,0.08491395706720468,0.9881643961976851,-21512.779505770886,-1.1141754893879232,3,random_forest,False,non_hydrocarbon_diversification,380__401110
2024,2024,Italy,ITA,380,740311,"Copper: refined, unwrought, cathodes and sections of cathode",4962414.894,4518069.441088535,0.0,0.0,,0.9937456125179315,-444345.4529114654,-8.954218105558214,1,random_forest,False,non_hydrocarbon_diversification,380__740311
2025,2025,Italy,ITA,380,740311,"Copper: refined, unwrought, cathodes and sections of cathode",4962414.894,4043691.0674477536,0.0,0.0,,0.9937456125179315,-918723.8265522467,-18.513643985372227,2,random_forest,False,non_hydrocarbon_diversification,380__740311
2026,2026,Italy,ITA,380,740311,"Copper: refined, unwrought, cathodes and sections of cathode",4962414.894,3919490.078358896,0.0,0.0,,0.9937456125179315,-1042924.8156411042,-21.016477620645805,3,random_forest,False,non_hydrocarbon_diversification,380__740311
2024,2024,Italy,ITA,380,852872,"Reception apparatus for television, whether or not incorpora",952959.2420000001,437802.88105705805,0.0,0.0,0.00451394308869337,0.986432294581057,-515156.36094294203,-54.05859329951721,1,random_forest,False,non_hydrocarbon_diversification,380__852872
2025,2025,Italy,ITA,380,852872,"Reception apparatus for television, whether or not incorpora",952959.2420000001,476608.410398355,0.0,0.0,0.00451394308869337,0.986432294581057,-476350.8316016451,-49.986485319342236,2,random_forest,False,non_hydrocarbon_diversification,380__852872
2026,2026,Italy,ITA,380,852872,"Reception apparatus for television, whether or not incorpora",952959.2420000001,547386.6435182424,0.0,0.0,0.00451394308869337,0.986432294581057,-405572.5984817577,-42.55928067086815,3,random_forest,False,non_hydrocarbon_diversification,380__852872
2024,2024,Italy,ITA,380,853710,"Boards, panels, consoles, desks and other bases: for electri",1879250.8839999998,2001514.3998221287,311.42,0.00016571496794357769,0.0034796814384586484,0.9935531567827506,122263.51582212886,6.505970909104485,1,random_forest,False,non_hydrocarbon_diversification,380__853710
2025,2025,Italy,ITA,380,853710,"Boards, panels, consoles, desks and other bases: for electri",1879250.8839999998,2328702.438900356,311.42,0.00016571496794357769,0.0034796814384586484,0.9935531567827506,449451.55490035634,23.91652752312109,2,random_forest,False,non_hydrocarbon_diversification,380__853710
2026,2026,Italy,ITA,380,853710,"Boards, panels, consoles, desks and other bases: for electri",1879250.8839999998,2572509.956225773,311.42,0.00016571496794357769,0.0034796814384586484,0.9935531567827506,693259.072225773,36.890182046910404,3,random_forest,False,non_hydrocarbon_diversification,380__853710
2024,2024,Italy,ITA,380,870322,Vehicles: spark-ignition internal combustion reciprocating p,4576947.6280000005,5774054.217249349,0.0,0.0,6.24687399865046e-05,0.996632448545645,1197106.5892493483,26.155129718459346,1,random_forest,False,non_hydrocarbon_diversification,380__870322
2025,2025,Italy,ITA,380,870322,Vehicles: spark-ignition internal combustion reciprocating p,4576947.6280000005,6928030.299531384,0.0,0.0,6.24687399865046e-05,0.996632448545645,2351082.671531384,51.36791728068651,2,random_forest,False,non_hydrocarbon_diversification,380__870322
2026,2026,Italy,ITA,380,870322,Vehicles: spark-ignition internal combustion reciprocating p,4576947.6280000005,8959343.323851097,0.0,0.0,6.24687399865046e-05,0.996632448545645,4382395.695851097,95.7493083172132,3,random_forest,False,non_hydrocarbon_diversification,380__870322
2024,2024,Italy,ITA,380,870332,Vehicles: compression-ignition internal combustion piston en,6459322.367000001,6860770.202564361,0.0,0.0,0.0006749819510078269,0.9916285994309415,401447.83556436,6.215014714473996,1,random_forest,False,non_hydrocarbon_diversification,380__870332
2025,2025,Italy,ITA,380,870332,Vehicles: compression-ignition internal combustion piston en,6459322.367000001,7206179.957126204,0.0,0.0,0.0006749819510078269,0.9916285994309415,746857.5901262034,11.562475871181478,2,random_forest,False,non_hydrocarbon_diversification,380__870332
2026,2026,Italy,ITA,380,870332,Vehicles: compression-ignition internal combustion piston en,6459322.367000001,7675353.634323401,0.0,0.0,0.0006749819510078269,0.9916285994309415,1216031.2673234008,18.825988211023137,3,random_forest,False,non_hydrocarbon_diversification,380__870332
2024,2024,Italy,ITA,380,870390,Vehicles: for transport of persons (other than those of head,15907352.841,19840755.943181776,0.0,0.0,,0.9987494616326351,3933403.1021817755,24.726949489947355,1,random_forest,False,non_hydrocarbon_diversification,380__870390
2025,2025,Italy,ITA,380,870390,Vehicles: for transport of persons (other than those of head,15907352.841,24572370.670723535,0.0,0.0,,0.9987494616326351,8665017.829723535,54.47177739963186,2,random_forest,False,non_hydrocarbon_diversification,380__870390
2026,2026,Italy,ITA,380,870390,Vehicles: for transport of persons (other than those of head,15907352.841,29766438.83818116,0.0,0.0,,0.9987494616326351,13859085.99718116,87.12377311113897,3,random_forest,False,non_hydrocarbon_diversification,380__870390
2024,2024,Italy,ITA,380,870421,Vehicles: compression-ignition internal combustion piston en,2458991.227,3762095.466332881,0.0,0.0,5.4398730230638e-05,0.9933607010475697,1303104.2393328808,52.99344808654256,1,random_forest,False,non_hydrocarbon_diversification,380__870421
2025,2025,Italy,ITA,380,870421,Vehicles: compression-ignition internal combustion piston en,2458991.227,4939814.356567409,0.0,0.0,5.4398730230638e-05,0.9933607010475697,2480823.129567409,100.88783979087408,2,random_forest,False,non_hydrocarbon_diversification,380__870421
2026,2026,Italy,ITA,380,870421,Vehicles: compression-ignition internal combustion piston en,2458991.227,6141085.356421292,0.0,0.0,5.4398730230638e-05,0.9933607010475697,3682094.129421292,149.74002708881125,3,random_forest,False,non_hydrocarbon_diversification,380__870421
2024,2024,Italy,ITA,380,870899,Vehicle parts and accessories: n.e.c. in heading no. 8708,3496684.32,3719076.0726148915,0.0,0.0,0.00021185249227684155,0.9954777141345597,222391.75261489162,6.3600752101891675,1,random_forest,False,non_hydrocarbon_diversification,380__870899
2025,2025,Italy,ITA,380,870899,Vehicle parts and accessories: n.e.c. in heading no. 8708,3496684.32,3876040.6349264327,0.0,0.0,0.00021185249227684155,0.9954777141345597,379356.3149264329,10.849029543691636,2,random_forest,False,non_hydrocarbon_diversification,380__870899
2026,2026,Italy,ITA,380,870899,Vehicle parts and accessories: n.e.c. in heading no. 8708,3496684.32,4120133.5734786396,0.0,0.0,0.00021185249227684155,0.9954777141345597,623449.2534786398,17.829726575907767,3,random_forest,False,non_hydrocarbon_diversification,380__870899
2024,2024,Italy,ITA,380,880330,Aircraft and spacecraft: parts of aeroplanes or helicopters ,1280965.986,1596806.6338085926,0.0,0.0,0.009571838193574406,0.992590878106846,315840.64780859253,24.656442970421896,1,random_forest,False,non_hydrocarbon_diversification,380__880330
2025,2025,Italy,ITA,380,880330,Aircraft and spacecraft: parts of aeroplanes or helicopters ,1280965.986,1918503.3134825493,0.0,0.0,0.009571838193574406,0.992590878106846,637537.3274825492,49.770043424287245,2,random_forest,False,non_hydrocarbon_diversification,380__880330
2026,2026,Italy,ITA,380,880330,Aircraft and spacecraft: parts of aeroplanes or helicopters ,1280965.986,2080541.101320099,0.0,0.0,0.009571838193574406,0.992590878106846,799575.115320099,62.419699200357925,3,random_forest,False,non_hydrocarbon_diversification,380__880330
2024,2024,Italy,ITA,380,901890,"Medical, surgical or dental instruments and appliances: n.e.",1818615.79,1959501.6695185306,4.422,2.43151963395193e-06,0.0022967341751617453,0.9923984223716651,140885.87951853056,7.746874314696815,1,random_forest,False,non_hydrocarbon_diversification,380__901890
2025,2025,Italy,ITA,380,901890,"Medical, surgical or dental instruments and appliances: n.e.",1818615.79,2016302.8768521782,4.422,2.43151963395193e-06,0.0022967341751617453,0.9923984223716651,197687.0868521782,10.870195229756485,2,random_forest,False,non_hydrocarbon_diversification,380__901890
2026,2026,Italy,ITA,380,901890,"Medical, surgical or dental instruments and appliances: n.e.",1818615.79,2280584.9069539555,4.422,2.43151963395193e-06,0.0022967341751617453,0.9923984223716651,461969.1169539555,25.40223831191719,3,random_forest,False,non_hydrocarbon_diversification,380__901890
2024,2024,Italy,ITA,380,950300,"Tricycles, scooters, pedal cars and similar wheeled toys: do",1140319.545,1108849.5144335357,0.0,0.0,0.0003212903647492182,0.9900889535494942,-31470.03056646418,-2.7597554303486205,1,random_forest,False,non_hydrocarbon_diversification,380__950300
2025,2025,Italy,ITA,380,950300,"Tricycles, scooters, pedal cars and similar wheeled toys: do",1140319.545,1053708.3736897614,0.0,0.0,0.0003212903647492182,0.9900889535494942,-86611.17131023854,-7.595342173165903,2,random_forest,False,non_hydrocarbon_diversification,380__950300
2026,2026,Italy,ITA,380,950300,"Tricycles, scooters, pedal cars and similar wheeled toys: do",1140319.545,951086.6098407654,0.0,0.0,0.0003212903647492182,0.9900889535494942,-189232.93515923456,-16.594728730992202,3,random_forest,False,non_hydrocarbon_diversification,380__950300
2024,2024,Japan,JPN,392,100199,"Cereals: wheat and meslin, other than durum wheat, other tha",1797610.75,1431791.771821171,0.0,0.0,9.185849923801444e-05,0.9889342191384087,-365818.97817882895,-20.350288747373643,1,random_forest,False,non_hydrocarbon_diversification,392__100199
2025,2025,Japan,JPN,392,100199,"Cereals: wheat and meslin, other than durum wheat, other tha",1797610.75,1260860.9512142476,0.0,0.0,9.185849923801444e-05,0.9889342191384087,-536749.7987857524,-29.85906703026517,2,random_forest,False,non_hydrocarbon_diversification,392__100199
2026,2026,Japan,JPN,392,100199,"Cereals: wheat and meslin, other than durum wheat, other tha",1797610.75,1173489.6539581935,0.0,0.0,9.185849923801444e-05,0.9889342191384087,-624121.0960418065,-34.719479511446316,3,random_forest,False,non_hydrocarbon_diversification,392__100199
2024,2024,Japan,JPN,392,120190,"Soya beans: other than seed, whether or not broken",2147826.9069999997,2082664.1874919313,0.0,0.0,1.4519592151066263e-05,0.9945154354586551,-65162.7195080684,-3.033890640614291,1,random_forest,False,non_hydrocarbon_diversification,392__120190
2025,2025,Japan,JPN,392,120190,"Soya beans: other than seed, whether or not broken",2147826.9069999997,2154594.840917735,0.0,0.0,1.4519592151066263e-05,0.9945154354586551,6767.933917735238,0.31510611472823113,2,random_forest,False,non_hydrocarbon_diversification,392__120190
2026,2026,Japan,JPN,392,120190,"Soya beans: other than seed, whether or not broken",2147826.9069999997,2069849.0364769164,0.0,0.0,1.4519592151066263e-05,0.9945154354586551,-77977.87052308326,-3.630547241444129,3,random_forest,False,non_hydrocarbon_diversification,392__120190
2024,2024,Japan,JPN,392,210690,Food preparations: n.e.c. in item no. 2106.10,860535.495,936512.7980936089,0.0,0.0,0.005065075257191559,0.990473865019856,75977.30309360893,8.829072540884434,1,random_forest,False,non_hydrocarbon_diversification,392__210690
2025,2025,Japan,JPN,392,210690,Food preparations: n.e.c. in item no. 2106.10,860535.495,966531.03502698,0.0,0.0,0.005065075257191559,0.990473865019856,105995.54002697999,12.317393139835561,2,random_forest,False,non_hydrocarbon_diversification,392__210690
2026,2026,Japan,JPN,392,210690,Food preparations: n.e.c. in item no. 2106.10,860535.495,987993.2348565387,0.0,0.0,0.005065075257191559,0.990473865019856,127457.73985653871,14.811444803510252,3,random_forest,False,non_hydrocarbon_diversification,392__210690
2024,2024,Japan,JPN,392,260111,Iron ores and concentrates: non-agglomerated,10347086.511,10841652.030092852,0.0,0.0,0.01523787365372311,0.9970173600160069,494565.51909285225,4.779756297263766,1,random_forest,False,non_hydrocarbon_diversification,392__260111
2025,2025,Japan,JPN,392,260111,Iron ores and concentrates: non-agglomerated,10347086.511,11171930.098293627,0.0,0.0,0.01523787365372311,0.9970173600160069,824843.5872936267,7.971747278006563,2,random_forest,False,non_hydrocarbon_diversification,392__260111
2026,2026,Japan,JPN,392,260111,Iron ores and concentrates: non-agglomerated,10347086.511,10940624.461469421,0.0,0.0,0.01523787365372311,0.9970173600160069,593537.9504694212,5.736280931240213,3,random_forest,False,non_hydrocarbon_diversification,392__260111
2024,2024,Japan,JPN,392,260300,Copper ores and concentrates,11294998.645,11861220.141919293,0.0,0.0,3.156534488379897e-07,0.9949003469290169,566221.496919293,5.013028462557137,1,random_forest,False,non_hydrocarbon_diversification,392__260300
2025,2025,Japan,JPN,392,260300,Copper ores and concentrates,11294998.645,12179929.655211039,0.0,0.0,3.156534488379897e-07,0.9949003469290169,884931.0102110393,7.834715505723191,2,random_forest,False,non_hydrocarbon_diversification,392__260300
2026,2026,Japan,JPN,392,260300,Copper ores and concentrates,11294998.645,13026583.229199508,0.0,0.0,3.156534488379897e-07,0.9949003469290169,1731584.5841995087,15.330542646554774,3,random_forest,False,non_hydrocarbon_diversification,392__260300
2024,2024,Japan,JPN,392,300210,"Blood, human or animal, antisera, other blood fractions and ",10511870.831,11419706.072203446,0.0,0.0,6.864140758500904e-07,0.9981720944270923,907835.2412034459,8.636286116893647,1,random_forest,False,non_hydrocarbon_diversification,392__300210
2025,2025,Japan,JPN,392,300210,"Blood, human or animal, antisera, other blood fractions and ",10511870.831,12457875.525998611,0.0,0.0,6.864140758500904e-07,0.9981720944270923,1946004.6949986108,18.512448699994977,2,random_forest,False,non_hydrocarbon_diversification,392__300210
2026,2026,Japan,JPN,392,300210,"Blood, human or animal, antisera, other blood fractions and ",10511870.831,14106631.729811447,0.0,0.0,6.864140758500904e-07,0.9981720944270923,3594760.8988114465,34.19715630647142,3,random_forest,False,non_hydrocarbon_diversification,392__300210
2024,2024,Japan,JPN,392,300490,Medicaments: consisting of mixed or unmixed products n.e.c. ,11990388.441,11665080.559351498,0.0,0.0,0.0038597822723884733,0.9991343731029969,-325307.8816485014,-2.7130720847720147,1,random_forest,False,non_hydrocarbon_diversification,392__300490
2025,2025,Japan,JPN,392,300490,Medicaments: consisting of mixed or unmixed products n.e.c. ,11990388.441,11901895.948747206,0.0,0.0,0.0038597822723884733,0.9991343731029969,-88492.49225279316,-0.7380285692013233,2,random_forest,False,non_hydrocarbon_diversification,392__300490
2026,2026,Japan,JPN,392,300490,Medicaments: consisting of mixed or unmixed products n.e.c. ,11990388.441,12020115.625617322,0.0,0.0,0.0038597822723884733,0.9991343731029969,29727.18461732194,0.24792511738546053,3,random_forest,False,non_hydrocarbon_diversification,392__300490
2024,2024,Japan,JPN,392,392690,Plastics: other articles n.e.c. in chapter 39,2519397.645,2454141.191023189,0.0,0.0,0.005497190715296392,0.9931682453123887,-65256.45397681091,-2.590160950031805,1,random_forest,False,non_hydrocarbon_diversification,392__392690
2025,2025,Japan,JPN,392,392690,Plastics: other articles n.e.c. in chapter 39,2519397.645,2415979.438404043,0.0,0.0,0.005497190715296392,0.9931682453123887,-103418.20659595681,-4.104878275217916,2,random_forest,False,non_hydrocarbon_diversification,392__392690
2026,2026,Japan,JPN,392,392690,Plastics: other articles n.e.c. in chapter 39,2519397.645,2342554.028631173,0.0,0.0,0.005497190715296392,0.9931682453123887,-176843.61636882694,-7.019281641379281,3,random_forest,False,non_hydrocarbon_diversification,392__392690
2024,2024,Japan,JPN,392,711319,Jewellery: of precious metal (excluding silver) whether or n,2639224.369,3126519.3200255693,0.0,0.0,0.000664679229625341,0.9956701698697406,487294.95102556935,18.46356667319668,1,random_forest,False,non_hydrocarbon_diversification,392__711319
2025,2025,Japan,JPN,392,711319,Jewellery: of precious metal (excluding silver) whether or n,2639224.369,3295056.7353914133,0.0,0.0,0.000664679229625341,0.9956701698697406,655832.3663914134,24.84943584542256,2,random_forest,False,non_hydrocarbon_diversification,392__711319
2026,2026,Japan,JPN,392,711319,Jewellery: of precious metal (excluding silver) whether or n,2639224.369,3706663.515501798,0.0,0.0,0.000664679229625341,0.9956701698697406,1067439.1465017982,40.44518378353145,3,random_forest,False,non_hydrocarbon_diversification,392__711319
2024,2024,Japan,JPN,392,732690,Iron or steel: articles n.e.c.in heading 7326,1525043.213,1526460.2760719196,0.0,0.0,0.0026880511270757357,0.9902814092846751,1417.0630719196051,0.09291953564594534,1,random_forest,False,non_hydrocarbon_diversification,392__732690
2025,2025,Japan,JPN,392,732690,Iron or steel: articles n.e.c.in heading 7326,1525043.213,1474168.1150461135,0.0,0.0,0.0026880511270757357,0.9902814092846751,-50875.09795388649,-3.3359774674061313,2,random_forest,False,non_hydrocarbon_diversification,392__732690
2026,2026,Japan,JPN,392,732690,Iron or steel: articles n.e.c.in heading 7326,1525043.213,1431683.5986400486,0.0,0.0,0.0026880511270757357,0.9902814092846751,-93359.61435995135,-6.121768456403165,3,random_forest,False,non_hydrocarbon_diversification,392__732690
2024,2024,Japan,JPN,392,841112,Turbo-jets: of a thrust exceeding 25kN,3897125.83,3892433.4400426564,0.0,0.0,0.035205620912727636,0.9941305239882933,-4692.389957343694,-0.12040642673689841,1,random_forest,False,non_hydrocarbon_diversification,392__841112
2025,2025,Japan,JPN,392,841112,Turbo-jets: of a thrust exceeding 25kN,3897125.83,4341476.897320777,0.0,0.0,0.035205620912727636,0.9941305239882933,444351.0673207771,11.402020019476176,2,random_forest,False,non_hydrocarbon_diversification,392__841112
2026,2026,Japan,JPN,392,841112,Turbo-jets: of a thrust exceeding 25kN,3897125.83,5347792.233942885,0.0,0.0,0.035205620912727636,0.9941305239882933,1450666.4039428849,37.22400731266316,3,random_forest,False,non_hydrocarbon_diversification,392__841112
2024,2024,Japan,JPN,392,841191,Turbines: parts of turbo-jets and turbo-propellers,3242154.682,3597607.257626766,0.0,0.0,0.04576604889443531,0.9927833338420269,355452.57562676584,10.96346752362526,1,random_forest,False,non_hydrocarbon_diversification,392__841191
2025,2025,Japan,JPN,392,841191,Turbines: parts of turbo-jets and turbo-propellers,3242154.682,3877191.5098624392,0.0,0.0,0.04576604889443531,0.9927833338420269,635036.8278624392,19.58687632604567,2,random_forest,False,non_hydrocarbon_diversification,392__841191
2026,2026,Japan,JPN,392,841191,Turbines: parts of turbo-jets and turbo-propellers,3242154.682,4340333.949601575,0.0,0.0,0.04576604889443531,0.9927833338420269,1098179.2676015748,33.871896171349135,3,random_forest,False,non_hydrocarbon_diversification,392__841191
2024,2024,Japan,JPN,392,844399,"Printing machinery: parts and accessories, n.e.c. in item no",1615105.8,1413188.8374247176,0.0,0.0,0.0015052307619635799,0.9860473831106951,-201916.96257528244,-12.501779299862736,1,random_forest,False,non_hydrocarbon_diversification,392__844399
2025,2025,Japan,JPN,392,844399,"Printing machinery: parts and accessories, n.e.c. in item no",1615105.8,1291198.5085499873,0.0,0.0,0.0015052307619635799,0.9860473831106951,-323907.2914500127,-20.054865226167394,2,random_forest,False,non_hydrocarbon_diversification,392__844399
2026,2026,Japan,JPN,392,844399,"Printing machinery: parts and accessories, n.e.c. in item no",1615105.8,1158120.648354964,0.0,0.0,0.0015052307619635799,0.9860473831106951,-456985.15164503595,-28.294440627049696,3,random_forest,False,non_hydrocarbon_diversification,392__844399
2024,2024,Japan,JPN,392,847130,"Automatic data processing machines: portable, weighing not m",7350653.011999999,6033120.726660954,0.0,0.0,4.579819987309988e-05,0.9974022714863687,-1317532.2853390453,-17.924016862014348,1,random_forest,False,non_hydrocarbon_diversification,392__847130
2025,2025,Japan,JPN,392,847130,"Automatic data processing machines: portable, weighing not m",7350653.011999999,4515194.107649352,0.0,0.0,4.579819987309988e-05,0.9974022714863687,-2835458.904350647,-38.57424503267584,2,random_forest,False,non_hydrocarbon_diversification,392__847130
2026,2026,Japan,JPN,392,847130,"Automatic data processing machines: portable, weighing not m",7350653.011999999,3671134.585350176,0.0,0.0,4.579819987309988e-05,0.9974022714863687,-3679518.4266498233,-50.05702786736064,3,random_forest,False,non_hydrocarbon_diversification,392__847130
2024,2024,Japan,JPN,392,847150,Units of automatic data processing machines: processing unit,3729203.015,3623591.388273484,0.0,0.0,0.00030882524913522914,0.9943229797234742,-105611.62672651606,-2.8320160179457554,1,random_forest,False,non_hydrocarbon_diversification,392__847150
2025,2025,Japan,JPN,392,847150,Units of automatic data processing machines: processing unit,3729203.015,3311160.994914157,0.0,0.0,0.00030882524913522914,0.9943229797234742,-418042.0200858433,-11.209956079203783,2,random_forest,False,non_hydrocarbon_diversification,392__847150
2026,2026,Japan,JPN,392,847150,Units of automatic data processing machines: processing unit,3729203.015,3356400.854528255,0.0,0.0,0.00030882524913522914,0.9943229797234742,-372802.1604717453,-9.996832003305277,3,random_forest,False,non_hydrocarbon_diversification,392__847150
2024,2024,Japan,JPN,392,847170,Units of automatic data processing machines: storage units,1825732.6779999998,1463560.8958931307,0.0,0.0,0.0002894165660946154,0.9895115863439514,-362171.78210686916,-19.83706522159698,1,random_forest,False,non_hydrocarbon_diversification,392__847170
2025,2025,Japan,JPN,392,847170,Units of automatic data processing machines: storage units,1825732.6779999998,1245787.3061778285,0.0,0.0,0.0002894165660946154,0.9895115863439514,-579945.3718221714,-31.765075950630024,2,random_forest,False,non_hydrocarbon_diversification,392__847170
2026,2026,Japan,JPN,392,847170,Units of automatic data processing machines: storage units,1825732.6779999998,1113472.8557919057,0.0,0.0,0.0002894165660946154,0.9895115863439514,-712259.8222080942,-39.0122733076312,3,random_forest,False,non_hydrocarbon_diversification,392__847170
2024,2024,Japan,JPN,392,848180,"Taps, cocks, valves and similar appliances: for pipes, boile",1242562.67,1224013.1734936198,0.0,0.0,0.006752332649583884,0.9906663207550369,-18549.49650638015,-1.492841926949258,1,random_forest,False,non_hydrocarbon_diversification,392__848180
2025,2025,Japan,JPN,392,848180,"Taps, cocks, valves and similar appliances: for pipes, boile",1242562.67,1242615.3435651846,0.0,0.0,0.006752332649583884,0.9906663207550369,52.67356518469751,0.004239107326851974,2,random_forest,False,non_hydrocarbon_diversification,392__848180
2026,2026,Japan,JPN,392,848180,"Taps, cocks, valves and similar appliances: for pipes, boile",1242562.67,1236535.2617833707,0.0,0.0,0.006752332649583884,0.9906663207550369,-6027.408216629177,-0.4850788102807867,3,random_forest,False,non_hydrocarbon_diversification,392__848180
2024,2024,Japan,JPN,392,848620,Machines and apparatus of a kind used solely or principally ,2773623.6319999998,2716470.666925525,0.0,0.0,,0.9920135109013033,-57152.96507447492,-2.0605883370435216,1,random_forest,False,non_hydrocarbon_diversification,392__848620
2025,2025,Japan,JPN,392,848620,Machines and apparatus of a kind used solely or principally ,2773623.6319999998,2615837.196631036,0.0,0.0,,0.9920135109013033,-157786.43536896398,-5.688819259705673,2,random_forest,False,non_hydrocarbon_diversification,392__848620
2026,2026,Japan,JPN,392,848620,Machines and apparatus of a kind used solely or principally ,2773623.6319999998,2553458.421729573,0.0,0.0,,0.9920135109013033,-220165.2102704267,-7.937818517636091,3,random_forest,False,non_hydrocarbon_diversification,392__848620
2024,2024,Japan,JPN,392,850440,Electrical static converters,2950670.068,3189668.1358016836,0.0,0.0,0.0010363946534344636,0.9952852583993788,238998.06780168368,8.09978961706415,1,random_forest,False,non_hydrocarbon_diversification,392__850440
2025,2025,Japan,JPN,392,850440,Electrical static converters,2950670.068,3511618.241072673,0.0,0.0,0.0010363946534344636,0.9952852583993788,560948.1730726729,19.010874145373034,2,random_forest,False,non_hydrocarbon_diversification,392__850440
2026,2026,Japan,JPN,392,850440,Electrical static converters,2950670.068,3793631.273737089,0.0,0.0,0.0010363946534344636,0.9952852583993788,842961.2057370888,28.56846703665714,3,random_forest,False,non_hydrocarbon_diversification,392__850440
2024,2024,Japan,JPN,392,851712,Telephones for cellular networks or for other wireless netwo,18657505.512000002,21317321.551722948,0.0,0.0,0.0006325295349067288,0.9993268288381778,2659816.0397229455,14.256011008611114,1,random_forest,False,non_hydrocarbon_diversification,392__851712
2025,2025,Japan,JPN,392,851712,Telephones for cellular networks or for other wireless netwo,18657505.512000002,21956620.070615698,0.0,0.0,0.0006325295349067288,0.9993268288381778,3299114.5586156957,17.68250614474585,2,random_forest,False,non_hydrocarbon_diversification,392__851712
2026,2026,Japan,JPN,392,851712,Telephones for cellular networks or for other wireless netwo,18657505.512000002,25346835.15922482,0.0,0.0,0.0006325295349067288,0.9993268288381778,6689329.647224817,35.85329047831406,3,random_forest,False,non_hydrocarbon_diversification,392__851712
2024,2024,Japan,JPN,392,851762,Communication apparatus (excluding telephone sets or base st,6638292.001,6554925.6418315135,0.0,0.0,0.0011653840293270972,0.9975947272215496,-83366.35916848667,-1.2558404956565372,1,random_forest,False,non_hydrocarbon_diversification,392__851762
2025,2025,Japan,JPN,392,851762,Communication apparatus (excluding telephone sets or base st,6638292.001,6436600.557764553,0.0,0.0,0.0011653840293270972,0.9975947272215496,-201691.4432354467,-3.038303274472766,2,random_forest,False,non_hydrocarbon_diversification,392__851762
2026,2026,Japan,JPN,392,851762,Communication apparatus (excluding telephone sets or base st,6638292.001,6541742.52995958,0.0,0.0,0.0011653840293270972,0.9975947272215496,-96549.47104042023,-1.4544324206569388,3,random_forest,False,non_hydrocarbon_diversification,392__851762
2024,2024,Japan,JPN,392,851770,Telephone sets and other apparatus for the transmission or r,1099842.331,939763.8753471143,0.0,0.0,0.00044352889636002565,0.9914361436957605,-160078.45565288572,-14.554673078216492,1,random_forest,False,non_hydrocarbon_diversification,392__851770
2025,2025,Japan,JPN,392,851770,Telephone sets and other apparatus for the transmission or r,1099842.331,743271.7515781637,0.0,0.0,0.00044352889636002565,0.9914361436957605,-356570.5794218363,-32.42015417770243,2,random_forest,False,non_hydrocarbon_diversification,392__851770
2026,2026,Japan,JPN,392,851770,Telephone sets and other apparatus for the transmission or r,1099842.331,652364.3743066046,0.0,0.0,0.00044352889636002565,0.9914361436957605,-447477.9566933954,-40.68564594040847,3,random_forest,False,non_hydrocarbon_diversification,392__851770
2024,2024,Japan,JPN,392,852872,"Reception apparatus for television, whether or not incorpora",1598302.9819999998,1369742.7164956857,0.0,0.0,0.00451394308869337,0.986432294581057,-228560.2655043141,-14.300183887432308,1,random_forest,False,non_hydrocarbon_diversification,392__852872
2025,2025,Japan,JPN,392,852872,"Reception apparatus for television, whether or not incorpora",1598302.9819999998,1094953.0243299676,0.0,0.0,0.00451394308869337,0.986432294581057,-503349.9576700323,-31.492774732871787,2,random_forest,False,non_hydrocarbon_diversification,392__852872
2026,2026,Japan,JPN,392,852872,"Reception apparatus for television, whether or not incorpora",1598302.9819999998,872233.7297487133,0.0,0.0,0.00451394308869337,0.986432294581057,-726069.2522512865,-45.42751032990856,3,random_forest,False,non_hydrocarbon_diversification,392__852872
2024,2024,Japan,JPN,392,852990,Reception and transmission apparatus: for use with the appar,1800014.473,1411448.32204767,0.0,0.0,0.006108660443749396,0.9873945732569614,-388566.1509523301,-21.586834816095955,1,random_forest,False,non_hydrocarbon_diversification,392__852990
2025,2025,Japan,JPN,392,852990,Reception and transmission apparatus: for use with the appar,1800014.473,1294796.6299634227,0.0,0.0,0.006108660443749396,0.9873945732569614,-505217.84303657734,-28.06743226872806,2,random_forest,False,non_hydrocarbon_diversification,392__852990
2026,2026,Japan,JPN,392,852990,Reception and transmission apparatus: for use with the appar,1800014.473,1237781.7820647117,0.0,0.0,0.006108660443749396,0.9873945732569614,-562232.6909352883,-31.234898350469447,3,random_forest,False,non_hydrocarbon_diversification,392__852990
2024,2024,Japan,JPN,392,854140,"Electrical apparatus: photosensitive, including photovoltaic",2372461.764,2579353.7963755536,0.0,0.0,2.6114010762027728e-05,0.994707891193836,206892.03237555362,8.72056340443317,1,random_forest,False,non_hydrocarbon_diversification,392__854140
2025,2025,Japan,JPN,392,854140,"Electrical apparatus: photosensitive, including photovoltaic",2372461.764,2826260.6511035613,0.0,0.0,2.6114010762027728e-05,0.994707891193836,453798.8871035613,19.127763995591263,2,random_forest,False,non_hydrocarbon_diversification,392__854140
2026,2026,Japan,JPN,392,854140,"Electrical apparatus: photosensitive, including photovoltaic",2372461.764,3054649.9003161197,0.0,0.0,2.6114010762027728e-05,0.994707891193836,682188.1363161197,28.754441764572086,3,random_forest,False,non_hydrocarbon_diversification,392__854140
2024,2024,Japan,JPN,392,854231,"Electronic integrated circuits: processors and controllers, ",11368707.235000001,9749938.337981055,0.0,0.0,0.0014564602011438417,0.998941917367816,-1618768.8970189467,-14.238812413388235,1,random_forest,False,non_hydrocarbon_diversification,392__854231
2025,2025,Japan,JPN,392,854231,"Electronic integrated circuits: processors and controllers, ",11368707.235000001,8762079.062387232,0.0,0.0,0.0014564602011438417,0.998941917367816,-2606628.1726127695,-22.928096561304134,2,random_forest,False,non_hydrocarbon_diversification,392__854231
2026,2026,Japan,JPN,392,854231,"Electronic integrated circuits: processors and controllers, ",11368707.235000001,7646557.895948088,0.0,0.0,0.0014564602011438417,0.998941917367816,-3722149.3390519135,-32.740304258982114,3,random_forest,False,non_hydrocarbon_diversification,392__854231
2024,2024,Japan,JPN,392,854232,Electronic integrated circuits: memories,2558486.84,2164666.863996413,0.0,0.0,,0.9972098157511878,-393819.9760035868,-15.39269109563162,1,random_forest,False,non_hydrocarbon_diversification,392__854232
2025,2025,Japan,JPN,392,854232,Electronic integrated circuits: memories,2558486.84,1705736.3291668147,0.0,0.0,,0.9972098157511878,-852750.5108331852,-33.330267621512775,2,random_forest,False,non_hydrocarbon_diversification,392__854232
2026,2026,Japan,JPN,392,854232,Electronic integrated circuits: memories,2558486.84,1722525.7929225694,0.0,0.0,,0.9972098157511878,-835961.0470774304,-32.67404131253732,3,random_forest,False,non_hydrocarbon_diversification,392__854232
2024,2024,Japan,JPN,392,854239,Electronic integrated circuits: n.e.c. in heading no. 8542,15125188.875,14191510.133698983,0.0,0.0,0.00015457184563047468,0.9985570058974541,-933678.7413010169,-6.17300550107026,1,random_forest,False,non_hydrocarbon_diversification,392__854239
2025,2025,Japan,JPN,392,854239,Electronic integrated circuits: n.e.c. in heading no. 8542,15125188.875,13092262.54404353,0.0,0.0,0.00015457184563047468,0.9985570058974541,-2032926.3309564702,-13.440667404270481,2,random_forest,False,non_hydrocarbon_diversification,392__854239
2026,2026,Japan,JPN,392,854239,Electronic integrated circuits: n.e.c. in heading no. 8542,15125188.875,11450267.51227424,0.0,0.0,0.00015457184563047468,0.9985570058974541,-3674921.362725761,-24.29669733777629,3,random_forest,False,non_hydrocarbon_diversification,392__854239
2024,2024,Japan,JPN,392,870324,Vehicles: spark-ignition internal combustion reciprocating p,1864985.412,1930293.1691733785,0.0,0.0,1.9715719827969783e-05,0.9950928026641979,65307.757173378486,3.5017838076997507,1,random_forest,False,non_hydrocarbon_diversification,392__870324
2025,2025,Japan,JPN,392,870324,Vehicles: spark-ignition internal combustion reciprocating p,1864985.412,1948793.32570615,0.0,0.0,1.9715719827969783e-05,0.9950928026641979,83807.9137061499,4.493757064634343,2,random_forest,False,non_hydrocarbon_diversification,392__870324
2026,2026,Japan,JPN,392,870324,Vehicles: spark-ignition internal combustion reciprocating p,1864985.412,1994965.4318309936,0.0,0.0,1.9715719827969783e-05,0.9950928026641979,129980.01983099361,6.969492575901907,3,random_forest,False,non_hydrocarbon_diversification,392__870324
2024,2024,Japan,JPN,392,880240,Aeroplanes and other aircraft: of an unladen weight exceedin,2583418.102,3401869.7306295517,0.0,0.0,,0.9962475370752832,818451.6286295517,31.680958958827944,1,random_forest,False,non_hydrocarbon_diversification,392__880240
2025,2025,Japan,JPN,392,880240,Aeroplanes and other aircraft: of an unladen weight exceedin,2583418.102,4158799.100825558,0.0,0.0,,0.9962475370752832,1575380.998825558,60.98048928301417,2,random_forest,False,non_hydrocarbon_diversification,392__880240
2026,2026,Japan,JPN,392,880240,Aeroplanes and other aircraft: of an unladen weight exceedin,2583418.102,5512362.778351401,0.0,0.0,,0.9962475370752832,2928944.676351401,113.37478335713082,3,random_forest,False,non_hydrocarbon_diversification,392__880240
2024,2024,Japan,JPN,392,901890,"Medical, surgical or dental instruments and appliances: n.e.",2995941.65,3193841.0144608375,0.0,0.0,0.0022967341751617453,0.9923984223716651,197899.36446083756,6.605581402456139,1,random_forest,False,non_hydrocarbon_diversification,392__901890
2025,2025,Japan,JPN,392,901890,"Medical, surgical or dental instruments and appliances: n.e.",2995941.65,3597504.8290661247,0.0,0.0,0.0022967341751617453,0.9923984223716651,601563.1790661248,20.079268869142524,2,random_forest,False,non_hydrocarbon_diversification,392__901890
2026,2026,Japan,JPN,392,901890,"Medical, surgical or dental instruments and appliances: n.e.",2995941.65,3988637.7471613786,0.0,0.0,0.0022967341751617453,0.9923984223716651,992696.0971613787,33.134693967133124,3,random_forest,False,non_hydrocarbon_diversification,392__901890
2024,2024,Japan,JPN,392,950300,"Tricycles, scooters, pedal cars and similar wheeled toys: do",2656175.391,2144344.426282987,0.0,0.0,0.0003212903647492182,0.9900889535494942,-511830.96471701283,-19.26947167913931,1,random_forest,False,non_hydrocarbon_diversification,392__950300
2025,2025,Japan,JPN,392,950300,"Tricycles, scooters, pedal cars and similar wheeled toys: do",2656175.391,1667956.6955019955,0.0,0.0,0.0003212903647492182,0.9900889535494942,-988218.6954980043,-37.20457236545508,2,random_forest,False,non_hydrocarbon_diversification,392__950300
2026,2026,Japan,JPN,392,950300,"Tricycles, scooters, pedal cars and similar wheeled toys: do",2656175.391,1501662.1298013416,0.0,0.0,0.0003212903647492182,0.9900889535494942,-1154513.2611986583,-43.46524951290983,3,random_forest,False,non_hydrocarbon_diversification,392__950300
2024,2024,Austria,AUT,40,870332,Vehicles: compression-ignition internal combustion piston en,2611591.0379999997,2918279.0079919267,0.0,0.0,0.0006749819510078269,0.9916285994309415,306687.96999192704,11.743338276531759,1,random_forest,False,non_hydrocarbon_diversification,40__870332
2025,2025,Austria,AUT,40,870332,Vehicles: compression-ignition internal combustion piston en,2611591.0379999997,3218099.5041514444,0.0,0.0,0.0006749819510078269,0.9916285994309415,606508.4661514447,23.223715249686226,2,random_forest,False,non_hydrocarbon_diversification,40__870332
2026,2026,Austria,AUT,40,870332,Vehicles: compression-ignition internal combustion piston en,2611591.0379999997,3587830.5920390305,0.0,0.0,0.0006749819510078269,0.9916285994309415,976239.5540390308,37.381027114668434,3,random_forest,False,non_hydrocarbon_diversification,40__870332
2024,2024,Rep. of Korea,KOR,410,100199,"Cereals: wheat and meslin, other than durum wheat, other tha",1607264.788,1445317.3757470448,0.0,0.0,9.185849923801444e-05,0.9889342191384087,-161947.41225295514,-10.075963429428105,1,random_forest,False,non_hydrocarbon_diversification,410__100199
2025,2025,Rep. of Korea,KOR,410,100199,"Cereals: wheat and meslin, other than durum wheat, other tha",1607264.788,1254206.3956859272,0.0,0.0,9.185849923801444e-05,0.9889342191384087,-353058.3923140727,-21.966411194349682,2,random_forest,False,non_hydrocarbon_diversification,410__100199
2026,2026,Rep. of Korea,KOR,410,100199,"Cereals: wheat and meslin, other than durum wheat, other tha",1607264.788,1172992.452063602,0.0,0.0,9.185849923801444e-05,0.9889342191384087,-434272.335936398,-27.019339885917915,3,random_forest,False,non_hydrocarbon_diversification,410__100199
2024,2024,Rep. of Korea,KOR,410,210690,Food preparations: n.e.c. in item no. 2106.10,1998480.797,2079952.88079658,0.101,5.0538389036119424e-08,0.005065075257191559,0.990473865019856,81472.08379658009,4.0767008579157284,1,random_forest,False,non_hydrocarbon_diversification,410__210690
2025,2025,Rep. of Korea,KOR,410,210690,Food preparations: n.e.c. in item no. 2106.10,1998480.797,2230415.5094602667,0.101,5.0538389036119424e-08,0.005065075257191559,0.990473865019856,231934.71246026666,11.60555121712619,2,random_forest,False,non_hydrocarbon_diversification,410__210690
2026,2026,Rep. of Korea,KOR,410,210690,Food preparations: n.e.c. in item no. 2106.10,1998480.797,2294855.595456407,0.101,5.0538389036119424e-08,0.005065075257191559,0.990473865019856,296374.7984564069,14.830004816724138,3,random_forest,False,non_hydrocarbon_diversification,410__210690
2024,2024,Rep. of Korea,KOR,410,260111,Iron ores and concentrates: non-agglomerated,6954563.289,7833199.032284532,0.0,0.0,0.01523787365372311,0.9970173600160069,878635.7432845319,12.633945609126398,1,random_forest,False,non_hydrocarbon_diversification,410__260111
2025,2025,Rep. of Korea,KOR,410,260111,Iron ores and concentrates: non-agglomerated,6954563.289,8402687.827448407,0.0,0.0,0.01523787365372311,0.9970173600160069,1448124.5384484073,20.822652383348053,2,random_forest,False,non_hydrocarbon_diversification,410__260111
2026,2026,Rep. of Korea,KOR,410,260111,Iron ores and concentrates: non-agglomerated,6954563.289,8300782.779654393,0.0,0.0,0.01523787365372311,0.9970173600160069,1346219.490654393,19.357354800174186,3,random_forest,False,non_hydrocarbon_diversification,410__260111
2024,2024,Rep. of Korea,KOR,410,260300,Copper ores and concentrates,5787989.988,5881808.910757924,0.0,0.0,3.156534488379897e-07,0.9949003469290169,93818.92275792453,1.6209240678099899,1,random_forest,False,non_hydrocarbon_diversification,410__260300
2025,2025,Rep. of Korea,KOR,410,260300,Copper ores and concentrates,5787989.988,6040058.016476803,0.0,0.0,3.156534488379897e-07,0.9949003469290169,252068.02847680356,4.355018391521163,2,random_forest,False,non_hydrocarbon_diversification,410__260300
2026,2026,Rep. of Korea,KOR,410,260300,Copper ores and concentrates,5787989.988,6193570.398068837,0.0,0.0,3.156534488379897e-07,0.9949003469290169,405580.410068837,7.007275598432446,3,random_forest,False,non_hydrocarbon_diversification,410__260300
2024,2024,Rep. of Korea,KOR,410,732690,Iron or steel: articles n.e.c.in heading 7326,1652819.318,1626445.680081395,0.0,0.0,0.0026880511270757357,0.9902814092846751,-26373.637918605004,-1.5956758026351314,1,random_forest,False,non_hydrocarbon_diversification,410__732690
2025,2025,Rep. of Korea,KOR,410,732690,Iron or steel: articles n.e.c.in heading 7326,1652819.318,1622970.061825508,0.0,0.0,0.0026880511270757357,0.9902814092846751,-29849.25617449195,-1.8059600253590424,2,random_forest,False,non_hydrocarbon_diversification,410__732690
2026,2026,Rep. of Korea,KOR,410,732690,Iron or steel: articles n.e.c.in heading 7326,1652819.318,1615467.1795261947,0.0,0.0,0.0026880511270757357,0.9902814092846751,-37352.13847380527,-2.2599045199328485,3,random_forest,False,non_hydrocarbon_diversification,410__732690
2024,2024,Rep. of Korea,KOR,410,740311,"Copper: refined, unwrought, cathodes and sections of cathode",2121121.827,1949230.782822528,0.0,0.0,,0.9937456125179315,-171891.04417747213,-8.103779895593528,1,random_forest,False,non_hydrocarbon_diversification,410__740311
2025,2025,Rep. of Korea,KOR,410,740311,"Copper: refined, unwrought, cathodes and sections of cathode",2121121.827,1848493.0316344413,0.0,0.0,,0.9937456125179315,-272628.7953655587,-12.853047472108198,2,random_forest,False,non_hydrocarbon_diversification,410__740311
2026,2026,Rep. of Korea,KOR,410,740311,"Copper: refined, unwrought, cathodes and sections of cathode",2121121.827,1785971.9681730247,0.0,0.0,,0.9937456125179315,-335149.85882697534,-15.800594504323836,3,random_forest,False,non_hydrocarbon_diversification,410__740311
2024,2024,Rep. of Korea,KOR,410,847330,Machinery: parts and accessories of the machines of heading ,4200422.416,3431794.2777800024,0.0,0.0,0.0011502606559259617,0.9958626256049214,-768628.1382199978,-18.298829548480292,1,random_forest,False,non_hydrocarbon_diversification,410__847330
2025,2025,Rep. of Korea,KOR,410,847330,Machinery: parts and accessories of the machines of heading ,4200422.416,2782188.251995457,0.0,0.0,0.0011502606559259617,0.9958626256049214,-1418234.1640045433,-33.76408426453229,2,random_forest,False,non_hydrocarbon_diversification,410__847330
2026,2026,Rep. of Korea,KOR,410,847330,Machinery: parts and accessories of the machines of heading ,4200422.416,2390286.9428113545,0.0,0.0,0.0011502606559259617,0.9958626256049214,-1810135.4731886457,-43.09412944501926,3,random_forest,False,non_hydrocarbon_diversification,410__847330
2024,2024,Rep. of Korea,KOR,410,848180,"Taps, cocks, valves and similar appliances: for pipes, boile",1613247.356,1624276.9713593079,0.0,0.0,0.006752332649583884,0.9906663207550369,11029.615359307965,0.6836902796267758,1,random_forest,False,non_hydrocarbon_diversification,410__848180
2025,2025,Rep. of Korea,KOR,410,848180,"Taps, cocks, valves and similar appliances: for pipes, boile",1613247.356,1617247.5825205748,0.0,0.0,0.006752332649583884,0.9906663207550369,4000.2265205748845,0.24796113910847065,2,random_forest,False,non_hydrocarbon_diversification,410__848180
2026,2026,Rep. of Korea,KOR,410,848180,"Taps, cocks, valves and similar appliances: for pipes, boile",1613247.356,1630222.850518943,0.0,0.0,0.006752332649583884,0.9906663207550369,16975.49451894313,1.052256150044676,3,random_forest,False,non_hydrocarbon_diversification,410__848180
2024,2024,Rep. of Korea,KOR,410,848620,Machines and apparatus of a kind used solely or principally ,12377020.45,12041968.318324536,0.0,0.0,,0.9920135109013033,-335052.13167546317,-2.7070499966368176,1,random_forest,False,non_hydrocarbon_diversification,410__848620
2025,2025,Rep. of Korea,KOR,410,848620,Machines and apparatus of a kind used solely or principally ,12377020.45,11088038.8493338,0.0,0.0,,0.9920135109013033,-1288981.6006661989,-10.414312603532936,2,random_forest,False,non_hydrocarbon_diversification,410__848620
2026,2026,Rep. of Korea,KOR,410,848620,Machines and apparatus of a kind used solely or principally ,12377020.45,10718090.789161125,0.0,0.0,,0.9920135109013033,-1658929.660838874,-13.403303868976593,3,random_forest,False,non_hydrocarbon_diversification,410__848620
2024,2024,Rep. of Korea,KOR,410,850440,Electrical static converters,2380250.2139999997,2518310.9156022943,0.0,0.0,0.0010363946534344636,0.9952852583993788,138060.70160229458,5.800260022675691,1,random_forest,False,non_hydrocarbon_diversification,410__850440
2025,2025,Rep. of Korea,KOR,410,850440,Electrical static converters,2380250.2139999997,2769198.4952943493,0.0,0.0,0.0010363946534344636,0.9952852583993788,388948.2812943496,16.340646836482108,2,random_forest,False,non_hydrocarbon_diversification,410__850440
2026,2026,Rep. of Korea,KOR,410,850440,Electrical static converters,2380250.2139999997,3077529.0771242357,0.0,0.0,0.0010363946534344636,0.9952852583993788,697278.863124236,29.294351451919926,3,random_forest,False,non_hydrocarbon_diversification,410__850440
2024,2024,Rep. of Korea,KOR,410,851770,Telephone sets and other apparatus for the transmission or r,3282791.0549999997,3062287.565857948,0.0,0.0,0.00044352889636002565,0.9914361436957605,-220503.4891420519,-6.716951686772886,1,random_forest,False,non_hydrocarbon_diversification,410__851770
2025,2025,Rep. of Korea,KOR,410,851770,Telephone sets and other apparatus for the transmission or r,3282791.0549999997,2177522.50823495,0.0,0.0,0.00044352889636002565,0.9914361436957605,-1105268.54676505,-33.66856215480489,2,random_forest,False,non_hydrocarbon_diversification,410__851770
2026,2026,Rep. of Korea,KOR,410,851770,Telephone sets and other apparatus for the transmission or r,3282791.0549999997,1728649.7175452742,0.0,0.0,0.00044352889636002565,0.9914361436957605,-1554141.3374547255,-47.342072992663425,3,random_forest,False,non_hydrocarbon_diversification,410__851770
2024,2024,Rep. of Korea,KOR,410,852990,Reception and transmission apparatus: for use with the appar,1677143.357,1369650.520589636,0.0,0.0,0.006108660443749396,0.9873945732569614,-307492.83641036414,-18.334320386326052,1,random_forest,False,non_hydrocarbon_diversification,410__852990
2025,2025,Rep. of Korea,KOR,410,852990,Reception and transmission apparatus: for use with the appar,1677143.357,1228259.884790637,0.0,0.0,0.006108660443749396,0.9873945732569614,-448883.472209363,-26.764764641962746,2,random_forest,False,non_hydrocarbon_diversification,410__852990
2026,2026,Rep. of Korea,KOR,410,852990,Reception and transmission apparatus: for use with the appar,1677143.357,1139324.9039252969,0.0,0.0,0.006108660443749396,0.9873945732569614,-537818.4530747032,-32.06753023407189,3,random_forest,False,non_hydrocarbon_diversification,410__852990
2024,2024,Rep. of Korea,KOR,410,853400,Circuits: printed,2839981.814,2058999.5515793613,0.0,0.0,1.1002339092700973e-05,0.988356851932866,-780982.2624206385,-27.499551531305634,1,random_forest,False,non_hydrocarbon_diversification,410__853400
2025,2025,Rep. of Korea,KOR,410,853400,Circuits: printed,2839981.814,1534695.0173588104,0.0,0.0,1.1002339092700973e-05,0.988356851932866,-1305286.7966411894,-45.96109701148915,2,random_forest,False,non_hydrocarbon_diversification,410__853400
2026,2026,Rep. of Korea,KOR,410,853400,Circuits: printed,2839981.814,1306418.0043371283,0.0,0.0,1.1002339092700973e-05,0.988356851932866,-1533563.8096628715,-53.999071476549666,3,random_forest,False,non_hydrocarbon_diversification,410__853400
2024,2024,Rep. of Korea,KOR,410,853710,"Boards, panels, consoles, desks and other bases: for electri",1729900.914,1948683.8984923954,0.982,5.676625707592406e-07,0.0034796814384586484,0.9935531567827506,218782.9844923953,12.647139655329143,1,random_forest,False,non_hydrocarbon_diversification,410__853710
2025,2025,Rep. of Korea,KOR,410,853710,"Boards, panels, consoles, desks and other bases: for electri",1729900.914,2073340.5033635923,0.982,5.676625707592406e-07,0.0034796814384586484,0.9935531567827506,343439.5893635922,19.853136476439378,2,random_forest,False,non_hydrocarbon_diversification,410__853710
2026,2026,Rep. of Korea,KOR,410,853710,"Boards, panels, consoles, desks and other bases: for electri",1729900.914,2278978.9219939797,0.982,5.676625707592406e-07,0.0034796814384586484,0.9935531567827506,549078.0079939796,31.74043111662172,3,random_forest,False,non_hydrocarbon_diversification,410__853710
2024,2024,Rep. of Korea,KOR,410,854140,"Electrical apparatus: photosensitive, including photovoltaic",2790864.8819999998,2924803.131118416,0.0,0.0,2.6114010762027728e-05,0.994707891193836,133938.2491184161,4.799166379650482,1,random_forest,False,non_hydrocarbon_diversification,410__854140
2025,2025,Rep. of Korea,KOR,410,854140,"Electrical apparatus: photosensitive, including photovoltaic",2790864.8819999998,2992939.56611382,0.0,0.0,2.6114010762027728e-05,0.994707891193836,202074.68411382008,7.2405756873836395,2,random_forest,False,non_hydrocarbon_diversification,410__854140
2026,2026,Rep. of Korea,KOR,410,854140,"Electrical apparatus: photosensitive, including photovoltaic",2790864.8819999998,3027724.5141006685,0.0,0.0,2.6114010762027728e-05,0.994707891193836,236859.63210066874,8.48696164505569,3,random_forest,False,non_hydrocarbon_diversification,410__854140
2024,2024,Rep. of Korea,KOR,410,854231,"Electronic integrated circuits: processors and controllers, ",26762744.311,23678728.613821503,0.0,0.0,0.0014564602011438417,0.998941917367816,-3084015.697178498,-11.523540565721836,1,random_forest,False,non_hydrocarbon_diversification,410__854231
2025,2025,Rep. of Korea,KOR,410,854231,"Electronic integrated circuits: processors and controllers, ",26762744.311,22413023.15911321,0.0,0.0,0.0014564602011438417,0.998941917367816,-4349721.151886791,-16.25289656897769,2,random_forest,False,non_hydrocarbon_diversification,410__854231
2026,2026,Rep. of Korea,KOR,410,854231,"Electronic integrated circuits: processors and controllers, ",26762744.311,20899234.847044226,0.0,0.0,0.0014564602011438417,0.998941917367816,-5863509.463955775,-21.909223492994926,3,random_forest,False,non_hydrocarbon_diversification,410__854231
2024,2024,Rep. of Korea,KOR,410,854232,Electronic integrated circuits: memories,14435245.019,10035020.077366358,0.0,0.0,,0.9972098157511878,-4400224.941633642,-30.482509551046522,1,random_forest,False,non_hydrocarbon_diversification,410__854232
2025,2025,Rep. of Korea,KOR,410,854232,Electronic integrated circuits: memories,14435245.019,7413702.652019266,0.0,0.0,,0.9972098157511878,-7021542.366980733,-48.64165698426884,2,random_forest,False,non_hydrocarbon_diversification,410__854232
2026,2026,Rep. of Korea,KOR,410,854232,Electronic integrated circuits: memories,14435245.019,6036331.779709009,0.0,0.0,,0.9972098157511878,-8398913.23929099,-58.183378447931766,3,random_forest,False,non_hydrocarbon_diversification,410__854232
2024,2024,Rep. of Korea,KOR,410,854239,Electronic integrated circuits: n.e.c. in heading no. 8542,9135165.734000001,7993488.758707504,0.0,0.0,0.00015457184563047468,0.9985570058974541,-1141676.9752924973,-12.497605500941393,1,random_forest,False,non_hydrocarbon_diversification,410__854239
2025,2025,Rep. of Korea,KOR,410,854239,Electronic integrated circuits: n.e.c. in heading no. 8542,9135165.734000001,6913141.5941820955,0.0,0.0,0.00015457184563047468,0.9985570058974541,-2222024.1398179056,-24.323851416814428,2,random_forest,False,non_hydrocarbon_diversification,410__854239
2026,2026,Rep. of Korea,KOR,410,854239,Electronic integrated circuits: n.e.c. in heading no. 8542,9135165.734000001,6157094.977033346,0.0,0.0,0.00015457184563047468,0.9985570058974541,-2978070.756966655,-32.600073645983564,3,random_forest,False,non_hydrocarbon_diversification,410__854239
2024,2024,Rep. of Korea,KOR,410,901380,"Optical devices, appliances and instruments: n.e.c. in headi",242674.753,169401.85050330378,0.0,0.0,,0.8755777911168537,-73272.90249669622,-30.193871258085185,1,random_forest,False,non_hydrocarbon_diversification,410__901380
2025,2025,Rep. of Korea,KOR,410,901380,"Optical devices, appliances and instruments: n.e.c. in headi",242674.753,258188.95854285144,0.0,0.0,,0.8755777911168537,15514.205542851443,6.393003537064049,2,random_forest,False,non_hydrocarbon_diversification,410__901380
2026,2026,Rep. of Korea,KOR,410,901380,"Optical devices, appliances and instruments: n.e.c. in headi",242674.753,288232.86384170403,0.0,0.0,,0.8755777911168537,45558.11084170404,18.773321195758687,3,random_forest,False,non_hydrocarbon_diversification,410__901380
2024,2024,Kuwait,KWT,414,870324,Vehicles: spark-ignition internal combustion reciprocating p,2155078.819,2201009.798370161,0.0,0.0,1.9715719827969783e-05,0.9950928026641979,45930.97937016096,2.131290000403505,1,random_forest,False,non_hydrocarbon_diversification,414__870324
2025,2025,Kuwait,KWT,414,870324,Vehicles: spark-ignition internal combustion reciprocating p,2155078.819,2242262.468326295,0.0,0.0,1.9715719827969783e-05,0.9950928026641979,87183.64932629466,4.045497016519777,2,random_forest,False,non_hydrocarbon_diversification,414__870324
2026,2026,Kuwait,KWT,414,870324,Vehicles: spark-ignition internal combustion reciprocating p,2155078.819,2360216.174382068,0.0,0.0,1.9715719827969783e-05,0.9950928026641979,205137.35538206808,9.518786671443227,3,random_forest,False,non_hydrocarbon_diversification,414__870324
2024,2024,Malaysia,MYS,458,260111,Iron ores and concentrates: non-agglomerated,2048677.159,2054058.1390999323,0.0,0.0,0.01523787365372311,0.9970173600160069,5380.980099932291,0.2626563231933944,1,random_forest,False,non_hydrocarbon_diversification,458__260111
2025,2025,Malaysia,MYS,458,260111,Iron ores and concentrates: non-agglomerated,2048677.159,2137549.4028538633,0.0,0.0,0.01523787365372311,0.9970173600160069,88872.24385386333,4.338030687921743,2,random_forest,False,non_hydrocarbon_diversification,458__260111
2026,2026,Malaysia,MYS,458,260111,Iron ores and concentrates: non-agglomerated,2048677.159,2114803.7444423987,0.0,0.0,0.01523787365372311,0.9970173600160069,66126.58544239867,3.227769936902912,3,random_forest,False,non_hydrocarbon_diversification,458__260111
2024,2024,Malaysia,MYS,458,853400,Circuits: printed,2905094.5239999997,2042898.736280852,0.0,0.0,1.1002339092700973e-05,0.988356851932866,-862195.7877191477,-29.678751606746268,1,random_forest,False,non_hydrocarbon_diversification,458__853400
2025,2025,Malaysia,MYS,458,853400,Circuits: printed,2905094.5239999997,1528349.49491629,0.0,0.0,1.1002339092700973e-05,0.988356851932866,-1376745.0290837097,-47.39071371722808,2,random_forest,False,non_hydrocarbon_diversification,458__853400
2026,2026,Malaysia,MYS,458,853400,Circuits: printed,2905094.5239999997,1289674.402837661,0.0,0.0,1.1002339092700973e-05,0.988356851932866,-1615420.1211623386,-55.606456444593775,3,random_forest,False,non_hydrocarbon_diversification,458__853400
2024,2024,Malaysia,MYS,458,854231,"Electronic integrated circuits: processors and controllers, ",11694956.219,10843274.845247552,0.0,0.0,0.0014564602011438417,0.998941917367816,-851681.3737524487,-7.282467397088498,1,random_forest,False,non_hydrocarbon_diversification,458__854231
2025,2025,Malaysia,MYS,458,854231,"Electronic integrated circuits: processors and controllers, ",11694956.219,10086179.92751639,0.0,0.0,0.0014564602011438417,0.998941917367816,-1608776.2914836109,-13.7561548872662,2,random_forest,False,non_hydrocarbon_diversification,458__854231
2026,2026,Malaysia,MYS,458,854231,"Electronic integrated circuits: processors and controllers, ",11694956.219,8684347.903357264,0.0,0.0,0.0014564602011438417,0.998941917367816,-3010608.315642737,-25.74279252753085,3,random_forest,False,non_hydrocarbon_diversification,458__854231
2024,2024,Malaysia,MYS,458,854232,Electronic integrated circuits: memories,8490295.294,6939322.118810552,0.0,0.0,,0.9972098157511878,-1550973.1751894476,-18.267599906513308,1,random_forest,False,non_hydrocarbon_diversification,458__854232
2025,2025,Malaysia,MYS,458,854232,Electronic integrated circuits: memories,8490295.294,5615444.296632169,0.0,0.0,,0.9972098157511878,-2874850.997367831,-33.86043591910705,2,random_forest,False,non_hydrocarbon_diversification,458__854232
2026,2026,Malaysia,MYS,458,854232,Electronic integrated circuits: memories,8490295.294,4253341.359871578,0.0,0.0,,0.9972098157511878,-4236953.934128421,-49.90349319325361,3,random_forest,False,non_hydrocarbon_diversification,458__854232
2024,2024,Malaysia,MYS,458,854239,Electronic integrated circuits: n.e.c. in heading no. 8542,9585478.501,8036434.459388689,0.0,0.0,0.00015457184563047468,0.9985570058974541,-1549044.041611311,-16.160320441485606,1,random_forest,False,non_hydrocarbon_diversification,458__854239
2025,2025,Malaysia,MYS,458,854239,Electronic integrated circuits: n.e.c. in heading no. 8542,9585478.501,6814720.153693567,0.0,0.0,0.00015457184563047468,0.9985570058974541,-2770758.347306433,-28.905790639636564,2,random_forest,False,non_hydrocarbon_diversification,458__854239
2026,2026,Malaysia,MYS,458,854239,Electronic integrated circuits: n.e.c. in heading no. 8542,9585478.501,6169720.19537177,0.0,0.0,0.00015457184563047468,0.9985570058974541,-3415758.30562823,-35.6347187599647,3,random_forest,False,non_hydrocarbon_diversification,458__854239
2024,2024,Malaysia,MYS,458,901380,"Optical devices, appliances and instruments: n.e.c. in headi",95208.879,224743.84369993705,0.0,0.0,,0.8755777911168537,129534.96469993705,136.0534501198539,1,random_forest,False,non_hydrocarbon_diversification,458__901380
2025,2025,Malaysia,MYS,458,901380,"Optical devices, appliances and instruments: n.e.c. in headi",95208.879,158125.61803280492,0.0,0.0,,0.8755777911168537,62916.73903280492,66.08284825284511,2,random_forest,False,non_hydrocarbon_diversification,458__901380
2026,2026,Malaysia,MYS,458,901380,"Optical devices, appliances and instruments: n.e.c. in headi",95208.879,265099.90450531326,0.0,0.0,,0.8755777911168537,169891.02550531324,178.44031700584694,3,random_forest,False,non_hydrocarbon_diversification,458__901380
2024,2024,Mexico,MEX,484,120190,"Soya beans: other than seed, whether or not broken",3568307.909,3683430.7291799695,0.0,0.0,1.4519592151066263e-05,0.9945154354586551,115122.82017996954,3.226258022453901,1,random_forest,False,non_hydrocarbon_diversification,484__120190
2025,2025,Mexico,MEX,484,120190,"Soya beans: other than seed, whether or not broken",3568307.909,3658550.466806136,0.0,0.0,1.4519592151066263e-05,0.9945154354586551,90242.55780613609,2.5290014232943845,2,random_forest,False,non_hydrocarbon_diversification,484__120190
2026,2026,Mexico,MEX,484,120190,"Soya beans: other than seed, whether or not broken",3568307.909,3583255.0557688083,0.0,0.0,1.4519592151066263e-05,0.9945154354586551,14947.146768808365,0.41888612614143,3,random_forest,False,non_hydrocarbon_diversification,484__120190
2024,2024,Mexico,MEX,484,392690,Plastics: other articles n.e.c. in chapter 39,5115275.555,4855305.206267275,0.0,0.0,0.005497190715296392,0.9931682453123887,-259970.3487327248,-5.082235471725722,1,random_forest,False,non_hydrocarbon_diversification,484__392690
2025,2025,Mexico,MEX,484,392690,Plastics: other articles n.e.c. in chapter 39,5115275.555,4733427.797890023,0.0,0.0,0.005497190715296392,0.9931682453123887,-381847.7571099764,-7.464852147343926,2,random_forest,False,non_hydrocarbon_diversification,484__392690
2026,2026,Mexico,MEX,484,392690,Plastics: other articles n.e.c. in chapter 39,5115275.555,4328152.111419089,0.0,0.0,0.005497190715296392,0.9931682453123887,-787123.4435809106,-15.387703655798667,3,random_forest,False,non_hydrocarbon_diversification,484__392690
2024,2024,Mexico,MEX,484,401110,"Rubber: new pneumatic tyres, of a kind used on motor cars (i",1436409.6609999998,1486550.9827234198,0.0,0.0,0.08491395706720468,0.9881643961976851,50141.32172341994,3.4907396604748917,1,random_forest,False,non_hydrocarbon_diversification,484__401110
2025,2025,Mexico,MEX,484,401110,"Rubber: new pneumatic tyres, of a kind used on motor cars (i",1436409.6609999998,1475107.2073145418,0.0,0.0,0.08491395706720468,0.9881643961976851,38697.54631454195,2.6940466473611355,2,random_forest,False,non_hydrocarbon_diversification,484__401110
2026,2026,Mexico,MEX,484,401110,"Rubber: new pneumatic tyres, of a kind used on motor cars (i",1436409.6609999998,1484471.6100907442,0.0,0.0,0.08491395706720468,0.9881643961976851,48061.94909074437,3.3459778498903017,3,random_forest,False,non_hydrocarbon_diversification,484__401110
2024,2024,Mexico,MEX,484,732690,Iron or steel: articles n.e.c.in heading 7326,3372073.687,3735544.7335328097,0.0,0.0,0.0026880511270757357,0.9902814092846751,363471.04653280973,10.7788583604819,1,random_forest,False,non_hydrocarbon_diversification,484__732690
2025,2025,Mexico,MEX,484,732690,Iron or steel: articles n.e.c.in heading 7326,3372073.687,3940953.2943056207,0.0,0.0,0.0026880511270757357,0.9902814092846751,568879.6073056208,16.87031957512561,2,random_forest,False,non_hydrocarbon_diversification,484__732690
2026,2026,Mexico,MEX,484,732690,Iron or steel: articles n.e.c.in heading 7326,3372073.687,4008804.624152021,0.0,0.0,0.0026880511270757357,0.9902814092846751,636730.9371520211,18.882473998321647,3,random_forest,False,non_hydrocarbon_diversification,484__732690
2024,2024,Mexico,MEX,484,844399,"Printing machinery: parts and accessories, n.e.c. in item no",873805.563,670756.8991532181,0.0,0.0,0.0015052307619635799,0.9860473831106951,-203048.66384678183,-23.237282119109356,1,random_forest,False,non_hydrocarbon_diversification,484__844399
2025,2025,Mexico,MEX,484,844399,"Printing machinery: parts and accessories, n.e.c. in item no",873805.563,634679.2280046241,0.0,0.0,0.0015052307619635799,0.9860473831106951,-239126.33499537583,-27.366080638625533,2,random_forest,False,non_hydrocarbon_diversification,484__844399
2026,2026,Mexico,MEX,484,844399,"Printing machinery: parts and accessories, n.e.c. in item no",873805.563,644430.79011734,0.0,0.0,0.0015052307619635799,0.9860473831106951,-229374.77288265992,-26.25009299496299,3,random_forest,False,non_hydrocarbon_diversification,484__844399
2024,2024,Mexico,MEX,484,847170,Units of automatic data processing machines: storage units,1602556.218,1453482.149536945,0.0,0.0,0.0002894165660946154,0.9895115863439514,-149074.06846305518,-9.302267638953754,1,random_forest,False,non_hydrocarbon_diversification,484__847170
2025,2025,Mexico,MEX,484,847170,Units of automatic data processing machines: storage units,1602556.218,1274106.7390568128,0.0,0.0,0.0002894165660946154,0.9895115863439514,-328449.4789431873,-20.49534832251278,2,random_forest,False,non_hydrocarbon_diversification,484__847170
2026,2026,Mexico,MEX,484,847170,Units of automatic data processing machines: storage units,1602556.218,1097520.7505977522,0.0,0.0,0.0002894165660946154,0.9895115863439514,-505035.46740224794,-31.51436821558343,3,random_forest,False,non_hydrocarbon_diversification,484__847170
2024,2024,Mexico,MEX,484,847330,Machinery: parts and accessories of the machines of heading ,10939345.103,8519654.271951202,0.0,0.0,0.0011502606559259617,0.9958626256049214,-2419690.831048798,-22.11915620419748,1,random_forest,False,non_hydrocarbon_diversification,484__847330
2025,2025,Mexico,MEX,484,847330,Machinery: parts and accessories of the machines of heading ,10939345.103,7642450.353683636,0.0,0.0,0.0011502606559259617,0.9958626256049214,-3296894.7493163645,-30.137953581994832,2,random_forest,False,non_hydrocarbon_diversification,484__847330
2026,2026,Mexico,MEX,484,847330,Machinery: parts and accessories of the machines of heading ,10939345.103,6130136.371654536,0.0,0.0,0.0011502606559259617,0.9958626256049214,-4809208.7313454645,-43.962492142482915,3,random_forest,False,non_hydrocarbon_diversification,484__847330
2024,2024,Mexico,MEX,484,848180,"Taps, cocks, valves and similar appliances: for pipes, boile",1821547.449,1891385.9183439678,0.0,0.0,0.006752332649583884,0.9906663207550369,69838.46934396774,3.8340186736451973,1,random_forest,False,non_hydrocarbon_diversification,484__848180
2025,2025,Mexico,MEX,484,848180,"Taps, cocks, valves and similar appliances: for pipes, boile",1821547.449,1960724.26366263,0.0,0.0,0.006752332649583884,0.9906663207550369,139176.81466262997,7.640581349612155,2,random_forest,False,non_hydrocarbon_diversification,484__848180
2026,2026,Mexico,MEX,484,848180,"Taps, cocks, valves and similar appliances: for pipes, boile",1821547.449,2054995.351545616,0.0,0.0,0.006752332649583884,0.9906663207550369,233447.90254561603,12.815911145975095,3,random_forest,False,non_hydrocarbon_diversification,484__848180
2024,2024,Mexico,MEX,484,850440,Electrical static converters,4299383.907,4372036.955864084,0.0,0.0,0.0010363946534344636,0.9952852583993788,72653.0488640843,1.6898479046217516,1,random_forest,False,non_hydrocarbon_diversification,484__850440
2025,2025,Mexico,MEX,484,850440,Electrical static converters,4299383.907,4708002.6434970135,0.0,0.0,0.0010363946534344636,0.9952852583993788,408618.73649701383,9.504123040320387,2,random_forest,False,non_hydrocarbon_diversification,484__850440
2026,2026,Mexico,MEX,484,850440,Electrical static converters,4299383.907,4779165.917504123,0.0,0.0,0.0010363946534344636,0.9952852583993788,479782.01050412375,11.159320053344652,3,random_forest,False,non_hydrocarbon_diversification,484__850440
2024,2024,Mexico,MEX,484,851712,Telephones for cellular networks or for other wireless netwo,11634269.409,10864661.625373924,0.0,0.0,0.0006325295349067288,0.9993268288381778,-769607.7836260758,-6.615007411043147,1,random_forest,False,non_hydrocarbon_diversification,484__851712
2025,2025,Mexico,MEX,484,851712,Telephones for cellular networks or for other wireless netwo,11634269.409,11381781.851901459,0.0,0.0,0.0006325295349067288,0.9993268288381778,-252487.5570985414,-2.170205521484855,2,random_forest,False,non_hydrocarbon_diversification,484__851712
2026,2026,Mexico,MEX,484,851712,Telephones for cellular networks or for other wireless netwo,11634269.409,12041980.038795456,0.0,0.0,0.0006325295349067288,0.9993268288381778,407710.6297954563,3.504393919914394,3,random_forest,False,non_hydrocarbon_diversification,484__851712
2024,2024,Mexico,MEX,484,851762,Communication apparatus (excluding telephone sets or base st,8518209.994,8787117.470947867,0.0,0.0,0.0011653840293270972,0.9975947272215496,268907.4769478664,3.1568542820296477,1,random_forest,False,non_hydrocarbon_diversification,484__851762
2025,2025,Mexico,MEX,484,851762,Communication apparatus (excluding telephone sets or base st,8518209.994,8850301.381084349,0.0,0.0,0.0011653840293270972,0.9975947272215496,332091.3870843481,3.8986053093110455,2,random_forest,False,non_hydrocarbon_diversification,484__851762
2026,2026,Mexico,MEX,484,851762,Communication apparatus (excluding telephone sets or base st,8518209.994,8900215.461547744,0.0,0.0,0.0011653840293270972,0.9975947272215496,382005.46754774265,4.484574433088842,3,random_forest,False,non_hydrocarbon_diversification,484__851762
2024,2024,Mexico,MEX,484,851770,Telephone sets and other apparatus for the transmission or r,1927384.7010000001,1442302.989766738,0.0,0.0,0.00044352889636002565,0.9914361436957605,-485081.7112332622,-25.16787183075509,1,random_forest,False,non_hydrocarbon_diversification,484__851770
2025,2025,Mexico,MEX,484,851770,Telephone sets and other apparatus for the transmission or r,1927384.7010000001,1282305.0664619831,0.0,0.0,0.00044352889636002565,0.9914361436957605,-645079.634538017,-33.46916856833642,2,random_forest,False,non_hydrocarbon_diversification,484__851770
2026,2026,Mexico,MEX,484,851770,Telephone sets and other apparatus for the transmission or r,1927384.7010000001,1090613.7286073966,0.0,0.0,0.00044352889636002565,0.9914361436957605,-836770.9723926035,-43.41483939135011,3,random_forest,False,non_hydrocarbon_diversification,484__851770
2024,2024,Mexico,MEX,484,852990,Reception and transmission apparatus: for use with the appar,2901141.181,1737881.629573157,0.0,0.0,0.006108660443749396,0.9873945732569614,-1163259.5514268428,-40.09661987652309,1,random_forest,False,non_hydrocarbon_diversification,484__852990
2025,2025,Mexico,MEX,484,852990,Reception and transmission apparatus: for use with the appar,2901141.181,1415954.3972644538,0.0,0.0,0.006108660443749396,0.9873945732569614,-1485186.783735546,-51.19319230178292,2,random_forest,False,non_hydrocarbon_diversification,484__852990
2026,2026,Mexico,MEX,484,852990,Reception and transmission apparatus: for use with the appar,2901141.181,1317755.7718976089,0.0,0.0,0.006108660443749396,0.9873945732569614,-1583385.409102391,-54.57801983137583,3,random_forest,False,non_hydrocarbon_diversification,484__852990
2024,2024,Mexico,MEX,484,853400,Circuits: printed,2950893.128,2067364.2344924267,0.0,0.0,1.1002339092700973e-05,0.988356851932866,-883528.8935075733,-29.941067167905018,1,random_forest,False,non_hydrocarbon_diversification,484__853400
2025,2025,Mexico,MEX,484,853400,Circuits: printed,2950893.128,1547970.9225702202,0.0,0.0,1.1002339092700973e-05,0.988356851932866,-1402922.2054297798,-47.54229125134822,2,random_forest,False,non_hydrocarbon_diversification,484__853400
2026,2026,Mexico,MEX,484,853400,Circuits: printed,2950893.128,1324401.0581612934,0.0,0.0,1.1002339092700973e-05,0.988356851932866,-1626492.0698387066,-55.11863694437078,3,random_forest,False,non_hydrocarbon_diversification,484__853400
2024,2024,Mexico,MEX,484,853710,"Boards, panels, consoles, desks and other bases: for electri",2365863.764,2537472.766542417,0.0,0.0,0.0034796814384586484,0.9935531567827506,171609.00254241703,7.253545413463505,1,random_forest,False,non_hydrocarbon_diversification,484__853710
2025,2025,Mexico,MEX,484,853710,"Boards, panels, consoles, desks and other bases: for electri",2365863.764,2852487.0417805533,0.0,0.0,0.0034796814384586484,0.9935531567827506,486623.2777805533,20.568524916152075,2,random_forest,False,non_hydrocarbon_diversification,484__853710
2026,2026,Mexico,MEX,484,853710,"Boards, panels, consoles, desks and other bases: for electri",2365863.764,3402510.455535841,0.0,0.0,0.0034796814384586484,0.9935531567827506,1036646.6915358412,43.8168379477256,3,random_forest,False,non_hydrocarbon_diversification,484__853710
2024,2024,Mexico,MEX,484,854140,"Electrical apparatus: photosensitive, including photovoltaic",1700973.4409999999,2051370.6784716176,0.0,0.0,2.6114010762027728e-05,0.994707891193836,350397.23747161776,20.599806500542403,1,random_forest,False,non_hydrocarbon_diversification,484__854140
2025,2025,Mexico,MEX,484,854140,"Electrical apparatus: photosensitive, including photovoltaic",1700973.4409999999,2887864.392761022,0.0,0.0,2.6114010762027728e-05,0.994707891193836,1186890.951761022,69.77715954596272,2,random_forest,False,non_hydrocarbon_diversification,484__854140
2026,2026,Mexico,MEX,484,854140,"Electrical apparatus: photosensitive, including photovoltaic",1700973.4409999999,3105638.0065272218,0.0,0.0,2.6114010762027728e-05,0.994707891193836,1404664.565527222,82.58004103235272,3,random_forest,False,non_hydrocarbon_diversification,484__854140
2024,2024,Mexico,MEX,484,854231,"Electronic integrated circuits: processors and controllers, ",14987393.004999999,13906725.404368514,0.0,0.0,0.0014564602011438417,0.998941917367816,-1080667.6006314848,-7.210510862502634,1,random_forest,False,non_hydrocarbon_diversification,484__854231
2025,2025,Mexico,MEX,484,854231,"Electronic integrated circuits: processors and controllers, ",14987393.004999999,12276476.456357088,0.0,0.0,0.0014564602011438417,0.998941917367816,-2710916.548642911,-18.087979328616473,2,random_forest,False,non_hydrocarbon_diversification,484__854231
2026,2026,Mexico,MEX,484,854231,"Electronic integrated circuits: processors and controllers, ",14987393.004999999,11520642.69119526,0.0,0.0,0.0014564602011438417,0.998941917367816,-3466750.313804738,-23.13110967763495,3,random_forest,False,non_hydrocarbon_diversification,484__854231
2024,2024,Mexico,MEX,484,854232,Electronic integrated circuits: memories,1050629.8090000001,1033434.3592452076,0.0,0.0,,0.9972098157511878,-17195.4497547925,-1.6366801710261103,1,random_forest,False,non_hydrocarbon_diversification,484__854232
2025,2025,Mexico,MEX,484,854232,Electronic integrated circuits: memories,1050629.8090000001,1043778.8789273761,0.0,0.0,,0.9972098157511878,-6850.9300726240035,-0.6520784023008814,2,random_forest,False,non_hydrocarbon_diversification,484__854232
2026,2026,Mexico,MEX,484,854232,Electronic integrated circuits: memories,1050629.8090000001,1028046.9406755153,0.0,0.0,,0.9972098157511878,-22582.868324484793,-2.149460079186159,3,random_forest,False,non_hydrocarbon_diversification,484__854232
2024,2024,Mexico,MEX,484,870322,Vehicles: spark-ignition internal combustion reciprocating p,6298717.471,8361705.059253428,0.0,0.0,6.24687399865046e-05,0.996632448545645,2062987.5882534282,32.75250235864133,1,random_forest,False,non_hydrocarbon_diversification,484__870322
2025,2025,Mexico,MEX,484,870322,Vehicles: spark-ignition internal combustion reciprocating p,6298717.471,10174292.357833201,0.0,0.0,6.24687399865046e-05,0.996632448545645,3875574.886833201,61.52958764505285,2,random_forest,False,non_hydrocarbon_diversification,484__870322
2026,2026,Mexico,MEX,484,870322,Vehicles: spark-ignition internal combustion reciprocating p,6298717.471,11023416.707202453,0.0,0.0,6.24687399865046e-05,0.996632448545645,4724699.236202453,75.01049631064573,3,random_forest,False,non_hydrocarbon_diversification,484__870322
2024,2024,Mexico,MEX,484,870323,Vehicles: spark-ignition internal combustion reciprocating p,6304190.578,6603416.567834799,0.0,0.0,0.0001679715272888296,0.9983645501622732,299225.98983479943,4.746461677079069,1,random_forest,False,non_hydrocarbon_diversification,484__870323
2025,2025,Mexico,MEX,484,870323,Vehicles: spark-ignition internal combustion reciprocating p,6304190.578,7190456.237563032,0.0,0.0,0.0001679715272888296,0.9983645501622732,886265.659563032,14.058357668562094,2,random_forest,False,non_hydrocarbon_diversification,484__870323
2026,2026,Mexico,MEX,484,870323,Vehicles: spark-ignition internal combustion reciprocating p,6304190.578,8014908.43026226,0.0,0.0,0.0001679715272888296,0.9983645501622732,1710717.8522622604,27.13620140596994,3,random_forest,False,non_hydrocarbon_diversification,484__870323
2024,2024,Mexico,MEX,484,870324,Vehicles: spark-ignition internal combustion reciprocating p,1897786.2629999998,1999466.266777864,0.0,0.0,1.9715719827969783e-05,0.9950928026641979,101680.00377786416,5.357821676774576,1,random_forest,False,non_hydrocarbon_diversification,484__870324
2025,2025,Mexico,MEX,484,870324,Vehicles: spark-ignition internal combustion reciprocating p,1897786.2629999998,2358099.006451169,0.0,0.0,1.9715719827969783e-05,0.9950928026641979,460312.7434511692,24.255246885574557,2,random_forest,False,non_hydrocarbon_diversification,484__870324
2026,2026,Mexico,MEX,484,870324,Vehicles: spark-ignition internal combustion reciprocating p,1897786.2629999998,2524322.6779308748,0.0,0.0,1.9715719827969783e-05,0.9950928026641979,626536.414930875,33.01406629113507,3,random_forest,False,non_hydrocarbon_diversification,484__870324
2024,2024,Mexico,MEX,484,870829,"Vehicles: parts and accessories, of bodies, other than safet",5224041.264,5537164.4894978795,0.0,0.0,0.002668926277810602,0.9939380682531124,313123.2254978791,5.993888824264828,1,random_forest,False,non_hydrocarbon_diversification,484__870829
2025,2025,Mexico,MEX,484,870829,"Vehicles: parts and accessories, of bodies, other than safet",5224041.264,5837187.7550556185,0.0,0.0,0.002668926277810602,0.9939380682531124,613146.491055618,11.737014699346716,2,random_forest,False,non_hydrocarbon_diversification,484__870829
2026,2026,Mexico,MEX,484,870829,"Vehicles: parts and accessories, of bodies, other than safet",5224041.264,6064522.721395075,0.0,0.0,0.002668926277810602,0.9939380682531124,840481.4573950749,16.088721641366323,3,random_forest,False,non_hydrocarbon_diversification,484__870829
2024,2024,Mexico,MEX,484,870840,Vehicle parts: gear boxes and parts thereof,6422873.4350000005,6817790.351251458,0.0,0.0,9.192471266073504e-06,0.9922059666364842,394916.9162514573,6.148601871857642,1,random_forest,False,non_hydrocarbon_diversification,484__870840
2025,2025,Mexico,MEX,484,870840,Vehicle parts: gear boxes and parts thereof,6422873.4350000005,6829949.105876448,0.0,0.0,9.192471266073504e-06,0.9922059666364842,407075.6708764471,6.337905845352331,2,random_forest,False,non_hydrocarbon_diversification,484__870840
2026,2026,Mexico,MEX,484,870840,Vehicle parts: gear boxes and parts thereof,6422873.4350000005,6954178.963885674,0.0,0.0,9.192471266073504e-06,0.9922059666364842,531305.5288856737,8.272084671487438,3,random_forest,False,non_hydrocarbon_diversification,484__870840
2024,2024,Mexico,MEX,484,870899,Vehicle parts and accessories: n.e.c. in heading no. 8708,5360617.01,5738286.294975086,0.0,0.0,0.00021185249227684155,0.9954777141345597,377669.28497508634,7.045257743102344,1,random_forest,False,non_hydrocarbon_diversification,484__870899
2025,2025,Mexico,MEX,484,870899,Vehicle parts and accessories: n.e.c. in heading no. 8708,5360617.01,6159894.790909735,0.0,0.0,0.00021185249227684155,0.9954777141345597,799277.7809097348,14.910182529710974,2,random_forest,False,non_hydrocarbon_diversification,484__870899
2026,2026,Mexico,MEX,484,870899,Vehicle parts and accessories: n.e.c. in heading no. 8708,5360617.01,6653079.157669676,0.0,0.0,0.00021185249227684155,0.9954777141345597,1292462.1476696758,24.11032433875883,3,random_forest,False,non_hydrocarbon_diversification,484__870899
2024,2024,Mexico,MEX,484,901380,"Optical devices, appliances and instruments: n.e.c. in headi",201328.33299999998,311148.5766952111,0.0,0.0,,0.8755777911168537,109820.24369521113,54.547833411609844,1,random_forest,False,non_hydrocarbon_diversification,484__901380
2025,2025,Mexico,MEX,484,901380,"Optical devices, appliances and instruments: n.e.c. in headi",201328.33299999998,308379.3945176234,0.0,0.0,,0.8755777911168537,107051.06151762343,53.172377639278146,2,random_forest,False,non_hydrocarbon_diversification,484__901380
2026,2026,Mexico,MEX,484,901380,"Optical devices, appliances and instruments: n.e.c. in headi",201328.33299999998,367866.5992571968,0.0,0.0,,0.8755777911168537,166538.26625719684,82.71973635086765,3,random_forest,False,non_hydrocarbon_diversification,484__901380
2024,2024,Mexico,MEX,484,901890,"Medical, surgical or dental instruments and appliances: n.e.",2704154.872,2977152.8444346315,0.0,0.0,0.0022967341751617453,0.9923984223716651,272997.97243463155,10.09550064093487,1,random_forest,False,non_hydrocarbon_diversification,484__901890
2025,2025,Mexico,MEX,484,901890,"Medical, surgical or dental instruments and appliances: n.e.",2704154.872,3200364.0247074324,0.0,0.0,0.0022967341751617453,0.9923984223716651,496209.1527074324,18.34987921163091,2,random_forest,False,non_hydrocarbon_diversification,484__901890
2026,2026,Mexico,MEX,484,901890,"Medical, surgical or dental instruments and appliances: n.e.",2704154.872,3712098.8863392584,0.0,0.0,0.0022967341751617453,0.9923984223716651,1007944.0143392584,37.27390116505348,3,random_forest,False,non_hydrocarbon_diversification,484__901890
2024,2024,Bahrain,BHR,48,260111,Iron ores and concentrates: non-agglomerated,1528375.498,1568379.9197747856,0.0,0.0,0.01523787365372311,0.9970173600160069,40004.42177478573,2.6174472063399787,1,random_forest,False,non_hydrocarbon_diversification,48__260111
2025,2025,Bahrain,BHR,48,260111,Iron ores and concentrates: non-agglomerated,1528375.498,1498275.5758673807,0.0,0.0,0.01523787365372311,0.9970173600160069,-30099.92213261919,-1.9694062206576408,2,random_forest,False,non_hydrocarbon_diversification,48__260111
2026,2026,Bahrain,BHR,48,260111,Iron ores and concentrates: non-agglomerated,1528375.498,1510720.9058231963,0.0,0.0,0.01523787365372311,0.9970173600160069,-17654.59217680362,-1.1551213821411066,3,random_forest,False,non_hydrocarbon_diversification,48__260111
2024,2024,"Other Asia, nes",S19,490,260111,Iron ores and concentrates: non-agglomerated,2180463.361,2048400.4543324893,0.0,0.0,0.01523787365372311,0.9970173600160069,-132062.90666751075,-6.056644153238342,1,random_forest,False,non_hydrocarbon_diversification,490__260111
2025,2025,"Other Asia, nes",S19,490,260111,Iron ores and concentrates: non-agglomerated,2180463.361,1972664.6279320891,0.0,0.0,0.01523787365372311,0.9970173600160069,-207798.73306791089,-9.530026359746335,2,random_forest,False,non_hydrocarbon_diversification,490__260111
2026,2026,"Other Asia, nes",S19,490,260111,Iron ores and concentrates: non-agglomerated,2180463.361,2052782.2856013118,0.0,0.0,0.01523787365372311,0.9970173600160069,-127681.0753986882,-5.855685432849069,3,random_forest,False,non_hydrocarbon_diversification,490__260111
2024,2024,"Other Asia, nes",S19,490,260300,Copper ores and concentrates,942454.732,1017480.1257993736,0.0,0.0,3.156534488379897e-07,0.9949003469290169,75025.39379937365,7.960636331058674,1,random_forest,False,non_hydrocarbon_diversification,490__260300
2025,2025,"Other Asia, nes",S19,490,260300,Copper ores and concentrates,942454.732,1015871.6719280364,0.0,0.0,3.156534488379897e-07,0.9949003469290169,73416.93992803642,7.789969898314057,2,random_forest,False,non_hydrocarbon_diversification,490__260300
2026,2026,"Other Asia, nes",S19,490,260300,Copper ores and concentrates,942454.732,1010821.0627340522,0.0,0.0,3.156534488379897e-07,0.9949003469290169,68366.33073405223,7.254070504688413,3,random_forest,False,non_hydrocarbon_diversification,490__260300
2024,2024,"Other Asia, nes",S19,490,740311,"Copper: refined, unwrought, cathodes and sections of cathode",3110638.483,2696262.5649589356,0.0,0.0,,0.9937456125179315,-414375.9180410644,-13.321249650374895,1,random_forest,False,non_hydrocarbon_diversification,490__740311
2025,2025,"Other Asia, nes",S19,490,740311,"Copper: refined, unwrought, cathodes and sections of cathode",3110638.483,2572701.884638734,0.0,0.0,,0.9937456125179315,-537936.5983612658,-17.29344638733018,2,random_forest,False,non_hydrocarbon_diversification,490__740311
2026,2026,"Other Asia, nes",S19,490,740311,"Copper: refined, unwrought, cathodes and sections of cathode",3110638.483,2397482.8799621062,0.0,0.0,,0.9937456125179315,-713155.6030378938,-22.92634155127225,3,random_forest,False,non_hydrocarbon_diversification,490__740311
2024,2024,"Other Asia, nes",S19,490,847330,Machinery: parts and accessories of the machines of heading ,4492479.2639999995,3637910.117430637,0.0,0.0,0.0011502606559259617,0.9958626256049214,-854569.1465693624,-19.022216828408325,1,random_forest,False,non_hydrocarbon_diversification,490__847330
2025,2025,"Other Asia, nes",S19,490,847330,Machinery: parts and accessories of the machines of heading ,4492479.2639999995,2938968.794716452,0.0,0.0,0.0011502606559259617,0.9958626256049214,-1553510.4692835477,-34.58024796535929,2,random_forest,False,non_hydrocarbon_diversification,490__847330
2026,2026,"Other Asia, nes",S19,490,847330,Machinery: parts and accessories of the machines of heading ,4492479.2639999995,2279103.579991589,0.0,0.0,0.0011502606559259617,0.9958626256049214,-2213375.6840084107,-49.268467452817404,3,random_forest,False,non_hydrocarbon_diversification,490__847330
2024,2024,"Other Asia, nes",S19,490,848620,Machines and apparatus of a kind used solely or principally ,11323433.245000001,11289649.494763242,0.0,0.0,,0.9920135109013033,-33783.75023675896,-0.29835253589432853,1,random_forest,False,non_hydrocarbon_diversification,490__848620
2025,2025,"Other Asia, nes",S19,490,848620,Machines and apparatus of a kind used solely or principally ,11323433.245000001,11180719.40594739,0.0,0.0,,0.9920135109013033,-142713.83905261196,-1.2603407108495914,2,random_forest,False,non_hydrocarbon_diversification,490__848620
2026,2026,"Other Asia, nes",S19,490,848620,Machines and apparatus of a kind used solely or principally ,11323433.245000001,10666133.752103481,0.0,0.0,,0.9920135109013033,-657299.4928965196,-5.804772092304762,3,random_forest,False,non_hydrocarbon_diversification,490__848620
2024,2024,"Other Asia, nes",S19,490,853400,Circuits: printed,3493898.826,3130157.8512705397,0.0,0.0,1.1002339092700973e-05,0.988356851932866,-363740.9747294602,-10.410747215193123,1,random_forest,False,non_hydrocarbon_diversification,490__853400
2025,2025,"Other Asia, nes",S19,490,853400,Circuits: printed,3493898.826,2176768.2970626024,0.0,0.0,1.1002339092700973e-05,0.988356851932866,-1317130.5289373975,-37.69801572775701,2,random_forest,False,non_hydrocarbon_diversification,490__853400
2026,2026,"Other Asia, nes",S19,490,853400,Circuits: printed,3493898.826,1826505.1172791508,0.0,0.0,1.1002339092700973e-05,0.988356851932866,-1667393.7087208491,-47.72301064681285,3,random_forest,False,non_hydrocarbon_diversification,490__853400
2024,2024,"Other Asia, nes",S19,490,854232,Electronic integrated circuits: memories,21974724.356,22298936.15925132,0.0,0.0,,0.9972098157511878,324211.80325132236,1.475385074228698,1,random_forest,False,non_hydrocarbon_diversification,490__854232
2025,2025,"Other Asia, nes",S19,490,854232,Electronic integrated circuits: memories,21974724.356,19407429.085507467,0.0,0.0,,0.9972098157511878,-2567295.2704925314,-11.682946411073205,2,random_forest,False,non_hydrocarbon_diversification,490__854232
2026,2026,"Other Asia, nes",S19,490,854232,Electronic integrated circuits: memories,21974724.356,17372266.60209189,0.0,0.0,,0.9972098157511878,-4602457.753908109,-20.944325304592272,3,random_forest,False,non_hydrocarbon_diversification,490__854232
2024,2024,"Other Asia, nes",S19,490,854239,Electronic integrated circuits: n.e.c. in heading no. 8542,27236707.943,23744212.125693645,0.0,0.0,0.00015457184563047468,0.9985570058974541,-3492495.8173063546,-12.822753119118962,1,random_forest,False,non_hydrocarbon_diversification,490__854239
2025,2025,"Other Asia, nes",S19,490,854239,Electronic integrated circuits: n.e.c. in heading no. 8542,27236707.943,22458088.967274025,0.0,0.0,0.00015457184563047468,0.9985570058974541,-4778618.975725975,-17.544774448242777,2,random_forest,False,non_hydrocarbon_diversification,490__854239
2026,2026,"Other Asia, nes",S19,490,854239,Electronic integrated circuits: n.e.c. in heading no. 8542,27236707.943,21253848.793220393,0.0,0.0,0.00015457184563047468,0.9985570058974541,-5982859.149779607,-21.96616111719639,3,random_forest,False,non_hydrocarbon_diversification,490__854239
2024,2024,"Other Asia, nes",S19,490,901380,"Optical devices, appliances and instruments: n.e.c. in headi",206463.194,357441.12692458567,0.0,0.0,,0.8755777911168537,150977.93292458568,73.12583419812138,1,random_forest,False,non_hydrocarbon_diversification,490__901380
2025,2025,"Other Asia, nes",S19,490,901380,"Optical devices, appliances and instruments: n.e.c. in headi",206463.194,386056.942194056,0.0,0.0,,0.8755777911168537,179593.748194056,86.98584222912682,2,random_forest,False,non_hydrocarbon_diversification,490__901380
2026,2026,"Other Asia, nes",S19,490,901380,"Optical devices, appliances and instruments: n.e.c. in headi",206463.194,471003.68699687696,0.0,0.0,,0.8755777911168537,264540.49299687694,128.12961374455776,3,random_forest,False,non_hydrocarbon_diversification,490__901380
2024,2024,Netherlands,NLD,528,120190,"Soya beans: other than seed, whether or not broken",1359000.9649999999,1331439.8424156813,0.0,0.0,1.4519592151066263e-05,0.9945154354586551,-27561.12258431851,-2.0280429001990083,1,random_forest,False,non_hydrocarbon_diversification,528__120190
2025,2025,Netherlands,NLD,528,120190,"Soya beans: other than seed, whether or not broken",1359000.9649999999,1260474.8238511798,0.0,0.0,1.4519592151066263e-05,0.9945154354586551,-98526.14114882005,-7.249894862938532,2,random_forest,False,non_hydrocarbon_diversification,528__120190
2026,2026,Netherlands,NLD,528,120190,"Soya beans: other than seed, whether or not broken",1359000.9649999999,1245389.8806349894,0.0,0.0,1.4519592151066263e-05,0.9945154354586551,-113611.0843650105,-8.359897254746283,3,random_forest,False,non_hydrocarbon_diversification,528__120190
2024,2024,Netherlands,NLD,528,210690,Food preparations: n.e.c. in item no. 2106.10,2153161.2399999998,2231057.065760721,0.21,9.753101444460333e-08,0.005065075257191559,0.990473865019856,77895.82576072123,3.6177423368777175,1,random_forest,False,non_hydrocarbon_diversification,528__210690
2025,2025,Netherlands,NLD,528,210690,Food preparations: n.e.c. in item no. 2106.10,2153161.2399999998,2308853.893189675,0.21,9.753101444460333e-08,0.005065075257191559,0.990473865019856,155692.65318967542,7.230886860552786,2,random_forest,False,non_hydrocarbon_diversification,528__210690
2026,2026,Netherlands,NLD,528,210690,Food preparations: n.e.c. in item no. 2106.10,2153161.2399999998,2389897.9860169664,0.21,9.753101444460333e-08,0.005065075257191559,0.990473865019856,236736.74601696664,10.994845235880554,3,random_forest,False,non_hydrocarbon_diversification,528__210690
2024,2024,Netherlands,NLD,528,260111,Iron ores and concentrates: non-agglomerated,1540690.763,1510853.4697661232,0.075,4.867946365431672e-08,0.01523787365372311,0.9970173600160069,-29837.293233876815,-1.9366179086955957,1,random_forest,False,non_hydrocarbon_diversification,528__260111
2025,2025,Netherlands,NLD,528,260111,Iron ores and concentrates: non-agglomerated,1540690.763,1526089.160774902,0.075,4.867946365431672e-08,0.01523787365372311,0.9970173600160069,-14601.60222509806,-0.9477308864152681,2,random_forest,False,non_hydrocarbon_diversification,528__260111
2026,2026,Netherlands,NLD,528,260111,Iron ores and concentrates: non-agglomerated,1540690.763,1514959.4888019944,0.075,4.867946365431672e-08,0.01523787365372311,0.9970173600160069,-25731.274198005674,-1.6701128361347666,3,random_forest,False,non_hydrocarbon_diversification,528__260111
2024,2024,Netherlands,NLD,528,300210,"Blood, human or animal, antisera, other blood fractions and ",9843005.516,10557336.603510002,0.058,5.892509143240838e-09,6.864140758500904e-07,0.9981720944270923,714331.0875100009,7.257245628368708,1,random_forest,False,non_hydrocarbon_diversification,528__300210
2025,2025,Netherlands,NLD,528,300210,"Blood, human or animal, antisera, other blood fractions and ",9843005.516,11353100.240547076,0.058,5.892509143240838e-09,6.864140758500904e-07,0.9981720944270923,1510094.724547075,15.341805123367921,2,random_forest,False,non_hydrocarbon_diversification,528__300210
2026,2026,Netherlands,NLD,528,300210,"Blood, human or animal, antisera, other blood fractions and ",9843005.516,12510118.72034531,0.058,5.892509143240838e-09,6.864140758500904e-07,0.9981720944270923,2667113.20434531,27.096532659763977,3,random_forest,False,non_hydrocarbon_diversification,528__300210
2024,2024,Netherlands,NLD,528,300490,Medicaments: consisting of mixed or unmixed products n.e.c. ,11371304.929,11776134.605336932,0.0,0.0,0.0038597822723884733,0.9991343731029969,404829.6763369329,3.560098677017308,1,random_forest,False,non_hydrocarbon_diversification,528__300490
2025,2025,Netherlands,NLD,528,300490,Medicaments: consisting of mixed or unmixed products n.e.c. ,11371304.929,11953522.08331729,0.0,0.0,0.0038597822723884733,0.9991343731029969,582217.1543172896,5.120055771545387,2,random_forest,False,non_hydrocarbon_diversification,528__300490
2026,2026,Netherlands,NLD,528,300490,Medicaments: consisting of mixed or unmixed products n.e.c. ,11371304.929,12090682.09329157,0.0,0.0,0.0038597822723884733,0.9991343731029969,719377.16429157,6.326249878824,3,random_forest,False,non_hydrocarbon_diversification,528__300490
2024,2024,Netherlands,NLD,528,392690,Plastics: other articles n.e.c. in chapter 39,1954237.193,1827879.2960921268,0.119,6.089332473368804e-08,0.005497190715296392,0.9931682453123887,-126357.89690787322,-6.465842394182353,1,random_forest,False,non_hydrocarbon_diversification,528__392690
2025,2025,Netherlands,NLD,528,392690,Plastics: other articles n.e.c. in chapter 39,1954237.193,1744911.296348651,0.119,6.089332473368804e-08,0.005497190715296392,0.9931682453123887,-209325.89665134903,-10.711386386521864,2,random_forest,False,non_hydrocarbon_diversification,528__392690
2026,2026,Netherlands,NLD,528,392690,Plastics: other articles n.e.c. in chapter 39,1954237.193,1747384.1842036655,0.119,6.089332473368804e-08,0.005497190715296392,0.9931682453123887,-206853.0087963345,-10.584846585525737,3,random_forest,False,non_hydrocarbon_diversification,528__392690
2024,2024,Netherlands,NLD,528,401110,"Rubber: new pneumatic tyres, of a kind used on motor cars (i",1819842.351,1892020.945199246,0.0,0.0,0.08491395706720468,0.9881643961976851,72178.59419924603,3.966200377718654,1,random_forest,False,non_hydrocarbon_diversification,528__401110
2025,2025,Netherlands,NLD,528,401110,"Rubber: new pneumatic tyres, of a kind used on motor cars (i",1819842.351,1986695.9473774384,0.0,0.0,0.08491395706720468,0.9881643961976851,166853.5963774384,9.168574205658675,2,random_forest,False,non_hydrocarbon_diversification,528__401110
2026,2026,Netherlands,NLD,528,401110,"Rubber: new pneumatic tyres, of a kind used on motor cars (i",1819842.351,2215876.793239645,0.0,0.0,0.08491395706720468,0.9881643961976851,396034.44223964517,21.76201922227082,3,random_forest,False,non_hydrocarbon_diversification,528__401110
2024,2024,Netherlands,NLD,528,844399,"Printing machinery: parts and accessories, n.e.c. in item no",3606245.6859999998,3075250.051828808,0.0,0.0,0.0015052307619635799,0.9860473831106951,-530995.6341711916,-14.724333293003255,1,random_forest,False,non_hydrocarbon_diversification,528__844399
2025,2025,Netherlands,NLD,528,844399,"Printing machinery: parts and accessories, n.e.c. in item no",3606245.6859999998,1962349.2903888323,0.0,0.0,0.0015052307619635799,0.9860473831106951,-1643896.3956111674,-45.58470328278037,2,random_forest,False,non_hydrocarbon_diversification,528__844399
2026,2026,Netherlands,NLD,528,844399,"Printing machinery: parts and accessories, n.e.c. in item no",3606245.6859999998,1586733.2344159926,0.0,0.0,0.0015052307619635799,0.9860473831106951,-2019512.4515840071,-56.000412268749876,3,random_forest,False,non_hydrocarbon_diversification,528__844399
2024,2024,Netherlands,NLD,528,847130,"Automatic data processing machines: portable, weighing not m",4411581.92,3373065.6272222297,0.0,0.0,4.579819987309988e-05,0.9974022714863687,-1038516.2927777702,-23.540677961110383,1,random_forest,False,non_hydrocarbon_diversification,528__847130
2025,2025,Netherlands,NLD,528,847130,"Automatic data processing machines: portable, weighing not m",4411581.92,2831815.903618894,0.0,0.0,4.579819987309988e-05,0.9974022714863687,-1579766.0163811059,-35.80951334529692,2,random_forest,False,non_hydrocarbon_diversification,528__847130
2026,2026,Netherlands,NLD,528,847130,"Automatic data processing machines: portable, weighing not m",4411581.92,2215683.314209267,0.0,0.0,4.579819987309988e-05,0.9974022714863687,-2195898.605790733,-49.775764014164174,3,random_forest,False,non_hydrocarbon_diversification,528__847130
2024,2024,Netherlands,NLD,528,847150,Units of automatic data processing machines: processing unit,3190339.364,3319079.9578288845,0.0,0.0,0.00030882524913522914,0.9943229797234742,128740.59382888442,4.035325999534776,1,random_forest,False,non_hydrocarbon_diversification,528__847150
2025,2025,Netherlands,NLD,528,847150,Units of automatic data processing machines: processing unit,3190339.364,3390777.5340813077,0.0,0.0,0.00030882524913522914,0.9943229797234742,200438.17008130765,6.282659843120928,2,random_forest,False,non_hydrocarbon_diversification,528__847150
2026,2026,Netherlands,NLD,528,847150,Units of automatic data processing machines: processing unit,3190339.364,3426572.179481344,0.0,0.0,0.00030882524913522914,0.9943229797234742,236232.81548134377,7.404629681312605,3,random_forest,False,non_hydrocarbon_diversification,528__847150
2024,2024,Netherlands,NLD,528,847170,Units of automatic data processing machines: storage units,2408806.09,1812549.8343987223,0.333,1.3824275909232696e-07,0.0002894165660946154,0.9895115863439514,-596256.2556012776,-24.75318615627037,1,random_forest,False,non_hydrocarbon_diversification,528__847170
2025,2025,Netherlands,NLD,528,847170,Units of automatic data processing machines: storage units,2408806.09,1508568.5861877583,0.333,1.3824275909232696e-07,0.0002894165660946154,0.9895115863439514,-900237.5038122416,-37.372767677295336,2,random_forest,False,non_hydrocarbon_diversification,528__847170
2026,2026,Netherlands,NLD,528,847170,Units of automatic data processing machines: storage units,2408806.09,1273280.5539983276,0.333,1.3824275909232696e-07,0.0002894165660946154,0.9895115863439514,-1135525.5360016723,-47.14059553052991,3,random_forest,False,non_hydrocarbon_diversification,528__847170
2024,2024,Netherlands,NLD,528,847330,Machinery: parts and accessories of the machines of heading ,3325086.285,2630494.0853678477,0.05,1.503720376387165e-08,0.0011502606559259617,0.9958626256049214,-694592.1996321524,-20.88944887732898,1,random_forest,False,non_hydrocarbon_diversification,528__847330
2025,2025,Netherlands,NLD,528,847330,Machinery: parts and accessories of the machines of heading ,3325086.285,2221885.1177861253,0.05,1.503720376387165e-08,0.0011502606559259617,0.9958626256049214,-1103201.1672138749,-33.178121487872154,2,random_forest,False,non_hydrocarbon_diversification,528__847330
2026,2026,Netherlands,NLD,528,847330,Machinery: parts and accessories of the machines of heading ,3325086.285,1941176.9415016796,0.05,1.503720376387165e-08,0.0011502606559259617,0.9958626256049214,-1383909.3434983206,-41.62025357782018,3,random_forest,False,non_hydrocarbon_diversification,528__847330
2024,2024,Netherlands,NLD,528,850440,Electrical static converters,5496771.698,5889575.552115862,1.256,2.2849775632067738e-07,0.0010363946534344636,0.9952852583993788,392803.8541158624,7.146082749967296,1,random_forest,False,non_hydrocarbon_diversification,528__850440
2025,2025,Netherlands,NLD,528,850440,Electrical static converters,5496771.698,6138355.424826477,1.256,2.2849775632067738e-07,0.0010363946534344636,0.9952852583993788,641583.7268264769,11.67200971908506,2,random_forest,False,non_hydrocarbon_diversification,528__850440
2026,2026,Netherlands,NLD,528,850440,Electrical static converters,5496771.698,6326355.952122487,1.256,2.2849775632067738e-07,0.0010363946534344636,0.9952852583993788,829584.2541224873,15.092208658117118,3,random_forest,False,non_hydrocarbon_diversification,528__850440
2024,2024,Netherlands,NLD,528,851762,Communication apparatus (excluding telephone sets or base st,14241589.037,14571222.591478804,430.227,3.0209199189940084e-05,0.0011653840293270972,0.9975947272215496,329633.55447880365,2.3145840932666117,1,random_forest,False,non_hydrocarbon_diversification,528__851762
2025,2025,Netherlands,NLD,528,851762,Communication apparatus (excluding telephone sets or base st,14241589.037,14378899.663393524,430.227,3.0209199189940084e-05,0.0011653840293270972,0.9975947272215496,137310.62639352307,0.9641524273505342,2,random_forest,False,non_hydrocarbon_diversification,528__851762
2026,2026,Netherlands,NLD,528,851762,Communication apparatus (excluding telephone sets or base st,14241589.037,14570086.91151358,430.227,3.0209199189940084e-05,0.0011653840293270972,0.9975947272215496,328497.87451357953,2.306609702471641,3,random_forest,False,non_hydrocarbon_diversification,528__851762
2024,2024,Netherlands,NLD,528,854140,"Electrical apparatus: photosensitive, including photovoltaic",3615788.278,4589931.087126501,0.0,0.0,2.6114010762027728e-05,0.994707891193836,974142.809126501,26.941367531213096,1,random_forest,False,non_hydrocarbon_diversification,528__854140
2025,2025,Netherlands,NLD,528,854140,"Electrical apparatus: photosensitive, including photovoltaic",3615788.278,4705122.754405482,0.0,0.0,2.6114010762027728e-05,0.994707891193836,1089334.4764054818,30.127164331868045,2,random_forest,False,non_hydrocarbon_diversification,528__854140
2026,2026,Netherlands,NLD,528,854140,"Electrical apparatus: photosensitive, including photovoltaic",3615788.278,4836980.834747003,0.0,0.0,2.6114010762027728e-05,0.994707891193836,1221192.5567470035,33.77389556178553,3,random_forest,False,non_hydrocarbon_diversification,528__854140
2024,2024,Netherlands,NLD,528,870322,Vehicles: spark-ignition internal combustion reciprocating p,2127473.45,2668416.589662417,0.0,0.0,6.24687399865046e-05,0.996632448545645,540943.1396624167,25.42655184074878,1,random_forest,False,non_hydrocarbon_diversification,528__870322
2025,2025,Netherlands,NLD,528,870322,Vehicles: spark-ignition internal combustion reciprocating p,2127473.45,3605237.816301723,0.0,0.0,6.24687399865046e-05,0.996632448545645,1477764.3663017228,69.46100156040596,2,random_forest,False,non_hydrocarbon_diversification,528__870322
2026,2026,Netherlands,NLD,528,870322,Vehicles: spark-ignition internal combustion reciprocating p,2127473.45,4794275.937116275,0.0,0.0,6.24687399865046e-05,0.996632448545645,2666802.4871162744,125.35068238413383,3,random_forest,False,non_hydrocarbon_diversification,528__870322
2024,2024,Netherlands,NLD,528,870390,Vehicles: for transport of persons (other than those of head,9405319.282,13216412.029256312,0.0,0.0,,0.9987494616326351,3811092.7472563125,40.52061001852454,1,random_forest,False,non_hydrocarbon_diversification,528__870390
2025,2025,Netherlands,NLD,528,870390,Vehicles: for transport of persons (other than those of head,9405319.282,14383488.757437518,0.0,0.0,,0.9987494616326351,4978169.475437518,52.929298051208015,2,random_forest,False,non_hydrocarbon_diversification,528__870390
2026,2026,Netherlands,NLD,528,870390,Vehicles: for transport of persons (other than those of head,9405319.282,18713760.356340133,0.0,0.0,,0.9987494616326351,9308441.074340133,98.96996364764274,3,random_forest,False,non_hydrocarbon_diversification,528__870390
2024,2024,Netherlands,NLD,528,870421,Vehicles: compression-ignition internal combustion piston en,1875194.387,2180247.816948302,0.0,0.0,5.4398730230638e-05,0.9933607010475697,305053.429948302,16.267829728113515,1,random_forest,False,non_hydrocarbon_diversification,528__870421
2025,2025,Netherlands,NLD,528,870421,Vehicles: compression-ignition internal combustion piston en,1875194.387,2567504.6959568695,0.0,0.0,5.4398730230638e-05,0.9933607010475697,692310.3089568694,36.91938893142972,2,random_forest,False,non_hydrocarbon_diversification,528__870421
2026,2026,Netherlands,NLD,528,870421,Vehicles: compression-ignition internal combustion piston en,1875194.387,3734622.4879991757,0.0,0.0,5.4398730230638e-05,0.9933607010475697,1859428.1009991756,99.1592185796776,3,random_forest,False,non_hydrocarbon_diversification,528__870421
2024,2024,Netherlands,NLD,528,901890,"Medical, surgical or dental instruments and appliances: n.e.",5380866.62,5694364.82616752,0.0,0.0,0.0022967341751617453,0.9923984223716651,313498.20616752,5.826165714687796,1,random_forest,False,non_hydrocarbon_diversification,528__901890
2025,2025,Netherlands,NLD,528,901890,"Medical, surgical or dental instruments and appliances: n.e.",5380866.62,5795543.611398246,0.0,0.0,0.0022967341751617453,0.9923984223716651,414676.991398246,7.706509391200001,2,random_forest,False,non_hydrocarbon_diversification,528__901890
2026,2026,Netherlands,NLD,528,901890,"Medical, surgical or dental instruments and appliances: n.e.",5380866.62,6038830.234652313,0.0,0.0,0.0022967341751617453,0.9923984223716651,657963.6146523133,12.227837281949078,3,random_forest,False,non_hydrocarbon_diversification,528__901890
2024,2024,Netherlands,NLD,528,950300,"Tricycles, scooters, pedal cars and similar wheeled toys: do",1551370.531,1384236.401174221,0.26,1.6759374682230574e-07,0.0003212903647492182,0.9900889535494942,-167134.129825779,-10.773321168995379,1,random_forest,False,non_hydrocarbon_diversification,528__950300
2025,2025,Netherlands,NLD,528,950300,"Tricycles, scooters, pedal cars and similar wheeled toys: do",1551370.531,1186149.8282690179,0.26,1.6759374682230574e-07,0.0003212903647492182,0.9900889535494942,-365220.7027309821,-23.541809995292613,2,random_forest,False,non_hydrocarbon_diversification,528__950300
2026,2026,Netherlands,NLD,528,950300,"Tricycles, scooters, pedal cars and similar wheeled toys: do",1551370.531,1152469.6909863164,0.26,1.6759374682230574e-07,0.0003212903647492182,0.9900889535494942,-398900.84001368354,-25.71280245709937,3,random_forest,False,non_hydrocarbon_diversification,528__950300
2024,2024,Nigeria,NGA,566,100199,"Cereals: wheat and meslin, other than durum wheat, other tha",1370849.863,1146617.784951072,0.0,0.0,9.185849923801444e-05,0.9889342191384087,-224232.07804892794,-16.357158001111312,1,random_forest,False,non_hydrocarbon_diversification,566__100199
2025,2025,Nigeria,NGA,566,100199,"Cereals: wheat and meslin, other than durum wheat, other tha",1370849.863,1108684.8395474919,0.0,0.0,9.185849923801444e-05,0.9889342191384087,-262165.02345250803,-19.124269588412837,2,random_forest,False,non_hydrocarbon_diversification,566__100199
2026,2026,Nigeria,NGA,566,100199,"Cereals: wheat and meslin, other than durum wheat, other tha",1370849.863,1020230.2335396912,0.0,0.0,9.185849923801444e-05,0.9889342191384087,-350619.6294603087,-25.576807418793805,3,random_forest,False,non_hydrocarbon_diversification,566__100199
2024,2024,Belgium,BEL,56,300210,"Blood, human or animal, antisera, other blood fractions and ",11863179.029000001,13133635.540188769,0.0,0.0,6.864140758500904e-07,0.9981720944270923,1270456.5111887679,10.709241663495828,1,random_forest,False,non_hydrocarbon_diversification,56__300210
2025,2025,Belgium,BEL,56,300210,"Blood, human or animal, antisera, other blood fractions and ",11863179.029000001,14877178.592856973,0.0,0.0,6.864140758500904e-07,0.9981720944270923,3013999.5638569724,25.406339704468202,2,random_forest,False,non_hydrocarbon_diversification,56__300210
2026,2026,Belgium,BEL,56,300210,"Blood, human or animal, antisera, other blood fractions and ",11863179.029000001,16531577.885942757,0.0,0.0,6.864140758500904e-07,0.9981720944270923,4668398.856942756,39.352005440790144,3,random_forest,False,non_hydrocarbon_diversification,56__300210
2024,2024,Belgium,BEL,56,300490,Medicaments: consisting of mixed or unmixed products n.e.c. ,19570942.279,18378350.978260618,0.001,5.1096160100222634e-11,0.0038597822723884733,0.9991343731029969,-1192591.3007393815,-6.09368360367122,1,random_forest,False,non_hydrocarbon_diversification,56__300490
2025,2025,Belgium,BEL,56,300490,Medicaments: consisting of mixed or unmixed products n.e.c. ,19570942.279,18306811.94323218,0.001,5.1096160100222634e-11,0.0038597822723884733,0.9991343731029969,-1264130.3357678205,-6.459220602394075,2,random_forest,False,non_hydrocarbon_diversification,56__300490
2026,2026,Belgium,BEL,56,300490,Medicaments: consisting of mixed or unmixed products n.e.c. ,19570942.279,17994696.69414878,0.001,5.1096160100222634e-11,0.0038597822723884733,0.9991343731029969,-1576245.5848512203,-8.054009676082702,3,random_forest,False,non_hydrocarbon_diversification,56__300490
2024,2024,Belgium,BEL,56,401110,"Rubber: new pneumatic tyres, of a kind used on motor cars (i",1003590.789,1011267.7951416455,0.0,0.0,0.08491395706720468,0.9881643961976851,7677.006141645485,0.7649538263792779,1,random_forest,False,non_hydrocarbon_diversification,56__401110
2025,2025,Belgium,BEL,56,401110,"Rubber: new pneumatic tyres, of a kind used on motor cars (i",1003590.789,1009675.7060241763,0.0,0.0,0.08491395706720468,0.9881643961976851,6084.917024176335,0.606314554783776,2,random_forest,False,non_hydrocarbon_diversification,56__401110
2026,2026,Belgium,BEL,56,401110,"Rubber: new pneumatic tyres, of a kind used on motor cars (i",1003590.789,1011192.4125395888,0.0,0.0,0.08491395706720468,0.9881643961976851,7601.623539588763,0.7574425376266345,3,random_forest,False,non_hydrocarbon_diversification,56__401110
2024,2024,Belgium,BEL,56,710239,"Diamonds: non-industrial, (other than unworked or simply saw",3886157.418,2946727.075939838,0.0,0.0,,0.9912436879605796,-939430.3420601622,-24.173759346672,1,random_forest,False,non_hydrocarbon_diversification,56__710239
2025,2025,Belgium,BEL,56,710239,"Diamonds: non-industrial, (other than unworked or simply saw",3886157.418,2106915.813768544,0.0,0.0,,0.9912436879605796,-1779241.6042314563,-45.784084710267294,2,random_forest,False,non_hydrocarbon_diversification,56__710239
2026,2026,Belgium,BEL,56,710239,"Diamonds: non-industrial, (other than unworked or simply saw",3886157.418,1532017.1766846275,0.0,0.0,,0.9912436879605796,-2354140.2413153723,-60.5775831522266,3,random_forest,False,non_hydrocarbon_diversification,56__710239
2024,2024,Belgium,BEL,56,870322,Vehicles: spark-ignition internal combustion reciprocating p,3186126.238,4838690.7909966055,0.0,0.0,6.24687399865046e-05,0.996632448545645,1652564.5529966056,51.86751652483036,1,random_forest,False,non_hydrocarbon_diversification,56__870322
2025,2025,Belgium,BEL,56,870322,Vehicles: spark-ignition internal combustion reciprocating p,3186126.238,6008590.10800398,0.0,0.0,6.24687399865046e-05,0.996632448545645,2822463.8700039797,88.58606530843865,2,random_forest,False,non_hydrocarbon_diversification,56__870322
2026,2026,Belgium,BEL,56,870322,Vehicles: spark-ignition internal combustion reciprocating p,3186126.238,6995795.141519776,0.0,0.0,6.24687399865046e-05,0.996632448545645,3809668.9035197757,119.57055744003372,3,random_forest,False,non_hydrocarbon_diversification,56__870322
2024,2024,Belgium,BEL,56,870332,Vehicles: compression-ignition internal combustion piston en,2672653.094,2972028.1603460205,0.0,0.0,0.0006749819510078269,0.9916285994309415,299375.06634602044,11.201418808078966,1,random_forest,False,non_hydrocarbon_diversification,56__870332
2025,2025,Belgium,BEL,56,870332,Vehicles: compression-ignition internal combustion piston en,2672653.094,3184324.0136681856,0.0,0.0,0.0006749819510078269,0.9916285994309415,511670.9196681855,19.144681396057962,2,random_forest,False,non_hydrocarbon_diversification,56__870332
2026,2026,Belgium,BEL,56,870332,Vehicles: compression-ignition internal combustion piston en,2672653.094,3615205.9643140878,0.0,0.0,0.0006749819510078269,0.9916285994309415,942552.8703140877,35.26656236943288,3,random_forest,False,non_hydrocarbon_diversification,56__870332
2024,2024,Belgium,BEL,56,870390,Vehicles: for transport of persons (other than those of head,19583611.816999998,25127722.52801603,0.0,0.0,,0.9987494616326351,5544110.711016033,28.309949986872912,1,random_forest,False,non_hydrocarbon_diversification,56__870390
2025,2025,Belgium,BEL,56,870390,Vehicles: for transport of persons (other than those of head,19583611.816999998,31885361.546600882,0.0,0.0,,0.9987494616326351,12301749.729600884,62.81655214857798,2,random_forest,False,non_hydrocarbon_diversification,56__870390
2026,2026,Belgium,BEL,56,870390,Vehicles: for transport of persons (other than those of head,19583611.816999998,39285597.814834476,0.0,0.0,,0.9987494616326351,19701985.997834478,100.60445530651154,3,random_forest,False,non_hydrocarbon_diversification,56__870390
2024,2024,Belgium,BEL,56,870421,Vehicles: compression-ignition internal combustion piston en,3420094.697,4736949.528944272,0.0,0.0,5.4398730230638e-05,0.9933607010475697,1316854.8319442715,38.50346112051737,1,random_forest,False,non_hydrocarbon_diversification,56__870421
2025,2025,Belgium,BEL,56,870421,Vehicles: compression-ignition internal combustion piston en,3420094.697,5994651.958230305,0.0,0.0,5.4398730230638e-05,0.9933607010475697,2574557.2612303053,75.27736771407605,2,random_forest,False,non_hydrocarbon_diversification,56__870421
2026,2026,Belgium,BEL,56,870421,Vehicles: compression-ignition internal combustion piston en,3420094.697,6928898.439740746,0.0,0.0,5.4398730230638e-05,0.9933607010475697,3508803.742740746,102.59375992771658,3,random_forest,False,non_hydrocarbon_diversification,56__870421
2024,2024,Belgium,BEL,56,870829,"Vehicles: parts and accessories, of bodies, other than safet",2762823.146,2847656.4183663568,0.0,0.0,0.002668926277810602,0.9939380682531124,84833.27236635657,3.0705285095492885,1,random_forest,False,non_hydrocarbon_diversification,56__870829
2025,2025,Belgium,BEL,56,870829,"Vehicles: parts and accessories, of bodies, other than safet",2762823.146,3033185.3394181933,0.0,0.0,0.002668926277810602,0.9939380682531124,270362.19341819314,9.785722036157907,2,random_forest,False,non_hydrocarbon_diversification,56__870829
2026,2026,Belgium,BEL,56,870829,"Vehicles: parts and accessories, of bodies, other than safet",2762823.146,3104776.4975450607,0.0,0.0,0.002668926277810602,0.9939380682531124,341953.3515450605,12.376954060202467,3,random_forest,False,non_hydrocarbon_diversification,56__870829
2024,2024,Belgium,BEL,56,901890,"Medical, surgical or dental instruments and appliances: n.e.",2295725.741,2372519.9689132404,19.685,8.574630518114663e-06,0.0022967341751617453,0.9923984223716651,76794.22791324044,3.34509591201384,1,random_forest,False,non_hydrocarbon_diversification,56__901890
2025,2025,Belgium,BEL,56,901890,"Medical, surgical or dental instruments and appliances: n.e.",2295725.741,2413115.1448155176,19.685,8.574630518114663e-06,0.0022967341751617453,0.9923984223716651,117389.40381551767,5.1133897102353245,2,random_forest,False,non_hydrocarbon_diversification,56__901890
2026,2026,Belgium,BEL,56,901890,"Medical, surgical or dental instruments and appliances: n.e.",2295725.741,2444549.4264435023,19.685,8.574630518114663e-06,0.0022967341751617453,0.9923984223716651,148823.68544350239,6.482642189596914,3,random_forest,False,non_hydrocarbon_diversification,56__901890
2024,2024,Norway,NOR,579,870390,Vehicles: for transport of persons (other than those of head,5382819.978,8630209.923744472,0.0,0.0,,0.9987494616326351,3247389.9457444716,60.328786008389734,1,random_forest,False,non_hydrocarbon_diversification,579__870390
2025,2025,Norway,NOR,579,870390,Vehicles: for transport of persons (other than those of head,5382819.978,12206030.124868628,0.0,0.0,,0.9987494616326351,6823210.1468686275,126.75902546909637,2,random_forest,False,non_hydrocarbon_diversification,579__870390
2026,2026,Norway,NOR,579,870390,Vehicles: for transport of persons (other than those of head,5382819.978,13925312.709807463,0.0,0.0,,0.9987494616326351,8542492.731807463,158.69920908968328,3,random_forest,False,non_hydrocarbon_diversification,579__870390
2024,2024,Philippines,PHL,608,100199,"Cereals: wheat and meslin, other than durum wheat, other tha",1992395.997,1560473.5652934874,0.0,0.0,9.185849923801444e-05,0.9889342191384087,-431922.4317065126,-21.678543440002336,1,random_forest,False,non_hydrocarbon_diversification,608__100199
2025,2025,Philippines,PHL,608,100199,"Cereals: wheat and meslin, other than durum wheat, other tha",1992395.997,1350253.7320906222,0.0,0.0,9.185849923801444e-05,0.9889342191384087,-642142.2649093778,-32.229650424728185,2,random_forest,False,non_hydrocarbon_diversification,608__100199
2026,2026,Philippines,PHL,608,100199,"Cereals: wheat and meslin, other than durum wheat, other tha",1992395.997,1162805.5297647505,0.0,0.0,9.185849923801444e-05,0.9889342191384087,-829590.4672352495,-41.63783045561145,3,random_forest,False,non_hydrocarbon_diversification,608__100199
2024,2024,Philippines,PHL,608,260300,Copper ores and concentrates,3232921.735,3626005.2597683175,0.0,0.0,3.156534488379897e-07,0.9949003469290169,393083.5247683176,12.158770208160254,1,random_forest,False,non_hydrocarbon_diversification,608__260300
2025,2025,Philippines,PHL,608,260300,Copper ores and concentrates,3232921.735,3592294.8903713734,0.0,0.0,3.156534488379897e-07,0.9949003469290169,359373.1553713735,11.116048727092787,2,random_forest,False,non_hydrocarbon_diversification,608__260300
2026,2026,Philippines,PHL,608,260300,Copper ores and concentrates,3232921.735,3754072.387275417,0.0,0.0,3.156534488379897e-07,0.9949003469290169,521150.652275417,16.120113476097405,3,random_forest,False,non_hydrocarbon_diversification,608__260300
2024,2024,Poland,POL,616,732690,Iron or steel: articles n.e.c.in heading 7326,1439029.294,1414770.190324899,0.0,0.0,0.0026880511270757357,0.9902814092846751,-24259.103675100952,-1.6857963751154152,1,random_forest,False,non_hydrocarbon_diversification,616__732690
2025,2025,Poland,POL,616,732690,Iron or steel: articles n.e.c.in heading 7326,1439029.294,1416378.0081674117,0.0,0.0,0.0026880511270757357,0.9902814092846751,-22651.285832588328,-1.574067041375207,2,random_forest,False,non_hydrocarbon_diversification,616__732690
2026,2026,Poland,POL,616,732690,Iron or steel: articles n.e.c.in heading 7326,1439029.294,1410356.4197265313,0.0,0.0,0.0026880511270757357,0.9902814092846751,-28672.87427346874,-1.992514981662961,3,random_forest,False,non_hydrocarbon_diversification,616__732690
2024,2024,Poland,POL,616,852990,Reception and transmission apparatus: for use with the appar,1530039.554,1305489.371189983,0.0,0.0,0.006108660443749396,0.9873945732569614,-224550.1828100169,-14.676103125763825,1,random_forest,False,non_hydrocarbon_diversification,616__852990
2025,2025,Poland,POL,616,852990,Reception and transmission apparatus: for use with the appar,1530039.554,1246502.0301877614,0.0,0.0,0.006108660443749396,0.9873945732569614,-283537.5238122386,-18.53138522275344,2,random_forest,False,non_hydrocarbon_diversification,616__852990
2026,2026,Poland,POL,616,852990,Reception and transmission apparatus: for use with the appar,1530039.554,1148075.4152162978,0.0,0.0,0.006108660443749396,0.9873945732569614,-381964.13878370216,-24.96433100602719,3,random_forest,False,non_hydrocarbon_diversification,616__852990
2024,2024,Poland,POL,616,901380,"Optical devices, appliances and instruments: n.e.c. in headi",46907.833,79354.12816865393,0.0,0.0,,0.8755777911168537,32446.29516865393,69.17031355648838,1,random_forest,False,non_hydrocarbon_diversification,616__901380
2025,2025,Poland,POL,616,901380,"Optical devices, appliances and instruments: n.e.c. in headi",46907.833,120647.4132267674,0.0,0.0,,0.8755777911168537,73739.5802267674,157.20099503800867,2,random_forest,False,non_hydrocarbon_diversification,616__901380
2026,2026,Poland,POL,616,901380,"Optical devices, appliances and instruments: n.e.c. in headi",46907.833,128334.36364631244,0.0,0.0,,0.8755777911168537,81426.53064631244,173.58834428849536,3,random_forest,False,non_hydrocarbon_diversification,616__901380
2024,2024,Russian Federation,RUS,643,848180,"Taps, cocks, valves and similar appliances: for pipes, boile",1556407.469,1455982.8229312915,0.0,0.0,0.006752332649583884,0.9906663207550369,-100424.6460687085,-6.452336426606323,1,random_forest,False,non_hydrocarbon_diversification,643__848180
2025,2025,Russian Federation,RUS,643,848180,"Taps, cocks, valves and similar appliances: for pipes, boile",1556407.469,1418397.1838517631,0.0,0.0,0.006752332649583884,0.9906663207550369,-138010.2851482369,-8.867233542441765,2,random_forest,False,non_hydrocarbon_diversification,643__848180
2026,2026,Russian Federation,RUS,643,848180,"Taps, cocks, valves and similar appliances: for pipes, boile",1556407.469,1410748.3957682857,0.0,0.0,0.006752332649583884,0.9906663207550369,-145659.0732317143,-9.358672207175992,3,random_forest,False,non_hydrocarbon_diversification,643__848180
2024,2024,Russian Federation,RUS,643,870323,Vehicles: spark-ignition internal combustion reciprocating p,6813220.817,7357917.494032734,0.0,0.0,0.0001679715272888296,0.9983645501622732,544696.6770327343,7.994701649381963,1,random_forest,False,non_hydrocarbon_diversification,643__870323
2025,2025,Russian Federation,RUS,643,870323,Vehicles: spark-ignition internal combustion reciprocating p,6813220.817,7018595.396582835,0.0,0.0,0.0001679715272888296,0.9983645501622732,205374.57958283555,3.014353785076148,2,random_forest,False,non_hydrocarbon_diversification,643__870323
2026,2026,Russian Federation,RUS,643,870323,Vehicles: spark-ignition internal combustion reciprocating p,6813220.817,7865378.159930845,0.0,0.0,0.0001679715272888296,0.9983645501622732,1052157.342930845,15.442877475885647,3,random_forest,False,non_hydrocarbon_diversification,643__870323
2024,2024,Russian Federation,RUS,643,880240,Aeroplanes and other aircraft: of an unladen weight exceedin,16135.841,161326.313565086,0.0,0.0,,0.9962475370752832,145190.47256508598,899.8010860734558,1,random_forest,False,non_hydrocarbon_diversification,643__880240
2025,2025,Russian Federation,RUS,643,880240,Aeroplanes and other aircraft: of an unladen weight exceedin,16135.841,281639.06918240525,0.0,0.0,,0.9962475370752832,265503.22818240523,1645.425411556827,2,random_forest,False,non_hydrocarbon_diversification,643__880240
2026,2026,Russian Federation,RUS,643,880240,Aeroplanes and other aircraft: of an unladen weight exceedin,16135.841,366013.7613277491,0.0,0.0,,0.9962475370752832,349877.9203277491,2168.3277638131726,3,random_forest,False,non_hydrocarbon_diversification,643__880240
2024,2024,Russian Federation,RUS,643,950300,"Tricycles, scooters, pedal cars and similar wheeled toys: do",1134541.55,1088288.3054385297,0.0,0.0,0.0003212903647492182,0.9900889535494942,-46253.24456147035,-4.076822445283766,1,random_forest,False,non_hydrocarbon_diversification,643__950300
2025,2025,Russian Federation,RUS,643,950300,"Tricycles, scooters, pedal cars and similar wheeled toys: do",1134541.55,1063966.0168538745,0.0,0.0,0.0003212903647492182,0.9900889535494942,-70575.5331461255,-6.22062128496973,2,random_forest,False,non_hydrocarbon_diversification,643__950300
2026,2026,Russian Federation,RUS,643,950300,"Tricycles, scooters, pedal cars and similar wheeled toys: do",1134541.55,956925.8825431754,0.0,0.0,0.0003212903647492182,0.9900889535494942,-177615.66745682468,-15.655280977309705,3,random_forest,False,non_hydrocarbon_diversification,643__950300
2024,2024,Saudi Arabia,SAU,682,870322,Vehicles: spark-ignition internal combustion reciprocating p,7822154.7530000005,9556708.288289566,0.0,0.0,6.24687399865046e-05,0.996632448545645,1734553.535289565,22.17488134742308,1,random_forest,False,non_hydrocarbon_diversification,682__870322
2025,2025,Saudi Arabia,SAU,682,870322,Vehicles: spark-ignition internal combustion reciprocating p,7822154.7530000005,10641961.669605529,0.0,0.0,6.24687399865046e-05,0.996632448545645,2819806.9166055284,36.0489789021888,2,random_forest,False,non_hydrocarbon_diversification,682__870322
2026,2026,Saudi Arabia,SAU,682,870322,Vehicles: spark-ignition internal combustion reciprocating p,7822154.7530000005,12989210.761396931,0.0,0.0,6.24687399865046e-05,0.996632448545645,5167056.008396931,66.056683504187,3,random_forest,False,non_hydrocarbon_diversification,682__870322
2024,2024,Saudi Arabia,SAU,682,870323,Vehicles: spark-ignition internal combustion reciprocating p,3401074.923,3968362.799304671,0.0,0.0,0.0001679715272888296,0.9983645501622732,567287.8763046712,16.679664198761056,1,random_forest,False,non_hydrocarbon_diversification,682__870323
2025,2025,Saudi Arabia,SAU,682,870323,Vehicles: spark-ignition internal combustion reciprocating p,3401074.923,4684717.272138518,0.0,0.0,0.0001679715272888296,0.9983645501622732,1283642.3491385183,37.742254381336906,2,random_forest,False,non_hydrocarbon_diversification,682__870323
2026,2026,Saudi Arabia,SAU,682,870323,Vehicles: spark-ignition internal combustion reciprocating p,3401074.923,5477205.385887335,0.0,0.0,0.0001679715272888296,0.9983645501622732,2076130.462887335,61.043361580992,3,random_forest,False,non_hydrocarbon_diversification,682__870323
2024,2024,Saudi Arabia,SAU,682,870324,Vehicles: spark-ignition internal combustion reciprocating p,2128038.725,2324411.2451131754,0.0,0.0,1.9715719827969783e-05,0.9950928026641979,196372.52011317527,9.227864033027654,1,random_forest,False,non_hydrocarbon_diversification,682__870324
2025,2025,Saudi Arabia,SAU,682,870324,Vehicles: spark-ignition internal combustion reciprocating p,2128038.725,2488372.864182608,0.0,0.0,1.9715719827969783e-05,0.9950928026641979,360334.1391826081,16.932687124037564,2,random_forest,False,non_hydrocarbon_diversification,682__870324
2026,2026,Saudi Arabia,SAU,682,870324,Vehicles: spark-ignition internal combustion reciprocating p,2128038.725,2636924.9886963307,0.0,0.0,1.9715719827969783e-05,0.9950928026641979,508886.2636963306,23.91339300915826,3,random_forest,False,non_hydrocarbon_diversification,682__870324
2024,2024,India,IND,699,260300,Copper ores and concentrates,3038642.402,2781987.3659905996,0.0,0.0,3.156534488379897e-07,0.9949003469290169,-256655.03600940015,-8.44637183501661,1,random_forest,False,non_hydrocarbon_diversification,699__260300
2025,2025,India,IND,699,260300,Copper ores and concentrates,3038642.402,2767955.4648712208,0.0,0.0,3.156534488379897e-07,0.9949003469290169,-270686.937128779,-8.908153751511398,2,random_forest,False,non_hydrocarbon_diversification,699__260300
2026,2026,India,IND,699,260300,Copper ores and concentrates,3038642.402,2762747.907907882,0.0,0.0,3.156534488379897e-07,0.9949003469290169,-275894.494092118,-9.079531500992923,3,random_forest,False,non_hydrocarbon_diversification,699__260300
2024,2024,India,IND,699,710239,"Diamonds: non-industrial, (other than unworked or simply saw",2124712.9129999997,1595706.2148202942,0.0,0.0,,0.9912436879605796,-529006.6981797055,-24.897796541970074,1,random_forest,False,non_hydrocarbon_diversification,699__710239
2025,2025,India,IND,699,710239,"Diamonds: non-industrial, (other than unworked or simply saw",2124712.9129999997,1391391.792957293,0.0,0.0,,0.9912436879605796,-733321.1200427066,-34.513891997168216,2,random_forest,False,non_hydrocarbon_diversification,699__710239
2026,2026,India,IND,699,710239,"Diamonds: non-industrial, (other than unworked or simply saw",2124712.9129999997,1053346.4073825658,0.0,0.0,,0.9912436879605796,-1071366.505617434,-50.42405960176109,3,random_forest,False,non_hydrocarbon_diversification,699__710239
2024,2024,India,IND,699,710812,"Metals: gold, non-monetary, unwrought (but not powder)",41405614.799,43858854.239496365,0.0,0.0,,0.9995192845733587,2453239.4404963627,5.924895578547505,1,random_forest,False,non_hydrocarbon_diversification,699__710812
2025,2025,India,IND,699,710812,"Metals: gold, non-monetary, unwrought (but not powder)",41405614.799,45009455.60434201,0.0,0.0,,0.9995192845733587,3603840.805342011,8.703749051515226,2,random_forest,False,non_hydrocarbon_diversification,699__710812
2026,2026,India,IND,699,710812,"Metals: gold, non-monetary, unwrought (but not powder)",41405614.799,45520339.86039832,0.0,0.0,,0.9995192845733587,4114725.06139832,9.937601654685963,3,random_forest,False,non_hydrocarbon_diversification,699__710812
2024,2024,India,IND,699,710813,"Metals: gold, semi-manufactured",3260688.299,3680258.4821057785,0.0,0.0,0.008472153746123399,0.9960550813401023,419570.1831057784,12.867534233016192,1,random_forest,False,non_hydrocarbon_diversification,699__710813
2025,2025,India,IND,699,710813,"Metals: gold, semi-manufactured",3260688.299,3848116.558145884,0.0,0.0,0.008472153746123399,0.9960550813401023,587428.2591458838,18.01546806317054,2,random_forest,False,non_hydrocarbon_diversification,699__710813
2026,2026,India,IND,699,710813,"Metals: gold, semi-manufactured",3260688.299,3923159.3350340286,0.0,0.0,0.008472153746123399,0.9960550813401023,662471.0360340285,20.31690782087934,3,random_forest,False,non_hydrocarbon_diversification,699__710813
2024,2024,India,IND,699,841112,Turbo-jets: of a thrust exceeding 25kN,3567507.6500000004,3811169.3945531584,0.0,0.0,0.035205620912727636,0.9941305239882933,243661.74455315806,6.830027247542357,1,random_forest,False,non_hydrocarbon_diversification,699__841112
2025,2025,India,IND,699,841112,Turbo-jets: of a thrust exceeding 25kN,3567507.6500000004,4314679.371109316,0.0,0.0,0.035205620912727636,0.9941305239882933,747171.7211093158,20.94380151110021,2,random_forest,False,non_hydrocarbon_diversification,699__841112
2026,2026,India,IND,699,841112,Turbo-jets: of a thrust exceeding 25kN,3567507.6500000004,5726996.920751045,0.0,0.0,0.035205620912727636,0.9941305239882933,2159489.270751045,60.53215529197379,3,random_forest,False,non_hydrocarbon_diversification,699__841112
2024,2024,India,IND,699,847130,"Automatic data processing machines: portable, weighing not m",5352412.92,4013807.818417723,0.0,0.0,4.579819987309988e-05,0.9974022714863687,-1338605.101582277,-25.00937654829286,1,random_forest,False,non_hydrocarbon_diversification,699__847130
2025,2025,India,IND,699,847130,"Automatic data processing machines: portable, weighing not m",5352412.92,3208764.9544353895,0.0,0.0,4.579819987309988e-05,0.9974022714863687,-2143647.9655646104,-40.05012314267805,2,random_forest,False,non_hydrocarbon_diversification,699__847130
2026,2026,India,IND,699,847130,"Automatic data processing machines: portable, weighing not m",5352412.92,2759465.144309836,0.0,0.0,4.579819987309988e-05,0.9974022714863687,-2592947.775690164,-48.44446447697021,3,random_forest,False,non_hydrocarbon_diversification,699__847130
2024,2024,India,IND,699,847150,Units of automatic data processing machines: processing unit,2375732.224,2125458.305629781,0.0,0.0,0.00030882524913522914,0.9943229797234742,-250273.91837021895,-10.5346013259371,1,random_forest,False,non_hydrocarbon_diversification,699__847150
2025,2025,India,IND,699,847150,Units of automatic data processing machines: processing unit,2375732.224,2009883.4807507594,0.0,0.0,0.00030882524913522914,0.9943229797234742,-365848.74324924056,-15.399409897857266,2,random_forest,False,non_hydrocarbon_diversification,699__847150
2026,2026,India,IND,699,847150,Units of automatic data processing machines: processing unit,2375732.224,1898729.0983341562,0.0,0.0,0.00030882524913522914,0.9943229797234742,-477003.1256658437,-20.07815194183449,3,random_forest,False,non_hydrocarbon_diversification,699__847150
2024,2024,India,IND,699,851770,Telephone sets and other apparatus for the transmission or r,10582985.591,6959340.778174534,0.0,0.0,0.00044352889636002565,0.9914361436957605,-3623644.8128254656,-34.240288637519185,1,random_forest,False,non_hydrocarbon_diversification,699__851770
2025,2025,India,IND,699,851770,Telephone sets and other apparatus for the transmission or r,10582985.591,5274606.978072769,0.0,0.0,0.00044352889636002565,0.9914361436957605,-5308378.612927231,-50.15955627343565,2,random_forest,False,non_hydrocarbon_diversification,699__851770
2026,2026,India,IND,699,851770,Telephone sets and other apparatus for the transmission or r,10582985.591,3870897.464832566,0.0,0.0,0.00044352889636002565,0.9914361436957605,-6712088.126167433,-63.42338906589402,3,random_forest,False,non_hydrocarbon_diversification,699__851770
2024,2024,India,IND,699,854140,"Electrical apparatus: photosensitive, including photovoltaic",5330346.574,5355045.552127063,0.0,0.0,2.6114010762027728e-05,0.994707891193836,24698.978127063252,0.4633653325196196,1,random_forest,False,non_hydrocarbon_diversification,699__854140
2025,2025,India,IND,699,854140,"Electrical apparatus: photosensitive, including photovoltaic",5330346.574,5921403.553153452,0.0,0.0,2.6114010762027728e-05,0.994707891193836,591056.9791534524,11.088528127541833,2,random_forest,False,non_hydrocarbon_diversification,699__854140
2026,2026,India,IND,699,854140,"Electrical apparatus: photosensitive, including photovoltaic",5330346.574,6517839.994611938,0.0,0.0,2.6114010762027728e-05,0.994707891193836,1187493.4206119375,22.277977691060684,3,random_forest,False,non_hydrocarbon_diversification,699__854140
2024,2024,India,IND,699,880240,Aeroplanes and other aircraft: of an unladen weight exceedin,9278965.03,10476276.262372008,0.0,0.0,,0.9962475370752832,1197311.2323720083,12.903499781505356,1,random_forest,False,non_hydrocarbon_diversification,699__880240
2025,2025,India,IND,699,880240,Aeroplanes and other aircraft: of an unladen weight exceedin,9278965.03,10830139.530478284,0.0,0.0,,0.9962475370752832,1551174.5004782844,16.71710686981956,2,random_forest,False,non_hydrocarbon_diversification,699__880240
2026,2026,India,IND,699,880240,Aeroplanes and other aircraft: of an unladen weight exceedin,9278965.03,13236236.204077315,0.0,0.0,,0.9962475370752832,3957271.1740773153,42.64776471603229,3,random_forest,False,non_hydrocarbon_diversification,699__880240
2024,2024,Singapore,SGP,702,710813,"Metals: gold, semi-manufactured",9637009.134,11043581.886081351,0.0,0.0,0.008472153746123399,0.9960550813401023,1406572.7520813514,14.595532000886774,1,random_forest,False,non_hydrocarbon_diversification,702__710813
2025,2025,Singapore,SGP,702,710813,"Metals: gold, semi-manufactured",9637009.134,11320955.369316643,0.0,0.0,0.008472153746123399,0.9960550813401023,1683946.2353166435,17.47374327347653,2,random_forest,False,non_hydrocarbon_diversification,702__710813
2026,2026,Singapore,SGP,702,710813,"Metals: gold, semi-manufactured",9637009.134,11488407.235416925,0.0,0.0,0.008472153746123399,0.9960550813401023,1851398.101416925,19.211334924287566,3,random_forest,False,non_hydrocarbon_diversification,702__710813
2024,2024,Singapore,SGP,702,711319,Jewellery: of precious metal (excluding silver) whether or n,4739306.127,4893348.928241331,0.0,0.0,0.000664679229625341,0.9956701698697406,154042.8012413308,3.250323931677326,1,random_forest,False,non_hydrocarbon_diversification,702__711319
2025,2025,Singapore,SGP,702,711319,Jewellery: of precious metal (excluding silver) whether or n,4739306.127,5242548.619222325,0.0,0.0,0.000664679229625341,0.9956701698697406,503242.49222232495,10.618484620677572,2,random_forest,False,non_hydrocarbon_diversification,702__711319
2026,2026,Singapore,SGP,702,711319,Jewellery: of precious metal (excluding silver) whether or n,4739306.127,5740238.193894187,0.0,0.0,0.000664679229625341,0.9956701698697406,1000932.0668941867,21.119801930325625,3,random_forest,False,non_hydrocarbon_diversification,702__711319
2024,2024,Singapore,SGP,702,841112,Turbo-jets: of a thrust exceeding 25kN,7768950.381,8928409.986889428,0.0,0.0,0.035205620912727636,0.9941305239882933,1159459.6058894275,14.92427611231808,1,random_forest,False,non_hydrocarbon_diversification,702__841112
2025,2025,Singapore,SGP,702,841112,Turbo-jets: of a thrust exceeding 25kN,7768950.381,10040091.535336025,0.0,0.0,0.035205620912727636,0.9941305239882933,2271141.154336025,29.233564934207873,2,random_forest,False,non_hydrocarbon_diversification,702__841112
2026,2026,Singapore,SGP,702,841112,Turbo-jets: of a thrust exceeding 25kN,7768950.381,11318628.946538497,0.0,0.0,0.035205620912727636,0.9941305239882933,3549678.5655384967,45.69058098529896,3,random_forest,False,non_hydrocarbon_diversification,702__841112
2024,2024,Singapore,SGP,702,841191,Turbines: parts of turbo-jets and turbo-propellers,3644173.816,4563474.357444599,0.0,0.0,0.04576604889443531,0.9927833338420269,919300.5414445992,25.226583249359454,1,random_forest,False,non_hydrocarbon_diversification,702__841191
2025,2025,Singapore,SGP,702,841191,Turbines: parts of turbo-jets and turbo-propellers,3644173.816,5687990.945993616,0.0,0.0,0.04576604889443531,0.9927833338420269,2043817.1299936161,56.08451279190071,2,random_forest,False,non_hydrocarbon_diversification,702__841191
2026,2026,Singapore,SGP,702,841191,Turbines: parts of turbo-jets and turbo-propellers,3644173.816,5944499.385145731,0.0,0.0,0.04576604889443531,0.9927833338420269,2300325.569145731,63.123376800689115,3,random_forest,False,non_hydrocarbon_diversification,702__841191
2024,2024,Singapore,SGP,702,844399,"Printing machinery: parts and accessories, n.e.c. in item no",1513908.425,1277864.0663387408,0.0,0.0,0.0015052307619635799,0.9860473831106951,-236044.3586612593,-15.591719734386134,1,random_forest,False,non_hydrocarbon_diversification,702__844399
2025,2025,Singapore,SGP,702,844399,"Printing machinery: parts and accessories, n.e.c. in item no",1513908.425,1108544.7269985015,0.0,0.0,0.0015052307619635799,0.9860473831106951,-405363.6980014986,-26.775972133287958,2,random_forest,False,non_hydrocarbon_diversification,702__844399
2026,2026,Singapore,SGP,702,844399,"Printing machinery: parts and accessories, n.e.c. in item no",1513908.425,946365.2791017182,0.0,0.0,0.0015052307619635799,0.9860473831106951,-567543.1458982818,-37.48860476143277,3,random_forest,False,non_hydrocarbon_diversification,702__844399
2024,2024,Singapore,SGP,702,847150,Units of automatic data processing machines: processing unit,2123431.51,1956466.9842866464,0.0,0.0,0.00030882524913522914,0.9943229797234742,-166964.52571335342,-7.862957902200172,1,random_forest,False,non_hydrocarbon_diversification,702__847150
2025,2025,Singapore,SGP,702,847150,Units of automatic data processing machines: processing unit,2123431.51,1657051.0588676727,0.0,0.0,0.00030882524913522914,0.9943229797234742,-466380.4511323271,-21.963526910850405,2,random_forest,False,non_hydrocarbon_diversification,702__847150
2026,2026,Singapore,SGP,702,847150,Units of automatic data processing machines: processing unit,2123431.51,1479553.7034986385,0.0,0.0,0.00030882524913522914,0.9943229797234742,-643877.8065013613,-30.32251351028324,3,random_forest,False,non_hydrocarbon_diversification,702__847150
2024,2024,Singapore,SGP,702,847170,Units of automatic data processing machines: storage units,1648131.673,1431518.4730026152,0.0,0.0,0.0002894165660946154,0.9895115863439514,-216613.1999973848,-13.14295474967095,1,random_forest,False,non_hydrocarbon_diversification,702__847170
2025,2025,Singapore,SGP,702,847170,Units of automatic data processing machines: storage units,1648131.673,1250532.2209176442,0.0,0.0,0.0002894165660946154,0.9895115863439514,-397599.45208235574,-24.124252849205195,2,random_forest,False,non_hydrocarbon_diversification,702__847170
2026,2026,Singapore,SGP,702,847170,Units of automatic data processing machines: storage units,1648131.673,1090192.3420705365,0.0,0.0,0.0002894165660946154,0.9895115863439514,-557939.3309294635,-33.852837128836825,3,random_forest,False,non_hydrocarbon_diversification,702__847170
2024,2024,Singapore,SGP,702,847330,Machinery: parts and accessories of the machines of heading ,3844500.229,2856482.419588992,0.0,0.0,0.0011502606559259617,0.9958626256049214,-988017.8094110079,-25.69951230482832,1,random_forest,False,non_hydrocarbon_diversification,702__847330
2025,2025,Singapore,SGP,702,847330,Machinery: parts and accessories of the machines of heading ,3844500.229,2205414.579892183,0.0,0.0,0.0011502606559259617,0.9958626256049214,-1639085.6491078166,-42.634557197936815,2,random_forest,False,non_hydrocarbon_diversification,702__847330
2026,2026,Singapore,SGP,702,847330,Machinery: parts and accessories of the machines of heading ,3844500.229,1881194.0677450888,0.0,0.0,0.0011502606559259617,0.9958626256049214,-1963306.161254911,-51.067916356077056,3,random_forest,False,non_hydrocarbon_diversification,702__847330
2024,2024,Singapore,SGP,702,848620,Machines and apparatus of a kind used solely or principally ,2907806.4170000004,2696365.518041559,0.0,0.0,,0.9920135109013033,-211440.89895844134,-7.271491586313577,1,random_forest,False,non_hydrocarbon_diversification,702__848620
2025,2025,Singapore,SGP,702,848620,Machines and apparatus of a kind used solely or principally ,2907806.4170000004,2516234.291390897,0.0,0.0,,0.9920135109013033,-391572.1256091036,-13.466237756400945,2,random_forest,False,non_hydrocarbon_diversification,702__848620
2026,2026,Singapore,SGP,702,848620,Machines and apparatus of a kind used solely or principally ,2907806.4170000004,2401891.8815129143,0.0,0.0,,0.9920135109013033,-505914.53548708605,-17.398494360881177,3,random_forest,False,non_hydrocarbon_diversification,702__848620
2024,2024,Singapore,SGP,702,851762,Communication apparatus (excluding telephone sets or base st,6456381.249,6882554.168261728,0.0,0.0,0.0011653840293270972,0.9975947272215496,426172.9192617284,6.600801638344025,1,random_forest,False,non_hydrocarbon_diversification,702__851762
2025,2025,Singapore,SGP,702,851762,Communication apparatus (excluding telephone sets or base st,6456381.249,7155753.899367451,0.0,0.0,0.0011653840293270972,0.9975947272215496,699372.6503674509,10.832270019304909,2,random_forest,False,non_hydrocarbon_diversification,702__851762
2026,2026,Singapore,SGP,702,851762,Communication apparatus (excluding telephone sets or base st,6456381.249,7531735.382887977,0.0,0.0,0.0011653840293270972,0.9975947272215496,1075354.1338879773,16.65567896961683,3,random_forest,False,non_hydrocarbon_diversification,702__851762
2024,2024,Singapore,SGP,702,854231,"Electronic integrated circuits: processors and controllers, ",30944193.1,30151291.175290905,0.0,0.0,0.0014564602011438417,0.998941917367816,-792901.9247090966,-2.562360964290572,1,random_forest,False,non_hydrocarbon_diversification,702__854231
2025,2025,Singapore,SGP,702,854231,"Electronic integrated circuits: processors and controllers, ",30944193.1,28667101.444326088,0.0,0.0,0.0014564602011438417,0.998941917367816,-2277091.6556739137,-7.358704259358806,2,random_forest,False,non_hydrocarbon_diversification,702__854231
2026,2026,Singapore,SGP,702,854231,"Electronic integrated circuits: processors and controllers, ",30944193.1,27564337.023348305,0.0,0.0,0.0014564602011438417,0.998941917367816,-3379856.076651696,-10.92242433250488,3,random_forest,False,non_hydrocarbon_diversification,702__854231
2024,2024,Singapore,SGP,702,854232,Electronic integrated circuits: memories,10933177.740999999,8092992.432831776,0.0,0.0,,0.9972098157511878,-2840185.308168222,-25.977674336321964,1,random_forest,False,non_hydrocarbon_diversification,702__854232
2025,2025,Singapore,SGP,702,854232,Electronic integrated circuits: memories,10933177.740999999,7062714.381943481,0.0,0.0,,0.9972098157511878,-3870463.3590565175,-35.40108329659797,2,random_forest,False,non_hydrocarbon_diversification,702__854232
2026,2026,Singapore,SGP,702,854232,Electronic integrated circuits: memories,10933177.740999999,5622006.88312539,0.0,0.0,,0.9972098157511878,-5311170.857874609,-48.57847355721142,3,random_forest,False,non_hydrocarbon_diversification,702__854232
2024,2024,Singapore,SGP,702,854239,Electronic integrated circuits: n.e.c. in heading no. 8542,31298268.378,28795486.744051285,0.0,0.0,0.00015457184563047468,0.9985570058974541,-2502781.6339487135,-7.996549852923987,1,random_forest,False,non_hydrocarbon_diversification,702__854239
2025,2025,Singapore,SGP,702,854239,Electronic integrated circuits: n.e.c. in heading no. 8542,31298268.378,27732547.756431144,0.0,0.0,0.00015457184563047468,0.9985570058974541,-3565720.621568855,-11.392708946400534,2,random_forest,False,non_hydrocarbon_diversification,702__854239
2026,2026,Singapore,SGP,702,854239,Electronic integrated circuits: n.e.c. in heading no. 8542,31298268.378,26387151.712944843,0.0,0.0,0.00015457184563047468,0.9985570058974541,-4911116.665055156,-15.6913366763359,3,random_forest,False,non_hydrocarbon_diversification,702__854239
2024,2024,Singapore,SGP,702,880330,Aircraft and spacecraft: parts of aeroplanes or helicopters ,4671386.295,6194287.9184076,0.0,0.0,0.009571838193574406,0.992590878106846,1522901.6234076004,32.600635597994376,1,random_forest,False,non_hydrocarbon_diversification,702__880330
2025,2025,Singapore,SGP,702,880330,Aircraft and spacecraft: parts of aeroplanes or helicopters ,4671386.295,7219532.066262847,0.0,0.0,0.009571838193574406,0.992590878106846,2548145.771262847,54.547956652401986,2,random_forest,False,non_hydrocarbon_diversification,702__880330
2026,2026,Singapore,SGP,702,880330,Aircraft and spacecraft: parts of aeroplanes or helicopters ,4671386.295,7861088.009103651,0.0,0.0,0.009571838193574406,0.992590878106846,3189701.7141036512,68.28169439803632,3,random_forest,False,non_hydrocarbon_diversification,702__880330
2024,2024,Slovakia,SVK,703,870829,"Vehicles: parts and accessories, of bodies, other than safet",4469721.478,4918248.629968141,0.0,0.0,0.002668926277810602,0.9939380682531124,448527.1519681411,10.034789733002263,1,random_forest,False,non_hydrocarbon_diversification,703__870829
2025,2025,Slovakia,SVK,703,870829,"Vehicles: parts and accessories, of bodies, other than safet",4469721.478,5372944.633800013,0.0,0.0,0.002668926277810602,0.9939380682531124,903223.1558000129,20.207593700092577,2,random_forest,False,non_hydrocarbon_diversification,703__870829
2026,2026,Slovakia,SVK,703,870829,"Vehicles: parts and accessories, of bodies, other than safet",4469721.478,5511788.175617257,0.0,0.0,0.002668926277810602,0.9939380682531124,1042066.697617257,23.313906755629326,3,random_forest,False,non_hydrocarbon_diversification,703__870829
2024,2024,Slovakia,SVK,703,901380,"Optical devices, appliances and instruments: n.e.c. in headi",10659.993,60058.69322775707,0.0,0.0,,0.8755777911168537,49398.700227757065,463.4027454591862,1,random_forest,False,non_hydrocarbon_diversification,703__901380
2025,2025,Slovakia,SVK,703,901380,"Optical devices, appliances and instruments: n.e.c. in headi",10659.993,71739.96894047571,0.0,0.0,,0.8755777911168537,61079.975940475706,572.9832650028541,2,random_forest,False,non_hydrocarbon_diversification,703__901380
2026,2026,Slovakia,SVK,703,901380,"Optical devices, appliances and instruments: n.e.c. in headi",10659.993,90584.72281667446,0.0,0.0,,0.8755777911168537,79924.72981667446,749.76343621121,3,random_forest,False,non_hydrocarbon_diversification,703__901380
2024,2024,Viet Nam,VNM,704,260111,Iron ores and concentrates: non-agglomerated,1425886.116,1548684.6770609072,0.0,0.0,0.01523787365372311,0.9970173600160069,122798.56106090732,8.612087577189602,1,random_forest,False,non_hydrocarbon_diversification,704__260111
2025,2025,Viet Nam,VNM,704,260111,Iron ores and concentrates: non-agglomerated,1425886.116,1515168.9415962575,0.0,0.0,0.01523787365372311,0.9970173600160069,89282.82559625758,6.261567778408579,2,random_forest,False,non_hydrocarbon_diversification,704__260111
2026,2026,Viet Nam,VNM,704,260111,Iron ores and concentrates: non-agglomerated,1425886.116,1546828.6961279593,0.0,0.0,0.01523787365372311,0.9970173600160069,120942.58012795937,8.481924241413918,3,random_forest,False,non_hydrocarbon_diversification,704__260111
2024,2024,Viet Nam,VNM,704,851770,Telephone sets and other apparatus for the transmission or r,5868630.135,3538856.276675656,0.0,0.0,0.00044352889636002565,0.9914361436957605,-2329773.858324344,-39.69876793614536,1,random_forest,False,non_hydrocarbon_diversification,704__851770
2025,2025,Viet Nam,VNM,704,851770,Telephone sets and other apparatus for the transmission or r,5868630.135,2803874.342049929,0.0,0.0,0.00044352889636002565,0.9914361436957605,-3064755.792950071,-52.22267756613479,2,random_forest,False,non_hydrocarbon_diversification,704__851770
2026,2026,Viet Nam,VNM,704,851770,Telephone sets and other apparatus for the transmission or r,5868630.135,2110086.2346683256,0.0,0.0,0.00044352889636002565,0.9914361436957605,-3758543.900331674,-64.0446546105546,3,random_forest,False,non_hydrocarbon_diversification,704__851770
2024,2024,Viet Nam,VNM,704,852990,Reception and transmission apparatus: for use with the appar,3179900.236,2845243.646080991,0.0,0.0,0.006108660443749396,0.9873945732569614,-334656.58991900925,-10.52412230202461,1,random_forest,False,non_hydrocarbon_diversification,704__852990
2025,2025,Viet Nam,VNM,704,852990,Reception and transmission apparatus: for use with the appar,3179900.236,1689055.160599933,0.0,0.0,0.006108660443749396,0.9873945732569614,-1490845.075400067,-46.88339145115454,2,random_forest,False,non_hydrocarbon_diversification,704__852990
2026,2026,Viet Nam,VNM,704,852990,Reception and transmission apparatus: for use with the appar,3179900.236,1355689.950855658,0.0,0.0,0.006108660443749396,0.9873945732569614,-1824210.285144342,-57.366903039669516,3,random_forest,False,non_hydrocarbon_diversification,704__852990
2024,2024,Viet Nam,VNM,704,853400,Circuits: printed,4609880.045,3841485.9928556983,0.0,0.0,1.1002339092700973e-05,0.988356851932866,-768394.0521443016,-16.668417499880988,1,random_forest,False,non_hydrocarbon_diversification,704__853400
2025,2025,Viet Nam,VNM,704,853400,Circuits: printed,4609880.045,3286755.080847152,0.0,0.0,1.1002339092700973e-05,0.988356851932866,-1323124.9641528479,-28.701939122861663,2,random_forest,False,non_hydrocarbon_diversification,704__853400
2026,2026,Viet Nam,VNM,704,853400,Circuits: printed,4609880.045,2956837.849338873,0.0,0.0,1.1002339092700973e-05,0.988356851932866,-1653042.195661127,-35.85868134365147,3,random_forest,False,non_hydrocarbon_diversification,704__853400
2024,2024,Viet Nam,VNM,704,854140,"Electrical apparatus: photosensitive, including photovoltaic",3499094.1459999997,3894223.5838983827,0.0,0.0,2.6114010762027728e-05,0.994707891193836,395129.437898383,11.292335141941706,1,random_forest,False,non_hydrocarbon_diversification,704__854140
2025,2025,Viet Nam,VNM,704,854140,"Electrical apparatus: photosensitive, including photovoltaic",3499094.1459999997,4377466.766315818,0.0,0.0,2.6114010762027728e-05,0.994707891193836,878372.6203158181,25.10285758729677,2,random_forest,False,non_hydrocarbon_diversification,704__854140
2026,2026,Viet Nam,VNM,704,854140,"Electrical apparatus: photosensitive, including photovoltaic",3499094.1459999997,4805548.014560268,0.0,0.0,2.6114010762027728e-05,0.994707891193836,1306453.8685602685,37.33691675754839,3,random_forest,False,non_hydrocarbon_diversification,704__854140
2024,2024,Viet Nam,VNM,704,854231,"Electronic integrated circuits: processors and controllers, ",17777799.858,16678452.050717339,0.0,0.0,0.0014564602011438417,0.998941917367816,-1099347.8072826602,-6.183823735578587,1,random_forest,False,non_hydrocarbon_diversification,704__854231
2025,2025,Viet Nam,VNM,704,854231,"Electronic integrated circuits: processors and controllers, ",17777799.858,15630975.249438677,0.0,0.0,0.0014564602011438417,0.998941917367816,-2146824.608561322,-12.075873424771695,2,random_forest,False,non_hydrocarbon_diversification,704__854231
2026,2026,Viet Nam,VNM,704,854231,"Electronic integrated circuits: processors and controllers, ",17777799.858,14353092.276858006,0.0,0.0,0.0014564602011438417,0.998941917367816,-3424707.5811419934,-19.263956217849294,3,random_forest,False,non_hydrocarbon_diversification,704__854231
2024,2024,Viet Nam,VNM,704,854232,Electronic integrated circuits: memories,4669301.8,3576291.635453166,0.0,0.0,,0.9972098157511878,-1093010.1645468338,-23.408428312490614,1,random_forest,False,non_hydrocarbon_diversification,704__854232
2025,2025,Viet Nam,VNM,704,854232,Electronic integrated circuits: memories,4669301.8,2885851.153180562,0.0,0.0,,0.9972098157511878,-1783450.6468194379,-38.19523181858662,2,random_forest,False,non_hydrocarbon_diversification,704__854232
2026,2026,Viet Nam,VNM,704,854232,Electronic integrated circuits: memories,4669301.8,2204733.751636157,0.0,0.0,,0.9972098157511878,-2464568.048363843,-52.78236776992746,3,random_forest,False,non_hydrocarbon_diversification,704__854232
2024,2024,Viet Nam,VNM,704,854239,Electronic integrated circuits: n.e.c. in heading no. 8542,20944427.312999997,18455637.068522066,0.0,0.0,0.00015457184563047468,0.9985570058974541,-2488790.2444779314,-11.882827862918765,1,random_forest,False,non_hydrocarbon_diversification,704__854239
2025,2025,Viet Nam,VNM,704,854239,Electronic integrated circuits: n.e.c. in heading no. 8542,20944427.312999997,17263910.74513346,0.0,0.0,0.00015457184563047468,0.9985570058974541,-3680516.5678665377,-17.572772522560584,2,random_forest,False,non_hydrocarbon_diversification,704__854239
2026,2026,Viet Nam,VNM,704,854239,Electronic integrated circuits: n.e.c. in heading no. 8542,20944427.312999997,16107304.906290133,0.0,0.0,0.00015457184563047468,0.9985570058974541,-4837122.406709865,-23.09503303395415,3,random_forest,False,non_hydrocarbon_diversification,704__854239
2024,2024,Viet Nam,VNM,704,901380,"Optical devices, appliances and instruments: n.e.c. in headi",248848.921,194169.61366540618,0.0,0.0,,0.8755777911168537,-54679.30733459382,-21.97289307699824,1,random_forest,False,non_hydrocarbon_diversification,704__901380
2025,2025,Viet Nam,VNM,704,901380,"Optical devices, appliances and instruments: n.e.c. in headi",248848.921,336726.6233418742,0.0,0.0,,0.8755777911168537,87877.70234187422,35.313676261378774,2,random_forest,False,non_hydrocarbon_diversification,704__901380
2026,2026,Viet Nam,VNM,704,901380,"Optical devices, appliances and instruments: n.e.c. in headi",248848.921,356398.0401285824,0.0,0.0,,0.8755777911168537,107549.11912858239,43.21863992674591,3,random_forest,False,non_hydrocarbon_diversification,704__901380
2024,2024,South Africa,ZAF,710,710813,"Metals: gold, semi-manufactured",2818623.346,2651396.324511885,0.0,0.0,0.008472153746123399,0.9960550813401023,-167227.02148811473,-5.932932533374211,1,random_forest,False,non_hydrocarbon_diversification,710__710813
2025,2025,South Africa,ZAF,710,710813,"Metals: gold, semi-manufactured",2818623.346,2666495.4410687117,0.0,0.0,0.008472153746123399,0.9960550813401023,-152127.9049312882,-5.397241357103562,2,random_forest,False,non_hydrocarbon_diversification,710__710813
2026,2026,South Africa,ZAF,710,710813,"Metals: gold, semi-manufactured",2818623.346,2657357.0527502354,0.0,0.0,0.008472153746123399,0.9960550813401023,-161266.29324976448,-5.721455953972096,3,random_forest,False,non_hydrocarbon_diversification,710__710813
2024,2024,Spain,ESP,724,120190,"Soya beans: other than seed, whether or not broken",2166071.301,1989832.50686713,0.0,0.0,1.4519592151066263e-05,0.9945154354586551,-176238.79413286992,-8.136333926381214,1,random_forest,False,non_hydrocarbon_diversification,724__120190
2025,2025,Spain,ESP,724,120190,"Soya beans: other than seed, whether or not broken",2166071.301,1983796.119317169,0.0,0.0,1.4519592151066263e-05,0.9945154354586551,-182275.1816828309,-8.415013005281995,2,random_forest,False,non_hydrocarbon_diversification,724__120190
2026,2026,Spain,ESP,724,120190,"Soya beans: other than seed, whether or not broken",2166071.301,1992958.6459957622,0.0,0.0,1.4519592151066263e-05,0.9945154354586551,-173112.65500423778,-7.992010924308801,3,random_forest,False,non_hydrocarbon_diversification,724__120190
2024,2024,Spain,ESP,724,260300,Copper ores and concentrates,2532703.047,2774020.7609273545,0.0,0.0,3.156534488379897e-07,0.9949003469290169,241317.71392735466,9.528069791411069,1,random_forest,False,non_hydrocarbon_diversification,724__260300
2025,2025,Spain,ESP,724,260300,Copper ores and concentrates,2532703.047,2768628.680480197,0.0,0.0,3.156534488379897e-07,0.9949003469290169,235925.63348019728,9.31517154210607,2,random_forest,False,non_hydrocarbon_diversification,724__260300
2026,2026,Spain,ESP,724,260300,Copper ores and concentrates,2532703.047,2769020.9432690237,0.0,0.0,3.156534488379897e-07,0.9949003469290169,236317.89626902388,9.330659452909163,3,random_forest,False,non_hydrocarbon_diversification,724__260300
2024,2024,Spain,ESP,724,401110,"Rubber: new pneumatic tyres, of a kind used on motor cars (i",1408220.991,1473746.6862304357,0.0,0.0,0.08491395706720468,0.9881643961976851,65525.69523043581,4.653083262443417,1,random_forest,False,non_hydrocarbon_diversification,724__401110
2025,2025,Spain,ESP,724,401110,"Rubber: new pneumatic tyres, of a kind used on motor cars (i",1408220.991,1455627.0474348506,0.0,0.0,0.08491395706720468,0.9881643961976851,47406.056434850674,3.3663790511450116,2,random_forest,False,non_hydrocarbon_diversification,724__401110
2026,2026,Spain,ESP,724,401110,"Rubber: new pneumatic tyres, of a kind used on motor cars (i",1408220.991,1447801.0992902464,0.0,0.0,0.08491395706720468,0.9881643961976851,39580.108290246455,2.8106460948391345,3,random_forest,False,non_hydrocarbon_diversification,724__401110
2024,2024,Spain,ESP,724,852872,"Reception apparatus for television, whether or not incorpora",959056.276,781525.660485587,231.705,0.00024159687580210365,0.00451394308869337,0.986432294581057,-177530.615514413,-18.51096958093552,1,random_forest,False,non_hydrocarbon_diversification,724__852872
2025,2025,Spain,ESP,724,852872,"Reception apparatus for television, whether or not incorpora",959056.276,680894.7410084016,231.705,0.00024159687580210365,0.00451394308869337,0.986432294581057,-278161.53499159834,-29.003671833705653,2,random_forest,False,non_hydrocarbon_diversification,724__852872
2026,2026,Spain,ESP,724,852872,"Reception apparatus for television, whether or not incorpora",959056.276,693754.08520452,231.705,0.00024159687580210365,0.00451394308869337,0.986432294581057,-265302.1907954799,-27.662838712864012,3,random_forest,False,non_hydrocarbon_diversification,724__852872
2024,2024,Spain,ESP,724,870322,Vehicles: spark-ignition internal combustion reciprocating p,3777768.688,5150639.324439627,19.705,5.216041962175318e-06,6.24687399865046e-05,0.996632448545645,1372870.636439627,36.340780757713425,1,random_forest,False,non_hydrocarbon_diversification,724__870322
2025,2025,Spain,ESP,724,870322,Vehicles: spark-ignition internal combustion reciprocating p,3777768.688,6186166.7481191065,19.705,5.216041962175318e-06,6.24687399865046e-05,0.996632448545645,2408398.0601191064,63.75186675058562,2,random_forest,False,non_hydrocarbon_diversification,724__870322
2026,2026,Spain,ESP,724,870322,Vehicles: spark-ignition internal combustion reciprocating p,3777768.688,8294408.840341388,19.705,5.216041962175318e-06,6.24687399865046e-05,0.996632448545645,4516640.152341388,119.55840935122357,3,random_forest,False,non_hydrocarbon_diversification,724__870322
2024,2024,Spain,ESP,724,870332,Vehicles: compression-ignition internal combustion piston en,3529581.134,4071878.918017531,14.585,4.132218369909272e-06,0.0006749819510078269,0.9916285994309415,542297.7840175307,15.36436657578561,1,random_forest,False,non_hydrocarbon_diversification,724__870332
2025,2025,Spain,ESP,724,870332,Vehicles: compression-ignition internal combustion piston en,3529581.134,4317043.227451848,14.585,4.132218369909272e-06,0.0006749819510078269,0.9916285994309415,787462.0934518478,22.310355352546708,2,random_forest,False,non_hydrocarbon_diversification,724__870332
2026,2026,Spain,ESP,724,870332,Vehicles: compression-ignition internal combustion piston en,3529581.134,4883742.822444615,14.585,4.132218369909272e-06,0.0006749819510078269,0.9916285994309415,1354161.6884446149,38.36607339607949,3,random_forest,False,non_hydrocarbon_diversification,724__870332
2024,2024,Spain,ESP,724,870840,Vehicle parts: gear boxes and parts thereof,2536237.442,2788650.6874474445,0.0,0.0,9.192471266073504e-06,0.9922059666364842,252413.24544744473,9.952271868062926,1,random_forest,False,non_hydrocarbon_diversification,724__870840
2025,2025,Spain,ESP,724,870840,Vehicle parts: gear boxes and parts thereof,2536237.442,3033676.385497246,0.0,0.0,9.192471266073504e-06,0.9922059666364842,497438.94349724613,19.613263934191465,2,random_forest,False,non_hydrocarbon_diversification,724__870840
2026,2026,Spain,ESP,724,870840,Vehicle parts: gear boxes and parts thereof,2536237.442,3031587.710838888,0.0,0.0,9.192471266073504e-06,0.9922059666364842,495350.26883888803,19.53091065670373,3,random_forest,False,non_hydrocarbon_diversification,724__870840
2024,2024,Spain,ESP,724,870899,Vehicle parts and accessories: n.e.c. in heading no. 8708,4975057.921,5480680.950196906,0.172,3.457246181476165e-08,0.00021185249227684155,0.9954777141345597,505623.0291969059,10.163158645101248,1,random_forest,False,non_hydrocarbon_diversification,724__870899
2025,2025,Spain,ESP,724,870899,Vehicle parts and accessories: n.e.c. in heading no. 8708,4975057.921,6020212.811766949,0.172,3.457246181476165e-08,0.00021185249227684155,0.9954777141345597,1045154.8907669485,21.007893925320765,2,random_forest,False,non_hydrocarbon_diversification,724__870899
2026,2026,Spain,ESP,724,870899,Vehicle parts and accessories: n.e.c. in heading no. 8708,4975057.921,6331948.933039732,0.172,3.457246181476165e-08,0.00021185249227684155,0.9954777141345597,1356891.0120397322,27.273873663102872,3,random_forest,False,non_hydrocarbon_diversification,724__870899
2024,2024,Spain,ESP,724,880330,Aircraft and spacecraft: parts of aeroplanes or helicopters ,2351087.688,2818213.397272418,0.0,0.0,0.009571838193574406,0.992590878106846,467125.7092724177,19.86849370428151,1,random_forest,False,non_hydrocarbon_diversification,724__880330
2025,2025,Spain,ESP,724,880330,Aircraft and spacecraft: parts of aeroplanes or helicopters ,2351087.688,3512000.084518553,0.0,0.0,0.009571838193574406,0.992590878106846,1160912.3965185531,49.3776732549736,2,random_forest,False,non_hydrocarbon_diversification,724__880330
2026,2026,Spain,ESP,724,880330,Aircraft and spacecraft: parts of aeroplanes or helicopters ,2351087.688,4191506.93989537,0.0,0.0,0.009571838193574406,0.992590878106846,1840419.25189537,78.27948150504585,3,random_forest,False,non_hydrocarbon_diversification,724__880330
2024,2024,Sweden,SWE,752,870332,Vehicles: compression-ignition internal combustion piston en,664496.189,1087738.5025716189,0.0,0.0,0.0006749819510078269,0.9916285994309415,423242.31357161887,63.69371571694881,1,random_forest,False,non_hydrocarbon_diversification,752__870332
2025,2025,Sweden,SWE,752,870332,Vehicles: compression-ignition internal combustion piston en,664496.189,1490238.549727762,0.0,0.0,0.0006749819510078269,0.9916285994309415,825742.3607277619,124.26592874376317,2,random_forest,False,non_hydrocarbon_diversification,752__870332
2026,2026,Sweden,SWE,752,870332,Vehicles: compression-ignition internal combustion piston en,664496.189,1656702.5951329882,0.0,0.0,0.0006749819510078269,0.9916285994309415,992206.4061329882,149.3170950500347,3,random_forest,False,non_hydrocarbon_diversification,752__870332
2024,2024,Sweden,SWE,752,870899,Vehicle parts and accessories: n.e.c. in heading no. 8708,2018848.524,2223920.5602788893,0.188,9.312239019671989e-08,0.00021185249227684155,0.9954777141345597,205072.03627888928,10.157871372765225,1,random_forest,False,non_hydrocarbon_diversification,752__870899
2025,2025,Sweden,SWE,752,870899,Vehicle parts and accessories: n.e.c. in heading no. 8708,2018848.524,2350808.806337838,0.188,9.312239019671989e-08,0.00021185249227684155,0.9954777141345597,331960.2823378381,16.443050500892266,2,random_forest,False,non_hydrocarbon_diversification,752__870899
2026,2026,Sweden,SWE,752,870899,Vehicle parts and accessories: n.e.c. in heading no. 8708,2018848.524,2423140.6567225396,0.188,9.312239019671989e-08,0.00021185249227684155,0.9954777141345597,404292.1327225396,20.025877519602336,3,random_forest,False,non_hydrocarbon_diversification,752__870899
2024,2024,Switzerland,CHE,757,300210,"Blood, human or animal, antisera, other blood fractions and ",16885579.175,20449054.340188835,0.017,1.006776245209842e-09,6.864140758500904e-07,0.9981720944270923,3563475.165188834,21.103659686513737,1,random_forest,False,non_hydrocarbon_diversification,757__300210
2025,2025,Switzerland,CHE,757,300210,"Blood, human or animal, antisera, other blood fractions and ",16885579.175,22568064.177630026,0.017,1.006776245209842e-09,6.864140758500904e-07,0.9981720944270923,5682485.002630025,33.652887731818204,2,random_forest,False,non_hydrocarbon_diversification,757__300210
2026,2026,Switzerland,CHE,757,300210,"Blood, human or animal, antisera, other blood fractions and ",16885579.175,26710410.182883438,0.017,1.006776245209842e-09,6.864140758500904e-07,0.9981720944270923,9824831.007883437,58.184743952577136,3,random_forest,False,non_hydrocarbon_diversification,757__300210
2024,2024,Switzerland,CHE,757,300490,Medicaments: consisting of mixed or unmixed products n.e.c. ,35303652.069,34525268.425785825,0.01,2.832568137838907e-10,0.0038597822723884733,0.9991343731029969,-778383.6432141736,-2.204824706783436,1,random_forest,False,non_hydrocarbon_diversification,757__300490
2025,2025,Switzerland,CHE,757,300490,Medicaments: consisting of mixed or unmixed products n.e.c. ,35303652.069,35602052.89703793,0.01,2.832568137838907e-10,0.0038597822723884733,0.9991343731029969,298400.8280379325,0.8452406778049945,2,random_forest,False,non_hydrocarbon_diversification,757__300490
2026,2026,Switzerland,CHE,757,300490,Medicaments: consisting of mixed or unmixed products n.e.c. ,35303652.069,39189090.423866436,0.01,2.832568137838907e-10,0.0038597822723884733,0.9991343731029969,3885438.3548664376,11.005768885531891,3,random_forest,False,non_hydrocarbon_diversification,757__300490
2024,2024,Switzerland,CHE,757,710239,"Diamonds: non-industrial, (other than unworked or simply saw",2091571.28,1539353.946447284,0.0,0.0,,0.9912436879605796,-552217.3335527161,-26.40203271258898,1,random_forest,False,non_hydrocarbon_diversification,757__710239
2025,2025,Switzerland,CHE,757,710239,"Diamonds: non-industrial, (other than unworked or simply saw",2091571.28,1264353.7117945056,0.0,0.0,,0.9912436879605796,-827217.5682054944,-39.55005388128558,2,random_forest,False,non_hydrocarbon_diversification,757__710239
2026,2026,Switzerland,CHE,757,710239,"Diamonds: non-industrial, (other than unworked or simply saw",2091571.28,999493.9567807036,0.0,0.0,,0.9912436879605796,-1092077.3232192965,-52.213249132933996,3,random_forest,False,non_hydrocarbon_diversification,757__710239
2024,2024,Switzerland,CHE,757,710812,"Metals: gold, non-monetary, unwrought (but not powder)",100491728.489,107293699.23246844,0.0,0.0,,0.9995192845733587,6801970.7434684485,6.768687180271763,1,random_forest,False,non_hydrocarbon_diversification,757__710812
2025,2025,Switzerland,CHE,757,710812,"Metals: gold, non-monetary, unwrought (but not powder)",100491728.489,108626248.72268343,0.0,0.0,,0.9995192845733587,8134520.233683437,8.094716207985075,2,random_forest,False,non_hydrocarbon_diversification,757__710812
2026,2026,Switzerland,CHE,757,710812,"Metals: gold, non-monetary, unwrought (but not powder)",100491728.489,108626248.72268304,0.0,0.0,,0.9995192845733587,8134520.23368305,8.094716207984689,3,random_forest,False,non_hydrocarbon_diversification,757__710812
2024,2024,Switzerland,CHE,757,710813,"Metals: gold, semi-manufactured",10436832.372,10419128.887976578,0.0,0.0,0.008472153746123399,0.9960550813401023,-17703.484023422003,-0.1696250681472764,1,random_forest,False,non_hydrocarbon_diversification,757__710813
2025,2025,Switzerland,CHE,757,710813,"Metals: gold, semi-manufactured",10436832.372,10653203.68468189,0.0,0.0,0.008472153746123399,0.9960550813401023,216371.31268189102,2.0731511724033562,2,random_forest,False,non_hydrocarbon_diversification,757__710813
2026,2026,Switzerland,CHE,757,710813,"Metals: gold, semi-manufactured",10436832.372,11495508.746648619,0.0,0.0,0.008472153746123399,0.9960550813401023,1058676.3746486194,10.143656014719976,3,random_forest,False,non_hydrocarbon_diversification,757__710813
2024,2024,Switzerland,CHE,757,711319,Jewellery: of precious metal (excluding silver) whether or n,9422968.587,9875531.86604538,153.588,1.6299322085387316e-05,0.000664679229625341,0.9956701698697406,452563.27904538065,4.802767565942441,1,random_forest,False,non_hydrocarbon_diversification,757__711319
2025,2025,Switzerland,CHE,757,711319,Jewellery: of precious metal (excluding silver) whether or n,9422968.587,10736726.526920345,153.588,1.6299322085387316e-05,0.000664679229625341,0.9956701698697406,1313757.9399203453,13.94208128564512,2,random_forest,False,non_hydrocarbon_diversification,757__711319
2026,2026,Switzerland,CHE,757,711319,Jewellery: of precious metal (excluding silver) whether or n,9422968.587,12319915.664316008,153.588,1.6299322085387316e-05,0.000664679229625341,0.9956701698697406,2896947.0773160085,30.743465295137025,3,random_forest,False,non_hydrocarbon_diversification,757__711319
2024,2024,Switzerland,CHE,757,740311,"Copper: refined, unwrought, cathodes and sections of cathode",1546759.395,1435076.6754481532,0.0,0.0,,0.9937456125179315,-111682.71955184685,-7.220432596877606,1,random_forest,False,non_hydrocarbon_diversification,757__740311
2025,2025,Switzerland,CHE,757,740311,"Copper: refined, unwrought, cathodes and sections of cathode",1546759.395,1334266.560925028,0.0,0.0,,0.9937456125179315,-212492.83407497196,-13.737937184145693,2,random_forest,False,non_hydrocarbon_diversification,757__740311
2026,2026,Switzerland,CHE,757,740311,"Copper: refined, unwrought, cathodes and sections of cathode",1546759.395,1202141.5157987305,0.0,0.0,,0.9937456125179315,-344617.8792012695,-22.279992629446383,3,random_forest,False,non_hydrocarbon_diversification,757__740311
2024,2024,Switzerland,CHE,757,870332,Vehicles: compression-ignition internal combustion piston en,1706420.925,2080572.4372210833,0.0,0.0,0.0006749819510078269,0.9916285994309415,374151.5122210833,21.926097291679852,1,random_forest,False,non_hydrocarbon_diversification,757__870332
2025,2025,Switzerland,CHE,757,870332,Vehicles: compression-ignition internal combustion piston en,1706420.925,2533751.7512289127,0.0,0.0,0.0006749819510078269,0.9916285994309415,827330.8262289127,48.483396687655635,2,random_forest,False,non_hydrocarbon_diversification,757__870332
2026,2026,Switzerland,CHE,757,870332,Vehicles: compression-ignition internal combustion piston en,1706420.925,2846271.1470327876,0.0,0.0,0.0006749819510078269,0.9916285994309415,1139850.2220327875,66.79771710094258,3,random_forest,False,non_hydrocarbon_diversification,757__870332
2024,2024,Thailand,THA,764,120190,"Soya beans: other than seed, whether or not broken",1823576.3099999998,1762159.7186011563,0.0,0.0,1.4519592151066263e-05,0.9945154354586551,-61416.591398843564,-3.367920007627406,1,random_forest,False,non_hydrocarbon_diversification,764__120190
2025,2025,Thailand,THA,764,120190,"Soya beans: other than seed, whether or not broken",1823576.3099999998,1773808.6063181853,0.0,0.0,1.4519592151066263e-05,0.9945154354586551,-49767.703681814484,-2.729126464788002,2,random_forest,False,non_hydrocarbon_diversification,764__120190
2026,2026,Thailand,THA,764,120190,"Soya beans: other than seed, whether or not broken",1823576.3099999998,1793769.5622199096,0.0,0.0,1.4519592151066263e-05,0.9945154354586551,-29806.747780090198,-1.6345215506824717,3,random_forest,False,non_hydrocarbon_diversification,764__120190
2024,2024,Thailand,THA,764,710239,"Diamonds: non-industrial, (other than unworked or simply saw",1037739.2019999999,801712.7177857968,0.0,0.0,,0.9912436879605796,-236026.48421420308,-22.7442968097685,1,random_forest,False,non_hydrocarbon_diversification,764__710239
2025,2025,Thailand,THA,764,710239,"Diamonds: non-industrial, (other than unworked or simply saw",1037739.2019999999,713838.7348713002,0.0,0.0,,0.9912436879605796,-323900.46712869976,-31.212125985455426,2,random_forest,False,non_hydrocarbon_diversification,764__710239
2026,2026,Thailand,THA,764,710239,"Diamonds: non-industrial, (other than unworked or simply saw",1037739.2019999999,665301.3363964049,0.0,0.0,,0.9912436879605796,-372437.86560359504,-35.8893510899278,3,random_forest,False,non_hydrocarbon_diversification,764__710239
2024,2024,Thailand,THA,764,710812,"Metals: gold, non-monetary, unwrought (but not powder)",7445643.456,7060527.734434953,0.0,0.0,,0.9995192845733587,-385115.7215650473,-5.172363192528451,1,random_forest,False,non_hydrocarbon_diversification,764__710812
2025,2025,Thailand,THA,764,710812,"Metals: gold, non-monetary, unwrought (but not powder)",7445643.456,7287440.815633117,0.0,0.0,,0.9995192845733587,-158202.64036688302,-2.1247678767024083,2,random_forest,False,non_hydrocarbon_diversification,764__710812
2026,2026,Thailand,THA,764,710812,"Metals: gold, non-monetary, unwrought (but not powder)",7445643.456,7228572.04241247,0.0,0.0,,0.9995192845733587,-217071.41358753014,-2.915415099719894,3,random_forest,False,non_hydrocarbon_diversification,764__710812
2024,2024,Thailand,THA,764,732690,Iron or steel: articles n.e.c.in heading 7326,2897852.728,2752969.1050706813,0.0,0.0,0.0026880511270757357,0.9902814092846751,-144883.6229293188,-4.9996889603604036,1,random_forest,False,non_hydrocarbon_diversification,764__732690
2025,2025,Thailand,THA,764,732690,Iron or steel: articles n.e.c.in heading 7326,2897852.728,2675847.1428955146,0.0,0.0,0.0026880511270757357,0.9902814092846751,-222005.5851044855,-7.661037531665947,2,random_forest,False,non_hydrocarbon_diversification,764__732690
2026,2026,Thailand,THA,764,732690,Iron or steel: articles n.e.c.in heading 7326,2897852.728,2590401.4026688365,0.0,0.0,0.0026880511270757357,0.9902814092846751,-307451.3253311636,-10.60962561556246,3,random_forest,False,non_hydrocarbon_diversification,764__732690
2024,2024,Thailand,THA,764,740311,"Copper: refined, unwrought, cathodes and sections of cathode",2949503.323,2645511.1353073656,0.0,0.0,,0.9937456125179315,-303992.1876926343,-10.306555185821512,1,random_forest,False,non_hydrocarbon_diversification,764__740311
2025,2025,Thailand,THA,764,740311,"Copper: refined, unwrought, cathodes and sections of cathode",2949503.323,2470255.957398097,0.0,0.0,,0.9937456125179315,-479247.3656019028,-16.24840907500489,2,random_forest,False,non_hydrocarbon_diversification,764__740311
2026,2026,Thailand,THA,764,740311,"Copper: refined, unwrought, cathodes and sections of cathode",2949503.323,2273626.339691689,0.0,0.0,,0.9937456125179315,-675876.9833083111,-22.91494225613765,3,random_forest,False,non_hydrocarbon_diversification,764__740311
2024,2024,Thailand,THA,764,853400,Circuits: printed,1940563.561,1327767.757030398,0.0,0.0,1.1002339092700973e-05,0.988356851932866,-612795.8039696021,-31.578239243749362,1,random_forest,False,non_hydrocarbon_diversification,764__853400
2025,2025,Thailand,THA,764,853400,Circuits: printed,1940563.561,1175778.147545813,0.0,0.0,1.1002339092700973e-05,0.988356851932866,-764785.4134541871,-39.41047996696806,2,random_forest,False,non_hydrocarbon_diversification,764__853400
2026,2026,Thailand,THA,764,853400,Circuits: printed,1940563.561,1142277.3060430076,0.0,0.0,1.1002339092700973e-05,0.988356851932866,-798286.2549569923,-41.13682597160714,3,random_forest,False,non_hydrocarbon_diversification,764__853400
2024,2024,Thailand,THA,764,853710,"Boards, panels, consoles, desks and other bases: for electri",1845866.642,2051172.8601041771,0.063,3.413030961529235e-08,0.0034796814384586484,0.9935531567827506,205306.21810417715,11.12248379339731,1,random_forest,False,non_hydrocarbon_diversification,764__853710
2025,2025,Thailand,THA,764,853710,"Boards, panels, consoles, desks and other bases: for electri",1845866.642,2267023.6478933436,0.063,3.413030961529235e-08,0.0034796814384586484,0.9935531567827506,421157.0058933436,22.816220647284638,2,random_forest,False,non_hydrocarbon_diversification,764__853710
2026,2026,Thailand,THA,764,853710,"Boards, panels, consoles, desks and other bases: for electri",1845866.642,2384133.1689560963,0.063,3.413030961529235e-08,0.0034796814384586484,0.9935531567827506,538266.5269560963,29.1606400326344,3,random_forest,False,non_hydrocarbon_diversification,764__853710
2024,2024,Thailand,THA,764,870840,Vehicle parts: gear boxes and parts thereof,2327693.704,2339922.6652761158,0.0,0.0,9.192471266073504e-06,0.9922059666364842,12228.96127611585,0.5253681468099143,1,random_forest,False,non_hydrocarbon_diversification,764__870840
2025,2025,Thailand,THA,764,870840,Vehicle parts: gear boxes and parts thereof,2327693.704,2345422.2332714964,0.0,0.0,9.192471266073504e-06,0.9922059666364842,17728.52927149646,0.7616349711747324,2,random_forest,False,non_hydrocarbon_diversification,764__870840
2026,2026,Thailand,THA,764,870840,Vehicle parts: gear boxes and parts thereof,2327693.704,2352678.0665992135,0.0,0.0,9.192471266073504e-06,0.9922059666364842,24984.362599213608,1.0733526733469916,3,random_forest,False,non_hydrocarbon_diversification,764__870840
2024,2024,Brazil,BRA,76,100199,"Cereals: wheat and meslin, other than durum wheat, other tha",1261222.513,1119482.7680738266,0.0,0.0,9.185849923801444e-05,0.9889342191384087,-141739.74492617347,-11.238282179805449,1,random_forest,False,non_hydrocarbon_diversification,76__100199
2025,2025,Brazil,BRA,76,100199,"Cereals: wheat and meslin, other than durum wheat, other tha",1261222.513,1072015.3205355706,0.0,0.0,9.185849923801444e-05,0.9889342191384087,-189207.19246442942,-15.001888288084295,2,random_forest,False,non_hydrocarbon_diversification,76__100199
2026,2026,Brazil,BRA,76,100199,"Cereals: wheat and meslin, other than durum wheat, other tha",1261222.513,957397.1567347742,0.0,0.0,9.185849923801444e-05,0.9889342191384087,-303825.3562652258,-24.08975047095641,3,random_forest,False,non_hydrocarbon_diversification,76__100199
2024,2024,Brazil,BRA,76,841191,Turbines: parts of turbo-jets and turbo-propellers,3208805.077,3706637.6896672235,0.0,0.0,0.04576604889443531,0.9927833338420269,497832.61266722344,15.514579437547537,1,random_forest,False,non_hydrocarbon_diversification,76__841191
2025,2025,Brazil,BRA,76,841191,Turbines: parts of turbo-jets and turbo-propellers,3208805.077,3923138.088659995,0.0,0.0,0.04576604889443531,0.9927833338420269,714333.0116599947,22.261651752553455,2,random_forest,False,non_hydrocarbon_diversification,76__841191
2026,2026,Brazil,BRA,76,841191,Turbines: parts of turbo-jets and turbo-propellers,3208805.077,4360588.737711762,0.0,0.0,0.04576604889443531,0.9927833338420269,1151783.660711762,35.894472648634554,3,random_forest,False,non_hydrocarbon_diversification,76__841191
2024,2024,Brazil,BRA,76,851770,Telephone sets and other apparatus for the transmission or r,2226841.319,1901727.5367586454,0.0,0.0,0.00044352889636002565,0.9914361436957605,-325113.7822413547,-14.599773206442586,1,random_forest,False,non_hydrocarbon_diversification,76__851770
2025,2025,Brazil,BRA,76,851770,Telephone sets and other apparatus for the transmission or r,2226841.319,1384052.9211846774,0.0,0.0,0.00044352889636002565,0.9914361436957605,-842788.3978153227,-37.84680976701972,2,random_forest,False,non_hydrocarbon_diversification,76__851770
2026,2026,Brazil,BRA,76,851770,Telephone sets and other apparatus for the transmission or r,2226841.319,1088723.5861335583,0.0,0.0,0.00044352889636002565,0.9914361436957605,-1138117.7328664418,-51.109063010270184,3,random_forest,False,non_hydrocarbon_diversification,76__851770
2024,2024,Brazil,BRA,76,852990,Reception and transmission apparatus: for use with the appar,633297.909,913708.1960982945,0.0,0.0,0.006108660443749396,0.9873945732569614,280410.2870982945,44.27778508554881,1,random_forest,False,non_hydrocarbon_diversification,76__852990
2025,2025,Brazil,BRA,76,852990,Reception and transmission apparatus: for use with the appar,633297.909,857283.8487513309,0.0,0.0,0.006108660443749396,0.9873945732569614,223985.93975133088,35.36817926732344,2,random_forest,False,non_hydrocarbon_diversification,76__852990
2026,2026,Brazil,BRA,76,852990,Reception and transmission apparatus: for use with the appar,633297.909,837917.8268963909,0.0,0.0,0.006108660443749396,0.9873945732569614,204619.9178963909,32.310215301277886,3,random_forest,False,non_hydrocarbon_diversification,76__852990
2024,2024,Brazil,BRA,76,870421,Vehicles: compression-ignition internal combustion piston en,2827350.136,3570673.5045922208,0.0,0.0,5.4398730230638e-05,0.9933607010475697,743323.3685922208,26.29046042538754,1,random_forest,False,non_hydrocarbon_diversification,76__870421
2025,2025,Brazil,BRA,76,870421,Vehicles: compression-ignition internal combustion piston en,2827350.136,4732131.482548933,0.0,0.0,5.4398730230638e-05,0.9933607010475697,1904781.3465489326,67.36984295987219,2,random_forest,False,non_hydrocarbon_diversification,76__870421
2026,2026,Brazil,BRA,76,870421,Vehicles: compression-ignition internal combustion piston en,2827350.136,6557776.003759918,0.0,0.0,5.4398730230638e-05,0.9933607010475697,3730425.867759918,131.94071085364567,3,random_forest,False,non_hydrocarbon_diversification,76__870421
2024,2024,Brazil,BRA,76,870840,Vehicle parts: gear boxes and parts thereof,2384466.616,2376468.1073496575,0.0,0.0,9.192471266073504e-06,0.9922059666364842,-7998.508650342468,-0.33544225768025887,1,random_forest,False,non_hydrocarbon_diversification,76__870840
2025,2025,Brazil,BRA,76,870840,Vehicle parts: gear boxes and parts thereof,2384466.616,2377140.6707234886,0.0,0.0,9.192471266073504e-06,0.9922059666364842,-7325.945276511367,-0.3072362274797043,2,random_forest,False,non_hydrocarbon_diversification,76__870840
2026,2026,Brazil,BRA,76,870840,Vehicle parts: gear boxes and parts thereof,2384466.616,2372354.091165658,0.0,0.0,9.192471266073504e-06,0.9922059666364842,-12112.524834341835,-0.5079762808615407,3,random_forest,False,non_hydrocarbon_diversification,76__870840
2024,2024,United Arab Emirates,ARE,784,710239,"Diamonds: non-industrial, (other than unworked or simply saw",8487859.668,5561387.786060046,0.0,0.0,,0.9912436879605796,-2926471.881939953,-34.478325472003476,1,random_forest,False,non_hydrocarbon_diversification,784__710239
2025,2025,United Arab Emirates,ARE,784,710239,"Diamonds: non-industrial, (other than unworked or simply saw",8487859.668,3693194.4675660534,0.0,0.0,,0.9912436879605796,-4794665.200433946,-56.488506973203954,2,random_forest,False,non_hydrocarbon_diversification,784__710239
2026,2026,United Arab Emirates,ARE,784,710239,"Diamonds: non-industrial, (other than unworked or simply saw",8487859.668,2952883.395866702,0.0,0.0,,0.9912436879605796,-5534976.272133298,-65.21050640128583,3,random_forest,False,non_hydrocarbon_diversification,784__710239
2024,2024,United Arab Emirates,ARE,784,710812,"Metals: gold, non-monetary, unwrought (but not powder)",67677931.367,66910998.99882341,0.0,0.0,,0.9995192845733587,-766932.3681765869,-1.1332089392888063,1,random_forest,False,non_hydrocarbon_diversification,784__710812
2025,2025,United Arab Emirates,ARE,784,710812,"Metals: gold, non-monetary, unwrought (but not powder)",67677931.367,70774303.50653464,0.0,0.0,,0.9995192845733587,3096372.1395346373,4.575157775942956,2,random_forest,False,non_hydrocarbon_diversification,784__710812
2026,2026,United Arab Emirates,ARE,784,710812,"Metals: gold, non-monetary, unwrought (but not powder)",67677931.367,70677577.04150432,0.0,0.0,,0.9995192845733587,2999645.674504325,4.432236053785419,3,random_forest,False,non_hydrocarbon_diversification,784__710812
2024,2024,United Arab Emirates,ARE,784,710813,"Metals: gold, semi-manufactured",6256484.037,6351869.783408102,2530.994,0.0004045393522994775,0.008472153746123399,0.9960550813401023,95385.7464081021,1.5245902625820464,1,random_forest,False,non_hydrocarbon_diversification,784__710813
2025,2025,United Arab Emirates,ARE,784,710813,"Metals: gold, semi-manufactured",6256484.037,6472879.112725254,2530.994,0.0004045393522994775,0.008472153746123399,0.9960550813401023,216395.0757252546,3.4587329632030297,2,random_forest,False,non_hydrocarbon_diversification,784__710813
2026,2026,United Arab Emirates,ARE,784,710813,"Metals: gold, semi-manufactured",6256484.037,6468087.853088035,2530.994,0.0004045393522994775,0.008472153746123399,0.9960550813401023,211603.8160880357,3.382152257348366,3,random_forest,False,non_hydrocarbon_diversification,784__710813
2024,2024,United Arab Emirates,ARE,784,711319,Jewellery: of precious metal (excluding silver) whether or n,15920188.148,18769970.3636801,0.0,0.0,0.000664679229625341,0.9956701698697406,2849782.215680098,17.900430504887638,1,random_forest,False,non_hydrocarbon_diversification,784__711319
2025,2025,United Arab Emirates,ARE,784,711319,Jewellery: of precious metal (excluding silver) whether or n,15920188.148,22775245.997685436,0.0,0.0,0.000664679229625341,0.9956701698697406,6855057.849685436,43.05889971876126,2,random_forest,False,non_hydrocarbon_diversification,784__711319
2026,2026,United Arab Emirates,ARE,784,711319,Jewellery: of precious metal (excluding silver) whether or n,15920188.148,27236683.756692495,0.0,0.0,0.000664679229625341,0.9956701698697406,11316495.608692495,71.08267505063468,3,random_forest,False,non_hydrocarbon_diversification,784__711319
2024,2024,United Arab Emirates,ARE,784,740311,"Copper: refined, unwrought, cathodes and sections of cathode",3387933.968,3430529.756098248,0.0,0.0,,0.9937456125179315,42595.78809824819,1.2572791707446935,1,random_forest,False,non_hydrocarbon_diversification,784__740311
2025,2025,United Arab Emirates,ARE,784,740311,"Copper: refined, unwrought, cathodes and sections of cathode",3387933.968,3350012.8610900305,0.0,0.0,,0.9937456125179315,-37921.106909969356,-1.119298878553862,2,random_forest,False,non_hydrocarbon_diversification,784__740311
2026,2026,United Arab Emirates,ARE,784,740311,"Copper: refined, unwrought, cathodes and sections of cathode",3387933.968,3426662.7053948166,0.0,0.0,,0.9937456125179315,38728.73739481671,1.1431373149719166,3,random_forest,False,non_hydrocarbon_diversification,784__740311
2024,2024,United Arab Emirates,ARE,784,841112,Turbo-jets: of a thrust exceeding 25kN,4121061.421,4669929.641612398,0.0,0.0,0.035205620912727636,0.9941305239882933,548868.2206123983,13.318612962560799,1,random_forest,False,non_hydrocarbon_diversification,784__841112
2025,2025,United Arab Emirates,ARE,784,841112,Turbo-jets: of a thrust exceeding 25kN,4121061.421,5741186.6632021675,0.0,0.0,0.035205620912727636,0.9941305239882933,1620125.2422021674,39.313300062609464,2,random_forest,False,non_hydrocarbon_diversification,784__841112
2026,2026,United Arab Emirates,ARE,784,841112,Turbo-jets: of a thrust exceeding 25kN,4121061.421,6910319.583506936,0.0,0.0,0.035205620912727636,0.9941305239882933,2789258.162506936,67.68300390509846,3,random_forest,False,non_hydrocarbon_diversification,784__841112
2024,2024,United Arab Emirates,ARE,784,847130,"Automatic data processing machines: portable, weighing not m",6131758.071,4781078.11729011,8.829,1.4398806831203175e-06,4.579819987309988e-05,0.9974022714863687,-1350679.9537098901,-22.02761325659435,1,random_forest,False,non_hydrocarbon_diversification,784__847130
2025,2025,United Arab Emirates,ARE,784,847130,"Automatic data processing machines: portable, weighing not m",6131758.071,3592171.1211162093,8.829,1.4398806831203175e-06,4.579819987309988e-05,0.9974022714863687,-2539586.949883791,-41.416946338680674,2,random_forest,False,non_hydrocarbon_diversification,784__847130
2026,2026,United Arab Emirates,ARE,784,847130,"Automatic data processing machines: portable, weighing not m",6131758.071,2923321.945712817,8.829,1.4398806831203175e-06,4.579819987309988e-05,0.9974022714863687,-3208436.1252871836,-52.32489749491918,3,random_forest,False,non_hydrocarbon_diversification,784__847130
2024,2024,United Arab Emirates,ARE,784,851712,Telephones for cellular networks or for other wireless netwo,37633299.769999996,37349191.75892825,2.924,7.769714635363744e-08,0.0006325295349067288,0.9993268288381778,-284108.01107174903,-0.754937815201181,1,random_forest,False,non_hydrocarbon_diversification,784__851712
2025,2025,United Arab Emirates,ARE,784,851712,Telephones for cellular networks or for other wireless netwo,37633299.769999996,40773375.93010795,2.924,7.769714635363744e-08,0.0006325295349067288,0.9993268288381778,3140076.1601079553,8.343876777478648,2,random_forest,False,non_hydrocarbon_diversification,784__851712
2026,2026,United Arab Emirates,ARE,784,851712,Telephones for cellular networks or for other wireless netwo,37633299.769999996,45823884.39338141,2.924,7.769714635363744e-08,0.0006325295349067288,0.9993268288381778,8190584.6233814135,21.764194671843985,3,random_forest,False,non_hydrocarbon_diversification,784__851712
2024,2024,United Arab Emirates,ARE,784,852872,"Reception apparatus for television, whether or not incorpora",907919.469,665978.4977818978,0.0,0.0,0.00451394308869337,0.986432294581057,-241940.97121810226,-26.647844823129603,1,random_forest,False,non_hydrocarbon_diversification,784__852872
2025,2025,United Arab Emirates,ARE,784,852872,"Reception apparatus for television, whether or not incorpora",907919.469,681517.5720989088,0.0,0.0,0.00451394308869337,0.986432294581057,-226401.8969010912,-24.93634123194369,2,random_forest,False,non_hydrocarbon_diversification,784__852872
2026,2026,United Arab Emirates,ARE,784,852872,"Reception apparatus for television, whether or not incorpora",907919.469,732932.230797392,0.0,0.0,0.00451394308869337,0.986432294581057,-174987.23820260807,-19.273431639850436,3,random_forest,False,non_hydrocarbon_diversification,784__852872
2024,2024,United Arab Emirates,ARE,784,870323,Vehicles: spark-ignition internal combustion reciprocating p,10544090.253,11700770.78913419,0.0,0.0,0.0001679715272888296,0.9983645501622732,1156680.536134189,10.969941534833607,1,random_forest,False,non_hydrocarbon_diversification,784__870323
2025,2025,United Arab Emirates,ARE,784,870323,Vehicles: spark-ignition internal combustion reciprocating p,10544090.253,14933913.77099745,0.0,0.0,0.0001679715272888296,0.9983645501622732,4389823.517997449,41.63302297937423,2,random_forest,False,non_hydrocarbon_diversification,784__870323
2026,2026,United Arab Emirates,ARE,784,870323,Vehicles: spark-ignition internal combustion reciprocating p,10544090.253,16860280.771867666,0.0,0.0,0.0001679715272888296,0.9983645501622732,6316190.518867666,59.90265985318729,3,random_forest,False,non_hydrocarbon_diversification,784__870323
2024,2024,United Arab Emirates,ARE,784,870324,Vehicles: spark-ignition internal combustion reciprocating p,9419603.396,10043294.518742237,0.0,0.0,1.9715719827969783e-05,0.9950928026641979,623691.1227422375,6.621203638011826,1,random_forest,False,non_hydrocarbon_diversification,784__870324
2025,2025,United Arab Emirates,ARE,784,870324,Vehicles: spark-ignition internal combustion reciprocating p,9419603.396,10291095.088182392,0.0,0.0,1.9715719827969783e-05,0.9950928026641979,871491.6921823919,9.25189368962676,2,random_forest,False,non_hydrocarbon_diversification,784__870324
2026,2026,United Arab Emirates,ARE,784,870324,Vehicles: spark-ignition internal combustion reciprocating p,9419603.396,10712729.469878674,0.0,0.0,1.9715719827969783e-05,0.9950928026641979,1293126.0738786738,13.728030995740173,3,random_forest,False,non_hydrocarbon_diversification,784__870324
2024,2024,United Arab Emirates,ARE,784,880240,Aeroplanes and other aircraft: of an unladen weight exceedin,337451.855,568204.6976814009,0.0,0.0,,0.9962475370752832,230752.84268140094,68.38096731796035,1,random_forest,False,non_hydrocarbon_diversification,784__880240
2025,2025,United Arab Emirates,ARE,784,880240,Aeroplanes and other aircraft: of an unladen weight exceedin,337451.855,930448.3307056901,0.0,0.0,,0.9962475370752832,592996.4757056901,175.72772735408142,2,random_forest,False,non_hydrocarbon_diversification,784__880240
2026,2026,United Arab Emirates,ARE,784,880240,Aeroplanes and other aircraft: of an unladen weight exceedin,337451.855,804834.2474336048,0.0,0.0,,0.9962475370752832,467382.3924336048,138.5034296028999,3,random_forest,False,non_hydrocarbon_diversification,784__880240
2024,2024,United Arab Emirates,ARE,784,880330,Aircraft and spacecraft: parts of aeroplanes or helicopters ,2940414.982,3542641.036834606,0.0,0.0,0.009571838193574406,0.992590878106846,602226.0548346061,20.48098851764748,1,random_forest,False,non_hydrocarbon_diversification,784__880330
2025,2025,United Arab Emirates,ARE,784,880330,Aircraft and spacecraft: parts of aeroplanes or helicopters ,2940414.982,4048087.3157531437,0.0,0.0,0.009571838193574406,0.992590878106846,1107672.333753144,37.67061249972723,2,random_forest,False,non_hydrocarbon_diversification,784__880330
2026,2026,United Arab Emirates,ARE,784,880330,Aircraft and spacecraft: parts of aeroplanes or helicopters ,2940414.982,4786009.676369367,0.0,0.0,0.009571838193574406,0.992590878106846,1845594.6943693673,62.766470231832315,3,random_forest,False,non_hydrocarbon_diversification,784__880330
2024,2024,TÃ¼rkiye,TUR,792,100199,"Cereals: wheat and meslin, other than durum wheat, other tha",3207835.9229999995,2881637.093977885,0.0,0.0,9.185849923801444e-05,0.9889342191384087,-326198.82902211463,-10.168812771354286,1,random_forest,False,non_hydrocarbon_diversification,792__100199
2025,2025,TÃ¼rkiye,TUR,792,100199,"Cereals: wheat and meslin, other than durum wheat, other tha",3207835.9229999995,2112169.6978412103,0.0,0.0,9.185849923801444e-05,0.9889342191384087,-1095666.2251587892,-34.15593102199914,2,random_forest,False,non_hydrocarbon_diversification,792__100199
2026,2026,TÃ¼rkiye,TUR,792,100199,"Cereals: wheat and meslin, other than durum wheat, other tha",3207835.9229999995,1558470.5201073366,0.0,0.0,9.185849923801444e-05,0.9889342191384087,-1649365.402892663,-51.41676327853328,3,random_forest,False,non_hydrocarbon_diversification,792__100199
2024,2024,TÃ¼rkiye,TUR,792,710812,"Metals: gold, non-monetary, unwrought (but not powder)",28544329.878000002,28793393.734641198,0.0,0.0,,0.9995192845733587,249063.8566411957,0.8725510730351983,1,random_forest,False,non_hydrocarbon_diversification,792__710812
2025,2025,TÃ¼rkiye,TUR,792,710812,"Metals: gold, non-monetary, unwrought (but not powder)",28544329.878000002,31759073.114006877,0.0,0.0,,0.9995192845733587,3214743.2360068746,11.262283086507408,2,random_forest,False,non_hydrocarbon_diversification,792__710812
2026,2026,TÃ¼rkiye,TUR,792,710812,"Metals: gold, non-monetary, unwrought (but not powder)",28544329.878000002,32529359.437325872,0.0,0.0,,0.9995192845733587,3985029.55932587,13.960844680390466,3,random_forest,False,non_hydrocarbon_diversification,792__710812
2024,2024,TÃ¼rkiye,TUR,792,740311,"Copper: refined, unwrought, cathodes and sections of cathode",3336576.126,3462521.9410336385,0.0,0.0,,0.9937456125179315,125945.81503363838,3.7747022779494164,1,random_forest,False,non_hydrocarbon_diversification,792__740311
2025,2025,TÃ¼rkiye,TUR,792,740311,"Copper: refined, unwrought, cathodes and sections of cathode",3336576.126,3418751.902551682,0.0,0.0,,0.9937456125179315,82175.77655168204,2.4628773164003044,2,random_forest,False,non_hydrocarbon_diversification,792__740311
2026,2026,TÃ¼rkiye,TUR,792,740311,"Copper: refined, unwrought, cathodes and sections of cathode",3336576.126,3409011.8137213793,0.0,0.0,,0.9937456125179315,72435.6877213791,2.1709586410131587,3,random_forest,False,non_hydrocarbon_diversification,792__740311
2024,2024,TÃ¼rkiye,TUR,792,870332,Vehicles: compression-ignition internal combustion piston en,1758531.488,2289229.038260443,0.0,0.0,0.0006749819510078269,0.9916285994309415,530697.5502604432,30.178450251352185,1,random_forest,False,non_hydrocarbon_diversification,792__870332
2025,2025,TÃ¼rkiye,TUR,792,870332,Vehicles: compression-ignition internal combustion piston en,1758531.488,2765338.2888457677,0.0,0.0,0.0006749819510078269,0.9916285994309415,1006806.8008457678,57.25270248022809,2,random_forest,False,non_hydrocarbon_diversification,792__870332
2026,2026,TÃ¼rkiye,TUR,792,870332,Vehicles: compression-ignition internal combustion piston en,1758531.488,3100714.7630832065,0.0,0.0,0.0006749819510078269,0.9916285994309415,1342183.2750832066,76.32409679565583,3,random_forest,False,non_hydrocarbon_diversification,792__870332
2024,2024,Egypt,EGY,818,100199,"Cereals: wheat and meslin, other than durum wheat, other tha",749408.775,1236036.7889940897,0.0,0.0,9.185849923801444e-05,0.9889342191384087,486628.0139940897,64.93492339932764,1,random_forest,False,non_hydrocarbon_diversification,818__100199
2025,2025,Egypt,EGY,818,100199,"Cereals: wheat and meslin, other than durum wheat, other tha",749408.775,1086927.850276338,0.0,0.0,9.185849923801444e-05,0.9889342191384087,337519.0752763379,45.03804686252011,2,random_forest,False,non_hydrocarbon_diversification,818__100199
2026,2026,Egypt,EGY,818,100199,"Cereals: wheat and meslin, other than durum wheat, other tha",749408.775,1005169.48342128,0.0,0.0,9.185849923801444e-05,0.9889342191384087,255760.70842128003,34.12833115295187,3,random_forest,False,non_hydrocarbon_diversification,818__100199
2024,2024,Egypt,EGY,818,120190,"Soya beans: other than seed, whether or not broken",1463562.412,1461133.5236206038,0.0,0.0,1.4519592151066263e-05,0.9945154354586551,-2428.8883793961722,-0.16595728063807177,1,random_forest,False,non_hydrocarbon_diversification,818__120190
2025,2025,Egypt,EGY,818,120190,"Soya beans: other than seed, whether or not broken",1463562.412,1384314.9652576232,0.0,0.0,1.4519592151066263e-05,0.9945154354586551,-79247.44674237678,-5.414695409817397,2,random_forest,False,non_hydrocarbon_diversification,818__120190
2026,2026,Egypt,EGY,818,120190,"Soya beans: other than seed, whether or not broken",1463562.412,1269905.2295833158,0.0,0.0,1.4519592151066263e-05,0.9945154354586551,-193657.18241668423,-13.231904620455929,3,random_forest,False,non_hydrocarbon_diversification,818__120190
2024,2024,United Kingdom,GBR,826,210690,Food preparations: n.e.c. in item no. 2106.10,1940770.102,2004665.1546686653,1.173,6.043992530548577e-07,0.005065075257191559,0.990473865019856,63895.0526686653,3.29225252402746,1,random_forest,False,non_hydrocarbon_diversification,826__210690
2025,2025,United Kingdom,GBR,826,210690,Food preparations: n.e.c. in item no. 2106.10,1940770.102,2063160.2755021788,1.173,6.043992530548577e-07,0.005065075257191559,0.990473865019856,122390.17350217886,6.3062684949677195,2,random_forest,False,non_hydrocarbon_diversification,826__210690
2026,2026,United Kingdom,GBR,826,210690,Food preparations: n.e.c. in item no. 2106.10,1940770.102,2130148.2977457955,1.173,6.043992530548577e-07,0.005065075257191559,0.990473865019856,189378.1957457955,9.757889177633029,3,random_forest,False,non_hydrocarbon_diversification,826__210690
2024,2024,United Kingdom,GBR,826,300210,"Blood, human or animal, antisera, other blood fractions and ",6201881.938,6827059.101381018,0.0,0.0,6.864140758500904e-07,0.9981720944270923,625177.1633810177,10.080442833818706,1,random_forest,False,non_hydrocarbon_diversification,826__300210
2025,2025,United Kingdom,GBR,826,300210,"Blood, human or animal, antisera, other blood fractions and ",6201881.938,7015870.2747899955,0.0,0.0,6.864140758500904e-07,0.9981720944270923,813988.3367899954,13.12486024286513,2,random_forest,False,non_hydrocarbon_diversification,826__300210
2026,2026,United Kingdom,GBR,826,300210,"Blood, human or animal, antisera, other blood fractions and ",6201881.938,7522104.084788693,0.0,0.0,6.864140758500904e-07,0.9981720944270923,1320222.146788693,21.28744403693763,3,random_forest,False,non_hydrocarbon_diversification,826__300210
2024,2024,United Kingdom,GBR,826,300490,Medicaments: consisting of mixed or unmixed products n.e.c. ,13182726.825,13546620.36620521,0.0,0.0,0.0038597822723884733,0.9991343731029969,363893.5412052106,2.760381414527344,1,random_forest,False,non_hydrocarbon_diversification,826__300490
2025,2025,United Kingdom,GBR,826,300490,Medicaments: consisting of mixed or unmixed products n.e.c. ,13182726.825,13169884.447542813,0.0,0.0,0.0038597822723884733,0.9991343731029969,-12842.37745718658,-0.09741821724494834,2,random_forest,False,non_hydrocarbon_diversification,826__300490
2026,2026,United Kingdom,GBR,826,300490,Medicaments: consisting of mixed or unmixed products n.e.c. ,13182726.825,13221145.763749404,0.0,0.0,0.0038597822723884733,0.9991343731029969,38418.938749404624,0.29143392910597327,3,random_forest,False,non_hydrocarbon_diversification,826__300490
2024,2024,United Kingdom,GBR,826,392690,Plastics: other articles n.e.c. in chapter 39,2172773.9359999998,2096448.6208284781,0.0,0.0,0.005497190715296392,0.9931682453123887,-76325.31517152162,-3.5128051707042216,1,random_forest,False,non_hydrocarbon_diversification,826__392690
2025,2025,United Kingdom,GBR,826,392690,Plastics: other articles n.e.c. in chapter 39,2172773.9359999998,2038593.342292983,0.0,0.0,0.005497190715296392,0.9931682453123887,-134180.59370701667,-6.175543229961531,2,random_forest,False,non_hydrocarbon_diversification,826__392690
2026,2026,United Kingdom,GBR,826,392690,Plastics: other articles n.e.c. in chapter 39,2172773.9359999998,1920697.8238539367,0.0,0.0,0.005497190715296392,0.9931682453123887,-252076.112146063,-11.601580264264687,3,random_forest,False,non_hydrocarbon_diversification,826__392690
2024,2024,United Kingdom,GBR,826,401110,"Rubber: new pneumatic tyres, of a kind used on motor cars (i",2096799.497,2186525.2005547727,55.306,2.6376389387315844e-05,0.08491395706720468,0.9881643961976851,89725.70355477277,4.279174221624337,1,random_forest,False,non_hydrocarbon_diversification,826__401110
2025,2025,United Kingdom,GBR,826,401110,"Rubber: new pneumatic tyres, of a kind used on motor cars (i",2096799.497,2283217.9906600197,55.306,2.6376389387315844e-05,0.08491395706720468,0.9881643961976851,186418.4936600197,8.890620868935649,2,random_forest,False,non_hydrocarbon_diversification,826__401110
2026,2026,United Kingdom,GBR,826,401110,"Rubber: new pneumatic tyres, of a kind used on motor cars (i",2096799.497,2341472.606730642,55.306,2.6376389387315844e-05,0.08491395706720468,0.9881643961976851,244673.10973064182,11.668884415544184,3,random_forest,False,non_hydrocarbon_diversification,826__401110
2024,2024,United Kingdom,GBR,826,710239,"Diamonds: non-industrial, (other than unworked or simply saw",804986.047,782835.5071206511,0.0,0.0,,0.9912436879605796,-22150.539879348944,-2.751667555220239,1,random_forest,False,non_hydrocarbon_diversification,826__710239
2025,2025,United Kingdom,GBR,826,710239,"Diamonds: non-industrial, (other than unworked or simply saw",804986.047,679600.4080834094,0.0,0.0,,0.9912436879605796,-125385.6389165906,-15.576125745765951,2,random_forest,False,non_hydrocarbon_diversification,826__710239
2026,2026,United Kingdom,GBR,826,710239,"Diamonds: non-industrial, (other than unworked or simply saw",804986.047,655984.2735094327,0.0,0.0,,0.9912436879605796,-149001.77349056734,-18.509857909446144,3,random_forest,False,non_hydrocarbon_diversification,826__710239
2024,2024,United Kingdom,GBR,826,710812,"Metals: gold, non-monetary, unwrought (but not powder)",10775070.493999999,15016742.213479854,0.0,0.0,,0.9995192845733587,4241671.719479855,39.36560528157836,1,random_forest,False,non_hydrocarbon_diversification,826__710812
2025,2025,United Kingdom,GBR,826,710812,"Metals: gold, non-monetary, unwrought (but not powder)",10775070.493999999,14975794.036333349,0.0,0.0,,0.9995192845733587,4200723.54233335,38.98557828157583,2,random_forest,False,non_hydrocarbon_diversification,826__710812
2026,2026,United Kingdom,GBR,826,710812,"Metals: gold, non-monetary, unwrought (but not powder)",10775070.493999999,15904720.285234543,0.0,0.0,,0.9995192845733587,5129649.791234544,47.60664715920831,3,random_forest,False,non_hydrocarbon_diversification,826__710812
2024,2024,United Kingdom,GBR,826,710813,"Metals: gold, semi-manufactured",43461200.611999996,38265224.88770891,0.0,0.0,0.008472153746123399,0.9960550813401023,-5195975.724291086,-11.955435310400594,1,random_forest,False,non_hydrocarbon_diversification,826__710813
2025,2025,United Kingdom,GBR,826,710813,"Metals: gold, semi-manufactured",43461200.611999996,39281838.12099689,0.0,0.0,0.008472153746123399,0.9960550813401023,-4179362.4910031036,-9.616307032827683,2,random_forest,False,non_hydrocarbon_diversification,826__710813
2026,2026,United Kingdom,GBR,826,710813,"Metals: gold, semi-manufactured",43461200.611999996,39248584.31023922,0.0,0.0,0.008472153746123399,0.9960550813401023,-4212616.301760778,-9.69282082050361,3,random_forest,False,non_hydrocarbon_diversification,826__710813
2024,2024,United Kingdom,GBR,826,711319,Jewellery: of precious metal (excluding silver) whether or n,2134843.238,2456603.5587496217,0.0,0.0,0.000664679229625341,0.9956701698697406,321760.32074962184,15.071847666485283,1,random_forest,False,non_hydrocarbon_diversification,826__711319
2025,2025,United Kingdom,GBR,826,711319,Jewellery: of precious metal (excluding silver) whether or n,2134843.238,2708394.3113989956,0.0,0.0,0.000664679229625341,0.9956701698697406,573551.0733989957,26.86619153996148,2,random_forest,False,non_hydrocarbon_diversification,826__711319
2026,2026,United Kingdom,GBR,826,711319,Jewellery: of precious metal (excluding silver) whether or n,2134843.238,2952018.9847676614,0.0,0.0,0.000664679229625341,0.9956701698697406,817175.7467676615,38.27802117841786,3,random_forest,False,non_hydrocarbon_diversification,826__711319
2024,2024,United Kingdom,GBR,826,732690,Iron or steel: articles n.e.c.in heading 7326,1370013.452,1303435.9637511666,0.0,0.0,0.0026880511270757357,0.9902814092846751,-66577.48824883346,-4.859622958565917,1,random_forest,False,non_hydrocarbon_diversification,826__732690
2025,2025,United Kingdom,GBR,826,732690,Iron or steel: articles n.e.c.in heading 7326,1370013.452,1290208.0569104012,0.0,0.0,0.0026880511270757357,0.9902814092846751,-79805.39508959884,-5.825154123347895,2,random_forest,False,non_hydrocarbon_diversification,826__732690
2026,2026,United Kingdom,GBR,826,732690,Iron or steel: articles n.e.c.in heading 7326,1370013.452,1288575.237940029,0.0,0.0,0.0026880511270757357,0.9902814092846751,-81438.21405997104,-5.944336819546137,3,random_forest,False,non_hydrocarbon_diversification,826__732690
2024,2024,United Kingdom,GBR,826,841112,Turbo-jets: of a thrust exceeding 25kN,3721242.984,4830616.848542709,0.0,0.0,0.035205620912727636,0.9941305239882933,1109373.8645427087,29.811916859839986,1,random_forest,False,non_hydrocarbon_diversification,826__841112
2025,2025,United Kingdom,GBR,826,841112,Turbo-jets: of a thrust exceeding 25kN,3721242.984,5701896.647801384,0.0,0.0,0.035205620912727636,0.9941305239882933,1980653.6638013842,53.225593499738636,2,random_forest,False,non_hydrocarbon_diversification,826__841112
2026,2026,United Kingdom,GBR,826,841112,Turbo-jets: of a thrust exceeding 25kN,3721242.984,6599917.0027896715,0.0,0.0,0.035205620912727636,0.9941305239882933,2878674.0187896714,77.3578621758087,3,random_forest,False,non_hydrocarbon_diversification,826__841112
2024,2024,United Kingdom,GBR,826,841191,Turbines: parts of turbo-jets and turbo-propellers,7970160.239,8929456.811598737,0.0,0.0,0.04576604889443531,0.9927833338420269,959296.5725987367,12.036101456337818,1,random_forest,False,non_hydrocarbon_diversification,826__841191
2025,2025,United Kingdom,GBR,826,841191,Turbines: parts of turbo-jets and turbo-propellers,7970160.239,9925675.31478832,0.0,0.0,0.04576604889443531,0.9927833338420269,1955515.075788319,24.535454961363158,2,random_forest,False,non_hydrocarbon_diversification,826__841191
2026,2026,United Kingdom,GBR,826,841191,Turbines: parts of turbo-jets and turbo-propellers,7970160.239,11049139.94312998,0.0,0.0,0.04576604889443531,0.9927833338420269,3078979.704129979,38.631340045884606,3,random_forest,False,non_hydrocarbon_diversification,826__841191
2024,2024,United Kingdom,GBR,826,844399,"Printing machinery: parts and accessories, n.e.c. in item no",1296236.993,1213173.2405122789,0.0,0.0,0.0015052307619635799,0.9860473831106951,-83063.75248772115,-6.408068349868576,1,random_forest,False,non_hydrocarbon_diversification,826__844399
2025,2025,United Kingdom,GBR,826,844399,"Printing machinery: parts and accessories, n.e.c. in item no",1296236.993,1101092.2323839809,0.0,0.0,0.0015052307619635799,0.9860473831106951,-195144.76061601914,-15.05471311726552,2,random_forest,False,non_hydrocarbon_diversification,826__844399
2026,2026,United Kingdom,GBR,826,844399,"Printing machinery: parts and accessories, n.e.c. in item no",1296236.993,990767.971752495,0.0,0.0,0.0015052307619635799,0.9860473831106951,-305469.021247505,-23.565831163368518,3,random_forest,False,non_hydrocarbon_diversification,826__844399
2024,2024,United Kingdom,GBR,826,847130,"Automatic data processing machines: portable, weighing not m",7032238.769,5585245.555238485,1.765,2.509869272045475e-07,4.579819987309988e-05,0.9974022714863687,-1446993.213761515,-20.576565462200318,1,random_forest,False,non_hydrocarbon_diversification,826__847130
2025,2025,United Kingdom,GBR,826,847130,"Automatic data processing machines: portable, weighing not m",7032238.769,4310982.188851408,1.765,2.509869272045475e-07,4.579819987309988e-05,0.9974022714863687,-2721256.5801485926,-38.69687406156662,2,random_forest,False,non_hydrocarbon_diversification,826__847130
2026,2026,United Kingdom,GBR,826,847130,"Automatic data processing machines: portable, weighing not m",7032238.769,3510211.711405439,1.765,2.509869272045475e-07,4.579819987309988e-05,0.9974022714863687,-3522027.0575945615,-50.08400842588855,3,random_forest,False,non_hydrocarbon_diversification,826__847130
2024,2024,United Kingdom,GBR,826,847150,Units of automatic data processing machines: processing unit,3157237.375,3151703.478061518,0.0,0.0,0.00030882524913522914,0.9943229797234742,-5533.896938481834,-0.17527655608985795,1,random_forest,False,non_hydrocarbon_diversification,826__847150
2025,2025,United Kingdom,GBR,826,847150,Units of automatic data processing machines: processing unit,3157237.375,2790093.549232529,0.0,0.0,0.00030882524913522914,0.9943229797234742,-367143.825767471,-11.628641820682581,2,random_forest,False,non_hydrocarbon_diversification,826__847150
2026,2026,United Kingdom,GBR,826,847150,Units of automatic data processing machines: processing unit,3157237.375,2490276.4520540712,0.0,0.0,0.00030882524913522914,0.9943229797234742,-666960.9229459288,-21.124826667362278,3,random_forest,False,non_hydrocarbon_diversification,826__847150
2024,2024,United Kingdom,GBR,826,847170,Units of automatic data processing machines: storage units,1377768.521,1080069.8769843278,0.0,0.0,0.0002894165660946154,0.9895115863439514,-297698.64401567215,-21.607304817764245,1,random_forest,False,non_hydrocarbon_diversification,826__847170
2025,2025,United Kingdom,GBR,826,847170,Units of automatic data processing machines: storage units,1377768.521,859681.6550010627,0.0,0.0,0.0002894165660946154,0.9895115863439514,-518086.8659989373,-37.60333162662941,2,random_forest,False,non_hydrocarbon_diversification,826__847170
2026,2026,United Kingdom,GBR,826,847170,Units of automatic data processing machines: storage units,1377768.521,773478.5424921048,0.0,0.0,0.0002894165660946154,0.9895115863439514,-604289.9785078951,-43.86005118401853,3,random_forest,False,non_hydrocarbon_diversification,826__847170
2024,2024,United Kingdom,GBR,826,848180,"Taps, cocks, valves and similar appliances: for pipes, boile",2131684.819,2181478.8102240204,0.0,0.0,0.006752332649583884,0.9906663207550369,49793.991224020254,2.3358983832975473,1,random_forest,False,non_hydrocarbon_diversification,826__848180
2025,2025,United Kingdom,GBR,826,848180,"Taps, cocks, valves and similar appliances: for pipes, boile",2131684.819,2215206.0542354276,0.0,0.0,0.006752332649583884,0.9906663207550369,83521.2352354275,3.918085567387413,2,random_forest,False,non_hydrocarbon_diversification,826__848180
2026,2026,United Kingdom,GBR,826,848180,"Taps, cocks, valves and similar appliances: for pipes, boile",2131684.819,2196512.2727028225,0.0,0.0,0.006752332649583884,0.9906663207550369,64827.45370282233,3.0411369037770646,3,random_forest,False,non_hydrocarbon_diversification,826__848180
2024,2024,United Kingdom,GBR,826,850440,Electrical static converters,2531497.717,2816489.3000933416,0.0,0.0,0.0010363946534344636,0.9952852583993788,284991.58309334144,11.257825009262746,1,random_forest,False,non_hydrocarbon_diversification,826__850440
2025,2025,United Kingdom,GBR,826,850440,Electrical static converters,2531497.717,3114779.8122069766,0.0,0.0,0.0010363946534344636,0.9952852583993788,583282.0952069764,23.04098839552603,2,random_forest,False,non_hydrocarbon_diversification,826__850440
2026,2026,United Kingdom,GBR,826,850440,Electrical static converters,2531497.717,3064636.0957836607,0.0,0.0,0.0010363946534344636,0.9952852583993788,533138.3787836605,21.060195914988473,3,random_forest,False,non_hydrocarbon_diversification,826__850440
2024,2024,United Kingdom,GBR,826,851712,Telephones for cellular networks or for other wireless netwo,11305056.035,12682074.716502674,0.0,0.0,0.0006325295349067288,0.9993268288381778,1377018.6815026738,12.180556002902412,1,random_forest,False,non_hydrocarbon_diversification,826__851712
2025,2025,United Kingdom,GBR,826,851712,Telephones for cellular networks or for other wireless netwo,11305056.035,13961552.124457274,0.0,0.0,0.0006325295349067288,0.9993268288381778,2656496.0894572735,23.498300948114437,2,random_forest,False,non_hydrocarbon_diversification,826__851712
2026,2026,United Kingdom,GBR,826,851712,Telephones for cellular networks or for other wireless netwo,11305056.035,14733716.707551729,0.0,0.0,0.0006325295349067288,0.9993268288381778,3428660.672551729,30.328559734128984,3,random_forest,False,non_hydrocarbon_diversification,826__851712
2024,2024,United Kingdom,GBR,826,851762,Communication apparatus (excluding telephone sets or base st,8965535.603,9181158.630992677,0.0,0.0,0.0011653840293270972,0.9975947272215496,215623.02799267694,2.4050211559087034,1,random_forest,False,non_hydrocarbon_diversification,826__851762
2025,2025,United Kingdom,GBR,826,851762,Communication apparatus (excluding telephone sets or base st,8965535.603,9194636.558219424,0.0,0.0,0.0011653840293270972,0.9975947272215496,229100.9552194234,2.555351574787822,2,random_forest,False,non_hydrocarbon_diversification,826__851762
2026,2026,United Kingdom,GBR,826,851762,Communication apparatus (excluding telephone sets or base st,8965535.603,9258977.92359365,0.0,0.0,0.0011653840293270972,0.9975947272215496,293442.3205936495,3.273003795729275,3,random_forest,False,non_hydrocarbon_diversification,826__851762
2024,2024,United Kingdom,GBR,826,852872,"Reception apparatus for television, whether or not incorpora",1721278.091,1396235.0901431423,0.0,0.0,0.00451394308869337,0.986432294581057,-325043.00085685775,-18.88381677292015,1,random_forest,False,non_hydrocarbon_diversification,826__852872
2025,2025,United Kingdom,GBR,826,852872,"Reception apparatus for television, whether or not incorpora",1721278.091,1261497.439591218,0.0,0.0,0.00451394308869337,0.986432294581057,-459780.651408782,-26.711584479743543,2,random_forest,False,non_hydrocarbon_diversification,826__852872
2026,2026,United Kingdom,GBR,826,852872,"Reception apparatus for television, whether or not incorpora",1721278.091,1002169.8782565196,0.0,0.0,0.00451394308869337,0.986432294581057,-719108.2127434805,-41.777573101259,3,random_forest,False,non_hydrocarbon_diversification,826__852872
2024,2024,United Kingdom,GBR,826,853710,"Boards, panels, consoles, desks and other bases: for electri",2712735.739,3115820.155477971,0.0,0.0,0.0034796814384586484,0.9935531567827506,403084.4164779708,14.858963616801113,1,random_forest,False,non_hydrocarbon_diversification,826__853710
2025,2025,United Kingdom,GBR,826,853710,"Boards, panels, consoles, desks and other bases: for electri",2712735.739,3231332.795816725,0.0,0.0,0.0034796814384586484,0.9935531567827506,518597.05681672506,19.11712406634552,2,random_forest,False,non_hydrocarbon_diversification,826__853710
2026,2026,United Kingdom,GBR,826,853710,"Boards, panels, consoles, desks and other bases: for electri",2712735.739,3684855.296133476,0.0,0.0,0.0034796814384586484,0.9935531567827506,972119.5571334758,35.83539462239804,3,random_forest,False,non_hydrocarbon_diversification,826__853710
2024,2024,United Kingdom,GBR,826,870322,Vehicles: spark-ignition internal combustion reciprocating p,10193380.046,11006245.096284904,0.0,0.0,6.24687399865046e-05,0.996632448545645,812865.0502849035,7.974440731304639,1,random_forest,False,non_hydrocarbon_diversification,826__870322
2025,2025,United Kingdom,GBR,826,870322,Vehicles: spark-ignition internal combustion reciprocating p,10193380.046,14731526.691752432,0.0,0.0,6.24687399865046e-05,0.996632448545645,4538146.645752432,44.52052827691098,2,random_forest,False,non_hydrocarbon_diversification,826__870322
2026,2026,United Kingdom,GBR,826,870322,Vehicles: spark-ignition internal combustion reciprocating p,10193380.046,18272264.83191009,0.0,0.0,6.24687399865046e-05,0.996632448545645,8078884.785910089,79.25619126778597,3,random_forest,False,non_hydrocarbon_diversification,826__870322
2024,2024,United Kingdom,GBR,826,870323,Vehicles: spark-ignition internal combustion reciprocating p,6925250.485,7703233.400962575,0.0,0.0,0.0001679715272888296,0.9983645501622732,777982.915962575,11.234003992312994,1,random_forest,False,non_hydrocarbon_diversification,826__870323
2025,2025,United Kingdom,GBR,826,870323,Vehicles: spark-ignition internal combustion reciprocating p,6925250.485,7956674.980505997,0.0,0.0,0.0001679715272888296,0.9983645501622732,1031424.495505997,14.893677820608056,2,random_forest,False,non_hydrocarbon_diversification,826__870323
2026,2026,United Kingdom,GBR,826,870323,Vehicles: spark-ignition internal combustion reciprocating p,6925250.485,8659667.795442369,0.0,0.0,0.0001679715272888296,0.9983645501622732,1734417.3104423685,25.04483143532632,3,random_forest,False,non_hydrocarbon_diversification,826__870323
2024,2024,United Kingdom,GBR,826,870332,Vehicles: compression-ignition internal combustion piston en,3255710.319,3624167.613780111,0.0,0.0,0.0006749819510078269,0.9916285994309415,368457.29478011094,11.317262860575493,1,random_forest,False,non_hydrocarbon_diversification,826__870332
2025,2025,United Kingdom,GBR,826,870332,Vehicles: compression-ignition internal combustion piston en,3255710.319,4024206.12345522,0.0,0.0,0.0006749819510078269,0.9916285994309415,768495.8044552198,23.604551055121675,2,random_forest,False,non_hydrocarbon_diversification,826__870332
2026,2026,United Kingdom,GBR,826,870332,Vehicles: compression-ignition internal combustion piston en,3255710.319,4303585.377555816,0.0,0.0,0.0006749819510078269,0.9916285994309415,1047875.0585558163,32.1857584331297,3,random_forest,False,non_hydrocarbon_diversification,826__870332
2024,2024,United Kingdom,GBR,826,870390,Vehicles: for transport of persons (other than those of head,26376876.662,32120325.77760903,0.0,0.0,,0.9987494616326351,5743449.115609031,21.77456106424975,1,random_forest,False,non_hydrocarbon_diversification,826__870390
2025,2025,United Kingdom,GBR,826,870390,Vehicles: for transport of persons (other than those of head,26376876.662,40585859.43089985,0.0,0.0,,0.9987494616326351,14208982.76889985,53.86908750030326,2,random_forest,False,non_hydrocarbon_diversification,826__870390
2026,2026,United Kingdom,GBR,826,870390,Vehicles: for transport of persons (other than those of head,26376876.662,48103315.5789002,0.0,0.0,,0.9987494616326351,21726438.916900203,82.36926303029851,3,random_forest,False,non_hydrocarbon_diversification,826__870390
2024,2024,United Kingdom,GBR,826,870421,Vehicles: compression-ignition internal combustion piston en,7734321.613,9437462.0356415,0.0,0.0,5.4398730230638e-05,0.9933607010475697,1703140.4226415008,22.020553422278546,1,random_forest,False,non_hydrocarbon_diversification,826__870421
2025,2025,United Kingdom,GBR,826,870421,Vehicles: compression-ignition internal combustion piston en,7734321.613,11480720.93146182,0.0,0.0,5.4398730230638e-05,0.9933607010475697,3746399.3184618205,48.43862856911457,2,random_forest,False,non_hydrocarbon_diversification,826__870421
2026,2026,United Kingdom,GBR,826,870421,Vehicles: compression-ignition internal combustion piston en,7734321.613,16092591.64300314,0.0,0.0,5.4398730230638e-05,0.9933607010475697,8358270.03000314,108.06726754101348,3,random_forest,False,non_hydrocarbon_diversification,826__870421
2024,2024,United Kingdom,GBR,826,870829,"Vehicles: parts and accessories, of bodies, other than safet",2374043.649,2400129.9051604453,0.0,0.0,0.002668926277810602,0.9939380682531124,26086.256160445046,1.0988111432337462,1,random_forest,False,non_hydrocarbon_diversification,826__870829
2025,2025,United Kingdom,GBR,826,870829,"Vehicles: parts and accessories, of bodies, other than safet",2374043.649,2479770.317816526,0.0,0.0,0.002668926277810602,0.9939380682531124,105726.66881652595,4.453442499301155,2,random_forest,False,non_hydrocarbon_diversification,826__870829
2026,2026,United Kingdom,GBR,826,870829,"Vehicles: parts and accessories, of bodies, other than safet",2374043.649,2550708.4991849633,0.0,0.0,0.002668926277810602,0.9939380682531124,176664.85018496308,7.441516513791911,3,random_forest,False,non_hydrocarbon_diversification,826__870829
2024,2024,United Kingdom,GBR,826,870840,Vehicle parts: gear boxes and parts thereof,1728092.976,1881994.3199068166,0.0,0.0,9.192471266073504e-06,0.9922059666364842,153901.34390681656,8.905848588254232,1,random_forest,False,non_hydrocarbon_diversification,826__870840
2025,2025,United Kingdom,GBR,826,870840,Vehicle parts: gear boxes and parts thereof,1728092.976,1954386.7747589392,0.0,0.0,9.192471266073504e-06,0.9922059666364842,226293.79875893914,13.095001362874537,2,random_forest,False,non_hydrocarbon_diversification,826__870840
2026,2026,United Kingdom,GBR,826,870840,Vehicle parts: gear boxes and parts thereof,1728092.976,2002138.2438442637,0.0,0.0,9.192471266073504e-06,0.9922059666364842,274045.2678442637,15.858247886557217,3,random_forest,False,non_hydrocarbon_diversification,826__870840
2024,2024,United Kingdom,GBR,826,870899,Vehicle parts and accessories: n.e.c. in heading no. 8708,2553936.387,2817174.3028219165,0.0,0.0,0.00021185249227684155,0.9954777141345597,263237.9158219164,10.307144577360862,1,random_forest,False,non_hydrocarbon_diversification,826__870899
2025,2025,United Kingdom,GBR,826,870899,Vehicle parts and accessories: n.e.c. in heading no. 8708,2553936.387,3025074.261452301,0.0,0.0,0.00021185249227684155,0.9954777141345597,471137.87445230084,18.447517990286606,2,random_forest,False,non_hydrocarbon_diversification,826__870899
2026,2026,United Kingdom,GBR,826,870899,Vehicle parts and accessories: n.e.c. in heading no. 8708,2553936.387,2961102.0063588847,0.0,0.0,0.00021185249227684155,0.9954777141345597,407165.61935888464,15.942668792826304,3,random_forest,False,non_hydrocarbon_diversification,826__870899
2024,2024,United Kingdom,GBR,826,880240,Aeroplanes and other aircraft: of an unladen weight exceedin,8965852.458999999,10656896.384137403,0.0,0.0,,0.9962475370752832,1691043.9251374044,18.860938576341617,1,random_forest,False,non_hydrocarbon_diversification,826__880240
2025,2025,United Kingdom,GBR,826,880240,Aeroplanes and other aircraft: of an unladen weight exceedin,8965852.458999999,12747291.236969084,0.0,0.0,,0.9962475370752832,3781438.7779690847,42.17600942310003,2,random_forest,False,non_hydrocarbon_diversification,826__880240
2026,2026,United Kingdom,GBR,826,880240,Aeroplanes and other aircraft: of an unladen weight exceedin,8965852.458999999,15879870.463534417,0.0,0.0,,0.9962475370752832,6914018.004534418,77.11500982367903,3,random_forest,False,non_hydrocarbon_diversification,826__880240
2024,2024,United Kingdom,GBR,826,880330,Aircraft and spacecraft: parts of aeroplanes or helicopters ,4193402.225,6264583.026531511,613.353,0.00014626619796768956,0.009571838193574406,0.992590878106846,2071180.801531511,49.39141752688679,1,random_forest,False,non_hydrocarbon_diversification,826__880330
2025,2025,United Kingdom,GBR,826,880330,Aircraft and spacecraft: parts of aeroplanes or helicopters ,4193402.225,7094597.234761867,613.353,0.00014626619796768956,0.009571838193574406,0.992590878106846,2901195.0097618666,69.18475390854896,2,random_forest,False,non_hydrocarbon_diversification,826__880330
2026,2026,United Kingdom,GBR,826,880330,Aircraft and spacecraft: parts of aeroplanes or helicopters ,4193402.225,7610623.946908088,613.353,0.00014626619796768956,0.009571838193574406,0.992590878106846,3417221.7219080883,81.49043517780096,3,random_forest,False,non_hydrocarbon_diversification,826__880330
2024,2024,United Kingdom,GBR,826,901890,"Medical, surgical or dental instruments and appliances: n.e.",2100869.662,2272904.442822736,5.769,2.746005668199325e-06,0.0022967341751617453,0.9923984223716651,172034.7808227362,8.18874125960586,1,random_forest,False,non_hydrocarbon_diversification,826__901890
2025,2025,United Kingdom,GBR,826,901890,"Medical, surgical or dental instruments and appliances: n.e.",2100869.662,2323376.672902265,5.769,2.746005668199325e-06,0.0022967341751617453,0.9923984223716651,222507.0109022651,10.59118587539797,2,random_forest,False,non_hydrocarbon_diversification,826__901890
2026,2026,United Kingdom,GBR,826,901890,"Medical, surgical or dental instruments and appliances: n.e.",2100869.662,2426244.7699391786,5.769,2.746005668199325e-06,0.0022967341751617453,0.9923984223716651,325375.1079391786,15.487638944218263,3,random_forest,False,non_hydrocarbon_diversification,826__901890
2024,2024,United Kingdom,GBR,826,950300,"Tricycles, scooters, pedal cars and similar wheeled toys: do",2599777.715,2036950.4175120997,0.0,0.0,0.0003212903647492182,0.9900889535494942,-562827.2974879001,-21.649054618806137,1,random_forest,False,non_hydrocarbon_diversification,826__950300
2025,2025,United Kingdom,GBR,826,950300,"Tricycles, scooters, pedal cars and similar wheeled toys: do",2599777.715,1600824.8746668403,0.0,0.0,0.0003212903647492182,0.9900889535494942,-998952.8403331595,-38.42454816692509,2,random_forest,False,non_hydrocarbon_diversification,826__950300
2026,2026,United Kingdom,GBR,826,950300,"Tricycles, scooters, pedal cars and similar wheeled toys: do",2599777.715,1508772.0655305071,0.0,0.0,0.0003212903647492182,0.9900889535494942,-1091005.6494694927,-41.96534354359187,3,random_forest,False,non_hydrocarbon_diversification,826__950300
2024,2024,USA,USA,842,210690,Food preparations: n.e.c. in item no. 2106.10,6986753.073,7382733.389451496,5.87,8.401613651818263e-07,0.005065075257191559,0.990473865019856,395980.31645149644,5.6675871082627065,1,random_forest,False,non_hydrocarbon_diversification,842__210690
2025,2025,USA,USA,842,210690,Food preparations: n.e.c. in item no. 2106.10,6986753.073,7437456.997665909,5.87,8.401613651818263e-07,0.005065075257191559,0.990473865019856,450703.92466590926,6.450835172744758,2,random_forest,False,non_hydrocarbon_diversification,842__210690
2026,2026,USA,USA,842,210690,Food preparations: n.e.c. in item no. 2106.10,6986753.073,7415145.178372856,5.87,8.401613651818263e-07,0.005065075257191559,0.990473865019856,428392.1053728564,6.131490563597543,3,random_forest,False,non_hydrocarbon_diversification,842__210690
2024,2024,USA,USA,842,300210,"Blood, human or animal, antisera, other blood fractions and ",73414195.641,73205351.11521333,0.0,0.0,6.864140758500904e-07,0.9981720944270923,-208844.52578666806,-0.2844743090395362,1,random_forest,False,non_hydrocarbon_diversification,842__300210
2025,2025,USA,USA,842,300210,"Blood, human or animal, antisera, other blood fractions and ",73414195.641,75281553.18551652,0.0,0.0,6.864140758500904e-07,0.9981720944270923,1867357.5445165187,2.543591914631897,2,random_forest,False,non_hydrocarbon_diversification,842__300210
2026,2026,USA,USA,842,300210,"Blood, human or animal, antisera, other blood fractions and ",73414195.641,76441138.71541381,0.0,0.0,6.864140758500904e-07,0.9981720944270923,3026943.074413806,4.123103233624933,3,random_forest,False,non_hydrocarbon_diversification,842__300210
2024,2024,USA,USA,842,300490,Medicaments: consisting of mixed or unmixed products n.e.c. ,64312386.365,64182360.37967518,0.0,0.0,0.0038597822723884733,0.9991343731029969,-130025.98532482237,-0.20217876007099142,1,random_forest,False,non_hydrocarbon_diversification,842__300490
2025,2025,USA,USA,842,300490,Medicaments: consisting of mixed or unmixed products n.e.c. ,64312386.365,64215263.97915214,0.0,0.0,0.0038597822723884733,0.9991343731029969,-97122.38584785908,-0.15101661023220078,2,random_forest,False,non_hydrocarbon_diversification,842__300490
2026,2026,USA,USA,842,300490,Medicaments: consisting of mixed or unmixed products n.e.c. ,64312386.365,64268170.08065328,0.0,0.0,0.0038597822723884733,0.9991343731029969,-44216.28434672207,-0.06875236147478021,3,random_forest,False,non_hydrocarbon_diversification,842__300490
2024,2024,USA,USA,842,392690,Plastics: other articles n.e.c. in chapter 39,10953427.670000002,10801340.65806679,0.0,0.0,0.005497190715296392,0.9931682453123887,-152087.01193321124,-1.3884878461356673,1,random_forest,False,non_hydrocarbon_diversification,842__392690
2025,2025,USA,USA,842,392690,Plastics: other articles n.e.c. in chapter 39,10953427.670000002,10529063.306793787,0.0,0.0,0.005497190715296392,0.9931682453123887,-424364.3632062152,-3.874260879710681,2,random_forest,False,non_hydrocarbon_diversification,842__392690
2026,2026,USA,USA,842,392690,Plastics: other articles n.e.c. in chapter 39,10953427.670000002,9708753.600155117,0.0,0.0,0.005497190715296392,0.9931682453123887,-1244674.0698448848,-11.363329428411559,3,random_forest,False,non_hydrocarbon_diversification,842__392690
2024,2024,USA,USA,842,401110,"Rubber: new pneumatic tyres, of a kind used on motor cars (i",10594324.367,10915492.793334825,4231.515,0.00039941338903881797,0.08491395706720468,0.9881643961976851,321168.4263348244,3.031513999469603,1,random_forest,False,non_hydrocarbon_diversification,842__401110
2025,2025,USA,USA,842,401110,"Rubber: new pneumatic tyres, of a kind used on motor cars (i",10594324.367,11738084.442468915,4231.515,0.00039941338903881797,0.08491395706720468,0.9881643961976851,1143760.0754689146,10.795969953795115,2,random_forest,False,non_hydrocarbon_diversification,842__401110
2026,2026,USA,USA,842,401110,"Rubber: new pneumatic tyres, of a kind used on motor cars (i",10594324.367,13453619.130518949,4231.515,0.00039941338903881797,0.08491395706720468,0.9881643961976851,2859294.763518948,26.988929774750854,3,random_forest,False,non_hydrocarbon_diversification,842__401110
2024,2024,USA,USA,842,710239,"Diamonds: non-industrial, (other than unworked or simply saw",17515753.293,14226701.459133564,0.0,0.0,,0.9912436879605796,-3289051.833866438,-18.77767846376824,1,random_forest,False,non_hydrocarbon_diversification,842__710239
2025,2025,USA,USA,842,710239,"Diamonds: non-industrial, (other than unworked or simply saw",17515753.293,9902470.462827628,0.0,0.0,,0.9912436879605796,-7613282.830172373,-43.46534632464221,2,random_forest,False,non_hydrocarbon_diversification,842__710239
2026,2026,USA,USA,842,710239,"Diamonds: non-industrial, (other than unworked or simply saw",17515753.293,7142454.74213673,0.0,0.0,,0.9912436879605796,-10373298.550863272,-59.22268016305561,3,random_forest,False,non_hydrocarbon_diversification,842__710239
2024,2024,USA,USA,842,710812,"Metals: gold, non-monetary, unwrought (but not powder)",16297009.566,18032097.53378307,0.0,0.0,,0.9995192845733587,1735087.967783071,10.646664719415377,1,random_forest,False,non_hydrocarbon_diversification,842__710812
2025,2025,USA,USA,842,710812,"Metals: gold, non-monetary, unwrought (but not powder)",16297009.566,21081511.82242079,0.0,0.0,,0.9995192845733587,4784502.256420791,29.35816069226937,2,random_forest,False,non_hydrocarbon_diversification,842__710812
2026,2026,USA,USA,842,710812,"Metals: gold, non-monetary, unwrought (but not powder)",16297009.566,23011800.13803724,0.0,0.0,,0.9995192845733587,6714790.572037239,41.20259330304451,3,random_forest,False,non_hydrocarbon_diversification,842__710812
2024,2024,USA,USA,842,711319,Jewellery: of precious metal (excluding silver) whether or n,11808133.735,13939825.261433804,0.0,0.0,0.000664679229625341,0.9956701698697406,2131691.526433805,18.052738682280896,1,random_forest,False,non_hydrocarbon_diversification,842__711319
2025,2025,USA,USA,842,711319,Jewellery: of precious metal (excluding silver) whether or n,11808133.735,16037545.535147164,0.0,0.0,0.000664679229625341,0.9956701698697406,4229411.800147165,35.81778369947607,2,random_forest,False,non_hydrocarbon_diversification,842__711319
2026,2026,USA,USA,842,711319,Jewellery: of precious metal (excluding silver) whether or n,11808133.735,19236852.497467697,0.0,0.0,0.000664679229625341,0.9956701698697406,7428718.762467697,62.911878618452135,3,random_forest,False,non_hydrocarbon_diversification,842__711319
2024,2024,USA,USA,842,732690,Iron or steel: articles n.e.c.in heading 7326,6473810.672,6736533.747774338,0.0,0.0,0.0026880511270757357,0.9902814092846751,262723.0757743381,4.058244658136924,1,random_forest,False,non_hydrocarbon_diversification,842__732690
2025,2025,USA,USA,842,732690,Iron or steel: articles n.e.c.in heading 7326,6473810.672,6815456.996183616,0.0,0.0,0.0026880511270757357,0.9902814092846751,341646.32418361586,5.277360452650813,2,random_forest,False,non_hydrocarbon_diversification,842__732690
2026,2026,USA,USA,842,732690,Iron or steel: articles n.e.c.in heading 7326,6473810.672,6826783.020263642,0.0,0.0,0.0026880511270757357,0.9902814092846751,352972.3482636418,5.452311878539932,3,random_forest,False,non_hydrocarbon_diversification,842__732690
2024,2024,USA,USA,842,740311,"Copper: refined, unwrought, cathodes and sections of cathode",6703382.944999999,6638743.424840538,0.0,0.0,,0.9937456125179315,-64639.520159461536,-0.9642820750331093,1,random_forest,False,non_hydrocarbon_diversification,842__740311
2025,2025,USA,USA,842,740311,"Copper: refined, unwrought, cathodes and sections of cathode",6703382.944999999,6346306.766713244,0.0,0.0,,0.9937456125179315,-357076.17828675546,-5.326805602730719,2,random_forest,False,non_hydrocarbon_diversification,842__740311
2026,2026,USA,USA,842,740311,"Copper: refined, unwrought, cathodes and sections of cathode",6703382.944999999,6319371.916943661,0.0,0.0,,0.9937456125179315,-384011.02805633843,-5.728615405192825,3,random_forest,False,non_hydrocarbon_diversification,842__740311
2024,2024,USA,USA,842,841112,Turbo-jets: of a thrust exceeding 25kN,9082489.077,10194323.14153742,0.0,0.0,0.035205620912727636,0.9941305239882933,1111834.0645374209,12.241512817813003,1,random_forest,False,non_hydrocarbon_diversification,842__841112
2025,2025,USA,USA,842,841112,Turbo-jets: of a thrust exceeding 25kN,9082489.077,11377983.374771737,0.0,0.0,0.035205620912727636,0.9941305239882933,2295494.297771737,25.27384595027724,2,random_forest,False,non_hydrocarbon_diversification,842__841112
2026,2026,USA,USA,842,841112,Turbo-jets: of a thrust exceeding 25kN,9082489.077,14150283.851985874,0.0,0.0,0.035205620912727636,0.9941305239882933,5067794.774985874,55.79742218264023,3,random_forest,False,non_hydrocarbon_diversification,842__841112
2024,2024,USA,USA,842,841191,Turbines: parts of turbo-jets and turbo-propellers,16057493.742999999,19875812.23316451,0.0,0.0,0.04576604889443531,0.9927833338420269,3818318.490164513,23.77904392352042,1,random_forest,False,non_hydrocarbon_diversification,842__841191
2025,2025,USA,USA,842,841191,Turbines: parts of turbo-jets and turbo-propellers,16057493.742999999,23203550.2149343,0.0,0.0,0.04576604889443531,0.9927833338420269,7146056.471934302,44.502937919870014,2,random_forest,False,non_hydrocarbon_diversification,842__841191
2026,2026,USA,USA,842,841191,Turbines: parts of turbo-jets and turbo-propellers,16057493.742999999,28475910.16105336,0.0,0.0,0.04576604889443531,0.9927833338420269,12418416.41805336,77.33720228579858,3,random_forest,False,non_hydrocarbon_diversification,842__841191
2024,2024,USA,USA,842,844399,"Printing machinery: parts and accessories, n.e.c. in item no",6707069.5709999995,7363723.767074914,0.0,0.0,0.0015052307619635799,0.9860473831106951,656654.1960749142,9.790478376937568,1,random_forest,False,non_hydrocarbon_diversification,842__844399
2025,2025,USA,USA,842,844399,"Printing machinery: parts and accessories, n.e.c. in item no",6707069.5709999995,7571897.95086054,0.0,0.0,0.0015052307619635799,0.9860473831106951,864828.3798605409,12.894280739234945,2,random_forest,False,non_hydrocarbon_diversification,842__844399
2026,2026,USA,USA,842,844399,"Printing machinery: parts and accessories, n.e.c. in item no",6707069.5709999995,7348458.623895243,0.0,0.0,0.0015052307619635799,0.9860473831106951,641389.0528952433,9.56288057109887,3,random_forest,False,non_hydrocarbon_diversification,842__844399
2024,2024,USA,USA,842,847130,"Automatic data processing machines: portable, weighing not m",45561777.25000001,41787901.84477518,0.0,0.0,4.579819987309988e-05,0.9974022714863687,-3773875.40522483,-8.282985504532375,1,random_forest,False,non_hydrocarbon_diversification,842__847130
2025,2025,USA,USA,842,847130,"Automatic data processing machines: portable, weighing not m",45561777.25000001,39509243.56818076,0.0,0.0,4.579819987309988e-05,0.9974022714863687,-6052533.681819245,-13.284235267225544,2,random_forest,False,non_hydrocarbon_diversification,842__847130
2026,2026,USA,USA,842,847130,"Automatic data processing machines: portable, weighing not m",45561777.25000001,36532282.541196935,0.0,0.0,4.579819987309988e-05,0.9974022714863687,-9029494.708803073,-19.818135406039435,3,random_forest,False,non_hydrocarbon_diversification,842__847130
2024,2024,USA,USA,842,847150,Units of automatic data processing machines: processing unit,36561527.624,34933122.56800889,0.0,0.0,0.00030882524913522914,0.9943229797234742,-1628405.0559911057,-4.45387586847486,1,random_forest,False,non_hydrocarbon_diversification,842__847150
2025,2025,USA,USA,842,847150,Units of automatic data processing machines: processing unit,36561527.624,34104036.9421579,0.0,0.0,0.00030882524913522914,0.9943229797234742,-2457490.681842096,-6.721520793975061,2,random_forest,False,non_hydrocarbon_diversification,842__847150
2026,2026,USA,USA,842,847150,Units of automatic data processing machines: processing unit,36561527.624,32905994.590785593,0.0,0.0,0.00030882524913522914,0.9943229797234742,-3655533.033214405,-9.99830496911407,3,random_forest,False,non_hydrocarbon_diversification,842__847150
2024,2024,USA,USA,842,847170,Units of automatic data processing machines: storage units,7415012.148,6138027.926816001,0.0,0.0,0.0002894165660946154,0.9895115863439514,-1276984.2211839994,-17.22160659613257,1,random_forest,False,non_hydrocarbon_diversification,842__847170
2025,2025,USA,USA,842,847170,Units of automatic data processing machines: storage units,7415012.148,4558559.608402273,0.0,0.0,0.0002894165660946154,0.9895115863439514,-2856452.5395977274,-38.522560483844636,2,random_forest,False,non_hydrocarbon_diversification,842__847170
2026,2026,USA,USA,842,847170,Units of automatic data processing machines: storage units,7415012.148,3440087.520675728,0.0,0.0,0.0002894165660946154,0.9895115863439514,-3974924.627324272,-53.60644794623028,3,random_forest,False,non_hydrocarbon_diversification,842__847170
2024,2024,USA,USA,842,847330,Machinery: parts and accessories of the machines of heading ,30730075.277,30625152.18298853,0.0,0.0,0.0011502606559259617,0.9958626256049214,-104923.09401147068,-0.3414345492671169,1,random_forest,False,non_hydrocarbon_diversification,842__847330
2025,2025,USA,USA,842,847330,Machinery: parts and accessories of the machines of heading ,30730075.277,30098431.3047559,0.0,0.0,0.0011502606559259617,0.9958626256049214,-631643.9722440988,-2.0554585908120253,2,random_forest,False,non_hydrocarbon_diversification,842__847330
2026,2026,USA,USA,842,847330,Machinery: parts and accessories of the machines of heading ,30730075.277,29331022.214571282,0.0,0.0,0.0011502606559259617,0.9958626256049214,-1399053.0624287166,-4.552716027597373,3,random_forest,False,non_hydrocarbon_diversification,842__847330
2024,2024,USA,USA,842,848180,"Taps, cocks, valves and similar appliances: for pipes, boile",9545299.296,9538966.091012139,0.0,0.0,0.006752332649583884,0.9906663207550369,-6333.204987861216,-0.06634894089193384,1,random_forest,False,non_hydrocarbon_diversification,842__848180
2025,2025,USA,USA,842,848180,"Taps, cocks, valves and similar appliances: for pipes, boile",9545299.296,9685345.035287863,0.0,0.0,0.006752332649583884,0.9906663207550369,140045.73928786255,1.4671697025419552,2,random_forest,False,non_hydrocarbon_diversification,842__848180
2026,2026,USA,USA,842,848180,"Taps, cocks, valves and similar appliances: for pipes, boile",9545299.296,9762344.895331217,0.0,0.0,0.006752332649583884,0.9906663207550369,217045.5993312169,2.2738480229967313,3,random_forest,False,non_hydrocarbon_diversification,842__848180
2024,2024,USA,USA,842,848620,Machines and apparatus of a kind used solely or principally ,5847437.654,5169791.265350324,0.0,0.0,,0.9920135109013033,-677646.388649676,-11.58877492581943,1,random_forest,False,non_hydrocarbon_diversification,842__848620
2025,2025,USA,USA,842,848620,Machines and apparatus of a kind used solely or principally ,5847437.654,4742007.82687411,0.0,0.0,,0.9920135109013033,-1105429.8271258902,-18.90451668808661,2,random_forest,False,non_hydrocarbon_diversification,842__848620
2026,2026,USA,USA,842,848620,Machines and apparatus of a kind used solely or principally ,5847437.654,4211045.907907306,0.0,0.0,,0.9920135109013033,-1636391.7460926939,-27.98476602778831,3,random_forest,False,non_hydrocarbon_diversification,842__848620
2024,2024,USA,USA,842,850440,Electrical static converters,18058202.604,21486565.861544136,0.0,0.0,0.0010363946534344636,0.9952852583993788,3428363.2575441375,18.985074720474866,1,random_forest,False,non_hydrocarbon_diversification,842__850440
2025,2025,USA,USA,842,850440,Electrical static converters,18058202.604,22990975.016066894,0.0,0.0,0.0010363946534344636,0.9952852583993788,4932772.4120668955,27.315965604319096,2,random_forest,False,non_hydrocarbon_diversification,842__850440
2026,2026,USA,USA,842,850440,Electrical static converters,18058202.604,27201511.982965056,0.0,0.0,0.0010363946534344636,0.9952852583993788,9143309.378965057,50.632444321672196,3,random_forest,False,non_hydrocarbon_diversification,842__850440
2024,2024,USA,USA,842,851712,Telephones for cellular networks or for other wireless netwo,62679106.510000005,69628014.86674686,0.0,0.0,0.0006325295349067288,0.9993268288381778,6948908.356746852,11.086482790941195,1,random_forest,False,non_hydrocarbon_diversification,842__851712
2025,2025,USA,USA,842,851712,Telephones for cellular networks or for other wireless netwo,62679106.510000005,69700638.8315358,0.0,0.0,0.0006325295349067288,0.9993268288381778,7021532.321535796,11.202349096050947,2,random_forest,False,non_hydrocarbon_diversification,842__851712
2026,2026,USA,USA,842,851712,Telephones for cellular networks or for other wireless netwo,62679106.510000005,69780029.81777099,0.0,0.0,0.0006325295349067288,0.9993268288381778,7100923.307770982,11.329011696486262,3,random_forest,False,non_hydrocarbon_diversification,842__851712
2024,2024,USA,USA,842,851762,Communication apparatus (excluding telephone sets or base st,50708360.498,52017510.30134617,0.0,0.0,0.0011653840293270972,0.9975947272215496,1309149.8033461645,2.581723783788669,1,random_forest,False,non_hydrocarbon_diversification,842__851762
2025,2025,USA,USA,842,851762,Communication apparatus (excluding telephone sets or base st,50708360.498,52678396.38871766,0.0,0.0,0.0011653840293270972,0.9975947272215496,1970035.8907176554,3.8850317213378567,2,random_forest,False,non_hydrocarbon_diversification,842__851762
2026,2026,USA,USA,842,851762,Communication apparatus (excluding telephone sets or base st,50708360.498,52823292.93319774,0.0,0.0,0.0011653840293270972,0.9975947272215496,2114932.4351977333,4.1707766025705935,3,random_forest,False,non_hydrocarbon_diversification,842__851762
2024,2024,USA,USA,842,851770,Telephone sets and other apparatus for the transmission or r,3979458.243,2881312.8326544682,0.0,0.0,0.00044352889636002565,0.9914361436957605,-1098145.4103455315,-27.595349499575878,1,random_forest,False,non_hydrocarbon_diversification,842__851770
2025,2025,USA,USA,842,851770,Telephone sets and other apparatus for the transmission or r,3979458.243,2048906.7782625237,0.0,0.0,0.00044352889636002565,0.9914361436957605,-1930551.464737476,-48.51292178108366,2,random_forest,False,non_hydrocarbon_diversification,842__851770
2026,2026,USA,USA,842,851770,Telephone sets and other apparatus for the transmission or r,3979458.243,1630805.0386245535,0.0,0.0,0.00044352889636002565,0.9914361436957605,-2348653.2043754463,-59.019420759265564,3,random_forest,False,non_hydrocarbon_diversification,842__851770
2024,2024,USA,USA,842,852872,"Reception apparatus for television, whether or not incorpora",11941655.379999999,9896943.27871491,0.0,0.0,0.00451394308869337,0.986432294581057,-2044712.1012850888,-17.122518078269053,1,random_forest,False,non_hydrocarbon_diversification,842__852872
2025,2025,USA,USA,842,852872,"Reception apparatus for television, whether or not incorpora",11941655.379999999,9198356.497147564,0.0,0.0,0.00451394308869337,0.986432294581057,-2743298.882852435,-22.972517591212178,2,random_forest,False,non_hydrocarbon_diversification,842__852872
2026,2026,USA,USA,842,852872,"Reception apparatus for television, whether or not incorpora",11941655.379999999,8194498.654025734,0.0,0.0,0.00451394308869337,0.986432294581057,-3747156.7259742646,-31.378871745453647,3,random_forest,False,non_hydrocarbon_diversification,842__852872
2024,2024,USA,USA,842,852990,Reception and transmission apparatus: for use with the appar,2326908.122,2100490.4086577236,18.396,7.905769817928377e-06,0.006108660443749396,0.9873945732569614,-226417.7133422764,-9.730410547867622,1,random_forest,False,non_hydrocarbon_diversification,842__852990
2025,2025,USA,USA,842,852990,Reception and transmission apparatus: for use with the appar,2326908.122,1689388.3932445173,18.396,7.905769817928377e-06,0.006108660443749396,0.9873945732569614,-637519.7287554827,-27.39771814486291,2,random_forest,False,non_hydrocarbon_diversification,842__852990
2026,2026,USA,USA,842,852990,Reception and transmission apparatus: for use with the appar,2326908.122,1383848.1858318276,18.396,7.905769817928377e-06,0.006108660443749396,0.9873945732569614,-943059.9361681724,-40.52845607662426,3,random_forest,False,non_hydrocarbon_diversification,842__852990
2024,2024,USA,USA,842,853400,Circuits: printed,2567234.599,1954790.498943015,0.0,0.0,1.1002339092700973e-05,0.988356851932866,-612444.1000569849,-23.856179731121834,1,random_forest,False,non_hydrocarbon_diversification,842__853400
2025,2025,USA,USA,842,853400,Circuits: printed,2567234.599,1357821.15887651,0.0,0.0,1.1002339092700973e-05,0.988356851932866,-1209413.4401234898,-47.109580113737394,2,random_forest,False,non_hydrocarbon_diversification,842__853400
2026,2026,USA,USA,842,853400,Circuits: printed,2567234.599,1242382.1600399385,0.0,0.0,1.1002339092700973e-05,0.988356851932866,-1324852.4389600614,-51.60620846556539,3,random_forest,False,non_hydrocarbon_diversification,842__853400
2024,2024,USA,USA,842,853710,"Boards, panels, consoles, desks and other bases: for electri",18054560.874,21698071.602091305,0.0,0.0,0.0034796814384586484,0.9935531567827506,3643510.7280913033,20.180555780441313,1,random_forest,False,non_hydrocarbon_diversification,842__853710
2025,2025,USA,USA,842,853710,"Boards, panels, consoles, desks and other bases: for electri",18054560.874,23411597.000607487,0.0,0.0,0.0034796814384586484,0.9935531567827506,5357036.126607485,29.671373144954423,2,random_forest,False,non_hydrocarbon_diversification,842__853710
2026,2026,USA,USA,842,853710,"Boards, panels, consoles, desks and other bases: for electri",18054560.874,27863396.701170914,0.0,0.0,0.0034796814384586484,0.9935531567827506,9808835.827170912,54.32885294538741,3,random_forest,False,non_hydrocarbon_diversification,842__853710
2024,2024,USA,USA,842,854140,"Electrical apparatus: photosensitive, including photovoltaic",22234486.709,24304993.82454715,0.0,0.0,2.6114010762027728e-05,0.994707891193836,2070507.1155471504,9.31214263070466,1,random_forest,False,non_hydrocarbon_diversification,842__854140
2025,2025,USA,USA,842,854140,"Electrical apparatus: photosensitive, including photovoltaic",22234486.709,27166748.605998132,0.0,0.0,2.6114010762027728e-05,0.994707891193836,4932261.8969981335,22.18293573200262,2,random_forest,False,non_hydrocarbon_diversification,842__854140
2026,2026,USA,USA,842,854140,"Electrical apparatus: photosensitive, including photovoltaic",22234486.709,28999203.255513605,0.0,0.0,2.6114010762027728e-05,0.994707891193836,6764716.546513606,30.424433156693503,3,random_forest,False,non_hydrocarbon_diversification,842__854140
2024,2024,USA,USA,842,854231,"Electronic integrated circuits: processors and controllers, ",16421459.955,15071048.547288261,0.0,0.0,0.0014564602011438417,0.998941917367816,-1350411.4077117387,-8.223455231217526,1,random_forest,False,non_hydrocarbon_diversification,842__854231
2025,2025,USA,USA,842,854231,"Electronic integrated circuits: processors and controllers, ",16421459.955,13888916.15284739,0.0,0.0,0.0014564602011438417,0.998941917367816,-2532543.8021526095,-15.422159838970357,2,random_forest,False,non_hydrocarbon_diversification,842__854231
2026,2026,USA,USA,842,854231,"Electronic integrated circuits: processors and controllers, ",16421459.955,11679137.2351443,0.0,0.0,0.0014564602011438417,0.998941917367816,-4742322.7198557,-28.87881304616743,3,random_forest,False,non_hydrocarbon_diversification,842__854231
2024,2024,USA,USA,842,854232,Electronic integrated circuits: memories,1548443.007,1572019.5232329855,0.0,0.0,,0.9972098157511878,23576.516232985537,1.5225950278056013,1,random_forest,False,non_hydrocarbon_diversification,842__854232
2025,2025,USA,USA,842,854232,Electronic integrated circuits: memories,1548443.007,1559249.3267541276,0.0,0.0,,0.9972098157511878,10806.319754127646,0.6978829511500158,2,random_forest,False,non_hydrocarbon_diversification,842__854232
2026,2026,USA,USA,842,854232,Electronic integrated circuits: memories,1548443.007,1542524.8440466528,0.0,0.0,,0.9972098157511878,-5918.1629533472005,-0.38220088996450874,3,random_forest,False,non_hydrocarbon_diversification,842__854232
2024,2024,USA,USA,842,854239,Electronic integrated circuits: n.e.c. in heading no. 8542,12240436.79,12145536.11726127,0.0,0.0,0.00015457184563047468,0.9985570058974541,-94900.67273872904,-0.7753046265167557,1,random_forest,False,non_hydrocarbon_diversification,842__854239
2025,2025,USA,USA,842,854239,Electronic integrated circuits: n.e.c. in heading no. 8542,12240436.79,11368697.124168431,0.0,0.0,0.00015457184563047468,0.9985570058974541,-871739.6658315677,-7.121801948634284,2,random_forest,False,non_hydrocarbon_diversification,842__854239
2026,2026,USA,USA,842,854239,Electronic integrated circuits: n.e.c. in heading no. 8542,12240436.79,10627650.899654916,0.0,0.0,0.00015457184563047468,0.9985570058974541,-1612785.8903450835,-13.17588512578793,3,random_forest,False,non_hydrocarbon_diversification,842__854239
2024,2024,USA,USA,842,870322,Vehicles: spark-ignition internal combustion reciprocating p,25471228.305999998,29724818.702514894,0.0,0.0,6.24687399865046e-05,0.996632448545645,4253590.396514896,16.699588827889077,1,random_forest,False,non_hydrocarbon_diversification,842__870322
2025,2025,USA,USA,842,870322,Vehicles: spark-ignition internal combustion reciprocating p,25471228.305999998,33463453.485394195,0.0,0.0,6.24687399865046e-05,0.996632448545645,7992225.179394197,31.377462772423698,2,random_forest,False,non_hydrocarbon_diversification,842__870322
2026,2026,USA,USA,842,870322,Vehicles: spark-ignition internal combustion reciprocating p,25471228.305999998,40826403.18776012,0.0,0.0,6.24687399865046e-05,0.996632448545645,15355174.881760124,60.28439106779574,3,random_forest,False,non_hydrocarbon_diversification,842__870322
2024,2024,USA,USA,842,870323,Vehicles: spark-ignition internal combustion reciprocating p,95954736.52,106762271.50105481,0.0,0.0,0.0001679715272888296,0.9983645501622732,10807534.981054813,11.263159457274089,1,random_forest,False,non_hydrocarbon_diversification,842__870323
2025,2025,USA,USA,842,870323,Vehicles: spark-ignition internal combustion reciprocating p,95954736.52,107973262.79142341,0.0,0.0,0.0001679715272888296,0.9983645501622732,12018526.271423414,12.525203765129794,2,random_forest,False,non_hydrocarbon_diversification,842__870323
2026,2026,USA,USA,842,870323,Vehicles: spark-ignition internal combustion reciprocating p,95954736.52,107861905.91170497,0.0,0.0,0.0001679715272888296,0.9983645501622732,11907169.391704977,12.409152297784848,3,random_forest,False,non_hydrocarbon_diversification,842__870323
2024,2024,USA,USA,842,870324,Vehicles: spark-ignition internal combustion reciprocating p,37977992.21,41417722.02230762,0.0,0.0,1.9715719827969783e-05,0.9950928026641979,3439729.8123076186,9.057166037866272,1,random_forest,False,non_hydrocarbon_diversification,842__870324
2025,2025,USA,USA,842,870324,Vehicles: spark-ignition internal combustion reciprocating p,37977992.21,46096563.16669857,0.0,0.0,1.9715719827969783e-05,0.9950928026641979,8118570.956698567,21.377040976275893,2,random_forest,False,non_hydrocarbon_diversification,842__870324
2026,2026,USA,USA,842,870324,Vehicles: spark-ignition internal combustion reciprocating p,37977992.21,47350711.770873144,0.0,0.0,1.9715719827969783e-05,0.9950928026641979,9372719.560873143,24.679344576844713,3,random_forest,False,non_hydrocarbon_diversification,842__870324
2024,2024,USA,USA,842,870390,Vehicles: for transport of persons (other than those of head,45510738.456,45485138.77618111,0.0,0.0,,0.9987494616326351,-25599.67981889099,-0.05624975706259058,1,random_forest,False,non_hydrocarbon_diversification,842__870390
2025,2025,USA,USA,842,870390,Vehicles: for transport of persons (other than those of head,45510738.456,52737273.0689924,0.0,0.0,,0.9987494616326351,7226534.612992398,15.87874611170954,2,random_forest,False,non_hydrocarbon_diversification,842__870390
2026,2026,USA,USA,842,870390,Vehicles: for transport of persons (other than those of head,45510738.456,61845548.73935404,0.0,0.0,,0.9987494616326351,16334810.283354037,35.89221101992579,3,random_forest,False,non_hydrocarbon_diversification,842__870390
2024,2024,USA,USA,842,870421,Vehicles: compression-ignition internal combustion piston en,8435032.441,10421488.325833803,0.0,0.0,5.4398730230638e-05,0.9933607010475697,1986455.8848338034,23.55006810855019,1,random_forest,False,non_hydrocarbon_diversification,842__870421
2025,2025,USA,USA,842,870421,Vehicles: compression-ignition internal combustion piston en,8435032.441,11848442.079104904,0.0,0.0,5.4398730230638e-05,0.9933607010475697,3413409.6381049044,40.46705999034941,2,random_forest,False,non_hydrocarbon_diversification,842__870421
2026,2026,USA,USA,842,870421,Vehicles: compression-ignition internal combustion piston en,8435032.441,16071779.698616074,0.0,0.0,5.4398730230638e-05,0.9933607010475697,7636747.257616075,90.53607453240232,3,random_forest,False,non_hydrocarbon_diversification,842__870421
2024,2024,USA,USA,842,870829,"Vehicles: parts and accessories, of bodies, other than safet",20648160.68,22387810.66871495,0.0,0.0,0.002668926277810602,0.9939380682531124,1739649.988714952,8.42520559422028,1,random_forest,False,non_hydrocarbon_diversification,842__870829
2025,2025,USA,USA,842,870829,"Vehicles: parts and accessories, of bodies, other than safet",20648160.68,26294836.652048357,0.0,0.0,0.002668926277810602,0.9939380682531124,5646675.972048357,27.34711367060302,2,random_forest,False,non_hydrocarbon_diversification,842__870829
2026,2026,USA,USA,842,870829,"Vehicles: parts and accessories, of bodies, other than safet",20648160.68,27687938.779771287,0.0,0.0,0.002668926277810602,0.9939380682531124,7039778.099771287,34.09397189837873,3,random_forest,False,non_hydrocarbon_diversification,842__870829
2024,2024,USA,USA,842,870840,Vehicle parts: gear boxes and parts thereof,12109161.933,13399449.13567934,0.0,0.0,9.192471266073504e-06,0.9922059666364842,1290287.2026793398,10.655462449164522,1,random_forest,False,non_hydrocarbon_diversification,842__870840
2025,2025,USA,USA,842,870840,Vehicle parts: gear boxes and parts thereof,12109161.933,14042209.449331254,0.0,0.0,9.192471266073504e-06,0.9922059666364842,1933047.5163312536,15.963511983957327,2,random_forest,False,non_hydrocarbon_diversification,842__870840
2026,2026,USA,USA,842,870840,Vehicle parts: gear boxes and parts thereof,12109161.933,14547215.812747778,0.0,0.0,9.192471266073504e-06,0.9922059666364842,2438053.879747778,20.133960494025363,3,random_forest,False,non_hydrocarbon_diversification,842__870840
2024,2024,USA,USA,842,870899,Vehicle parts and accessories: n.e.c. in heading no. 8708,16972017.729,17775050.342262793,0.0,0.0,0.00021185249227684155,0.9954777141345597,803032.6132627949,4.7315093943759985,1,random_forest,False,non_hydrocarbon_diversification,842__870899
2025,2025,USA,USA,842,870899,Vehicle parts and accessories: n.e.c. in heading no. 8708,16972017.729,18743166.20364157,0.0,0.0,0.00021185249227684155,0.9954777141345597,1771148.4746415727,10.435697763944829,2,random_forest,False,non_hydrocarbon_diversification,842__870899
2026,2026,USA,USA,842,870899,Vehicle parts and accessories: n.e.c. in heading no. 8708,16972017.729,19476331.71076804,0.0,0.0,0.00021185249227684155,0.9954777141345597,2504313.981768042,14.755546581175988,3,random_forest,False,non_hydrocarbon_diversification,842__870899
2024,2024,USA,USA,842,880240,Aeroplanes and other aircraft: of an unladen weight exceedin,11014134.822,14742264.844082389,0.0,0.0,,0.9962475370752832,3728130.0220823884,33.848596211440025,1,random_forest,False,non_hydrocarbon_diversification,842__880240
2025,2025,USA,USA,842,880240,Aeroplanes and other aircraft: of an unladen weight exceedin,11014134.822,18060518.3293869,0.0,0.0,,0.9962475370752832,7046383.5073869005,63.97582398675762,2,random_forest,False,non_hydrocarbon_diversification,842__880240
2026,2026,USA,USA,842,880240,Aeroplanes and other aircraft: of an unladen weight exceedin,11014134.822,23636729.437401086,0.0,0.0,,0.9962475370752832,12622594.615401085,114.6035963731649,3,random_forest,False,non_hydrocarbon_diversification,842__880240
2024,2024,USA,USA,842,880330,Aircraft and spacecraft: parts of aeroplanes or helicopters ,12934336.788,15722542.338835848,0.0,0.0,0.009571838193574406,0.992590878106846,2788205.550835848,21.556617834651114,1,random_forest,False,non_hydrocarbon_diversification,842__880330
2025,2025,USA,USA,842,880330,Aircraft and spacecraft: parts of aeroplanes or helicopters ,12934336.788,18185383.524281684,0.0,0.0,0.009571838193574406,0.992590878106846,5251046.736281684,40.59772698321425,2,random_forest,False,non_hydrocarbon_diversification,842__880330
2026,2026,USA,USA,842,880330,Aircraft and spacecraft: parts of aeroplanes or helicopters ,12934336.788,23146334.080660854,0.0,0.0,0.009571838193574406,0.992590878106846,10211997.292660853,78.95261628052832,3,random_forest,False,non_hydrocarbon_diversification,842__880330
2024,2024,USA,USA,842,901380,"Optical devices, appliances and instruments: n.e.c. in headi",1301321.1,1033680.5997362714,0.0,0.0,,0.8755777911168537,-267640.50026372867,-20.566830143899814,1,random_forest,False,non_hydrocarbon_diversification,842__901380
2025,2025,USA,USA,842,901380,"Optical devices, appliances and instruments: n.e.c. in headi",1301321.1,577421.8047961853,0.0,0.0,,0.8755777911168537,-723899.2952038147,-55.62803025354886,2,random_forest,False,non_hydrocarbon_diversification,842__901380
2026,2026,USA,USA,842,901380,"Optical devices, appliances and instruments: n.e.c. in headi",1301321.1,510986.76099771436,0.0,0.0,,0.8755777911168537,-790334.3390022857,-60.733230176801534,3,random_forest,False,non_hydrocarbon_diversification,842__901380
2024,2024,USA,USA,842,901890,"Medical, surgical or dental instruments and appliances: n.e.",19320964.239,21783400.81473154,0.0,0.0,0.0022967341751617453,0.9923984223716651,2462436.5757315382,12.744894847230395,1,random_forest,False,non_hydrocarbon_diversification,842__901890
2025,2025,USA,USA,842,901890,"Medical, surgical or dental instruments and appliances: n.e.",19320964.239,22862270.607292112,0.0,0.0,0.0022967341751617453,0.9923984223716651,3541306.368292112,18.328828336340838,2,random_forest,False,non_hydrocarbon_diversification,842__901890
2026,2026,USA,USA,842,901890,"Medical, surgical or dental instruments and appliances: n.e.",19320964.239,25895176.793607015,0.0,0.0,0.0022967341751617453,0.9923984223716651,6574212.554607015,34.02631707861014,3,random_forest,False,non_hydrocarbon_diversification,842__901890
2024,2024,USA,USA,842,950300,"Tricycles, scooters, pedal cars and similar wheeled toys: do",16678915.44,15086775.78721259,0.0,0.0,0.0003212903647492182,0.9900889535494942,-1592139.6527874097,-9.545822439803734,1,random_forest,False,non_hydrocarbon_diversification,842__950300
2025,2025,USA,USA,842,950300,"Tricycles, scooters, pedal cars and similar wheeled toys: do",16678915.44,13693947.139584243,0.0,0.0,0.0003212903647492182,0.9900889535494942,-2984968.300415756,-17.896657076737096,2,random_forest,False,non_hydrocarbon_diversification,842__950300
2026,2026,USA,USA,842,950300,"Tricycles, scooters, pedal cars and similar wheeled toys: do",16678915.44,11728075.97588945,0.0,0.0,0.0003212903647492182,0.9900889535494942,-4950839.46411055,-29.68322180132445,3,random_forest,False,non_hydrocarbon_diversification,842__950300
